employee_id,salary,bonus,salary_band,last_hike_date
E100000,417763,45322,L1,2022-03-26
E100001,1114335,92842,L3,2019-05-21
E100002,819575,70960,L2,2021-04-25
E100003,485874,29469,L1,2024-09-07
E100004,825704,45542,L2,2021-12-02
E100005,851431,110027,L2,2023-07-02
E100006,660855,53466,L2,2022-01-17
E100007,1541591,167329,L4,2022-01-05
E100008,418481,38859,L1,2023-02-14
E100009,757662,97007,L2,2024-05-17
E100010,1192590,110531,L3,2024-05-15
E100011,1160686,70987,L3,2023-08-06
E100012,1060040,94821,L3,2021-04-20
E100013,1163414,116603,L3,2022-06-20
E100014,532901,57968,L1,2021-04-22
E100015,422000,29980,L1,2021-10-22
E100016,747356,104502,L2,2025-08-15
E100017,1102364,120500,L3,2022-07-24
E100018,1109204,129090,L3,2021-09-05
E100019,574279,46639,L1,2024-11-17
E100020,476531,56986,L1,2022-09-27
E100021,524971,58749,L1,2020-01-12
E100022,694503,56111,L2,2021-07-09
E100023,637439,69877,L2,2025-07-17
E100024,716079,63086,L2,2023-07-29
E100025,768411,94536,L2,2021-02-18
E100026,715565,81470,L2,2023-06-27
E100027,901095,102199,L3,2024-02-29
E100028,1537237,224170,L4,2024-04-23
E100029,1506029,171792,L4,2023-04-17
E100030,1330865,86298,L4,2026-04-28
E100031,1214015,135971,L4,2021-06-22
E100032,905850,53220,L3,2026-01-13
E100033,700865,101103,L2,2021-11-16
E100034,499219,52512,L1,2023-08-03
E100035,928965,106238,L3,2020-08-07
E100036,617133,88207,L2,2023-04-22
E100037,919399,99092,L3,2019-08-31
E100038,508631,44796,L1,2019-12-11
E100039,789138,100170,L2,2025-07-12
E100040,454148,23955,L1,2019-10-12
E100041,776322,108642,L2,2020-03-03
E100042,1322715,161129,L4,2024-04-13
E100043,727265,86759,L2,2022-03-04
E100044,625829,70097,L2,2018-12-15
E100045,871125,126635,L2,2024-03-04
E100046,761452,108984,L2,2024-04-11
E100047,870288,73659,L2,2021-04-08
E100048,1361068,133993,L4,2026-03-31
E100049,783818,72460,L2,2019-06-17
E100050,1002345,114352,L3,2024-07-05
E100051,1421131,105920,L4,2021-04-17
E100052,822835,112504,L2,2022-11-12
E100053,747105,41909,L2,2019-03-01
E100054,760682,70918,L2,2021-12-19
E100055,982005,113292,L3,2021-12-24
E100056,609132,73972,L2,2021-03-04
E100057,1434089,159489,L4,2026-01-20
E100058,663348,70269,L2,2020-08-25
E100059,1330188,170603,L4,2021-08-12
E100060,820632,80415,L2,2022-04-14
E100061,1015831,130843,L3,2025-05-29
E100062,746496,40220,L2,2024-08-03
E100063,552836,32147,L1,2024-04-24
E100064,1460507,148818,L4,2021-08-20
E100065,1407969,202325,L4,2020-08-22
E100066,1255351,149496,L4,2022-01-31
E100067,1095724,129782,L3,2020-03-15
E100068,406460,45438,L1,2023-02-10
E100069,1002205,67991,L3,2022-08-26
E100070,916213,126367,L3,2023-07-31
E100071,1190472,92166,L3,2026-12-21
E100072,991276,134837,L3,2025-03-25
E100073,511391,26047,L1,2019-01-13
E100074,1545849,175191,L4,2020-10-14
E100075,532973,46760,L1,2021-06-26
E100076,990636,57561,L3,2023-12-25
E100077,1438906,114350,L4,2019-01-10
E100078,818778,44227,L2,2024-03-01
E100079,754902,62316,L2,2023-03-19
E100080,542060,35973,L1,2021-05-21
E100081,1159199,109962,L3,2021-09-21
E100082,942607,93520,L3,2019-04-02
E100083,1013036,120630,L3,2025-08-08
E100084,460039,55771,L1,2024-02-21
E100085,559381,57955,L1,2021-02-17
E100086,501135,66187,L1,2024-12-04
E100087,687232,45077,L2,2024-11-11
E100088,836164,73420,L2,2022-09-23
E100089,1192007,98331,L3,2018-12-05
E100090,1397305,163417,L4,2023-04-18
E100091,944577,103611,L3,2023-03-15
E100092,406377,20501,L1,2026-02-27
E100093,587972,45092,L1,2024-06-21
E100094,1699749,208258,L5,2025-06-01
E100095,900605,118359,L3,2025-01-07
E100096,418441,44064,L1,2021-02-16
E100097,1036378,132509,L3,2023-09-23
E100098,498564,57975,L1,2018-05-23
E100099,420946,29228,L1,2026-07-31
E100100,951164,127959,L3,2021-09-18
E100101,543292,42365,L1,2022-11-24
E100102,438301,38595,L1,2021-07-18
E100103,687720,73954,L2,2024-05-28
E100104,1144703,134911,L3,2025-06-07
E100105,1215880,77013,L4,2025-09-06
E100106,908798,80407,L3,2024-10-24
E100107,598220,85022,L1,2022-02-08
E100108,1057268,119680,L3,2021-10-14
E100109,618672,53535,L2,2023-05-20
E100110,2066863,112924,L5,2023-03-31
E100111,815126,95794,L2,2019-07-22
E100112,570381,47240,L1,2023-05-15
E100113,546778,62258,L1,2026-01-10
E100114,717275,101323,L2,2024-04-08
E100115,1189137,171469,L3,2021-02-18
E100116,986760,57891,L3,2018-11-21
E100117,820587,50510,L2,2021-10-28
E100118,1084954,101054,L3,2023-01-19
E100119,902899,76688,L3,2022-09-17
E100120,775564,47678,L2,2019-12-25
E100121,493493,61446,L1,2020-11-11
E100122,1158096,137225,L3,2022-04-30
E100123,750857,57205,L2,2021-07-03
E100124,1157571,96136,L3,2020-03-26
E100125,993496,49925,L3,2024-01-18
E100126,715526,81015,L2,2023-12-18
E100127,550291,61474,L1,2024-04-16
E100128,610769,88148,L2,2023-01-12
E100129,405077,40017,L1,2022-10-13
E100130,958611,62378,L3,2020-01-13
E100131,467200,34368,L1,2018-10-01
E100132,1218406,170265,L4,2023-03-01
E100133,409379,34090,L1,2022-04-08
E100134,752310,54620,L2,2019-10-14
E100135,485211,60202,L1,2022-08-13
E100136,1377367,146258,L4,2025-01-07
E100137,921144,61443,L3,2020-04-09
E100138,1193220,118123,L3,2020-10-06
E100139,651293,72546,L2,2020-07-03
E100140,665501,41967,L2,2022-03-26
E100141,622701,85484,L2,2019-01-28
E100142,588253,50663,L1,2022-07-24
E100143,1335395,130489,L4,2022-01-11
E100144,1145973,62917,L3,2019-09-25
E100145,1050676,106005,L3,2024-08-15
E100146,867296,119488,L2,2025-08-19
E100147,833988,80486,L2,2022-07-23
E100148,578942,37331,L1,2022-03-15
E100149,723600,107589,L2,2018-12-31
E100150,477967,50792,L1,2022-06-19
E100151,502834,51817,L1,2020-04-26
E100152,498083,66466,L1,2021-08-26
E100153,644102,82492,L2,2023-03-13
E100154,416944,32727,L1,2023-10-04
E100155,876947,124879,L2,2022-01-06
E100156,634229,65896,L2,2022-12-10
E100157,906825,103313,L3,2020-09-13
E100158,843495,53703,L2,2020-10-17
E100159,1596026,173899,L4,2019-11-10
E100160,590294,41584,L1,2022-05-22
E100161,893732,100045,L2,2020-02-08
E100162,520155,39581,L1,2025-06-04
E100163,1337006,145067,L4,2025-06-09
E100164,1103862,70761,L3,2024-01-26
E100165,1377558,117111,L4,2024-08-25
E100166,1041735,71199,L3,2019-09-01
E100167,504722,39112,L1,2020-07-05
E100168,917396,98216,L3,2021-07-24
E100169,1098231,88523,L3,2023-09-29
E100170,1925290,218302,L5,2025-03-31
E100171,718035,90131,L2,2021-03-25
E100172,915218,97546,L3,2024-08-23
E100173,959129,81405,L3,2023-01-12
E100174,508090,26850,L1,2021-11-29
E100175,1347793,152603,L4,2025-06-13
E100176,919814,55935,L3,2020-04-20
E100177,1148025,108125,L3,2025-09-22
E100178,1850829,223659,L5,2018-11-14
E100179,794762,57479,L2,2020-12-18
E100180,747881,52558,L2,2024-04-24
E100181,405064,24474,L1,2025-01-11
E100182,1030291,71620,L3,2020-03-18
E100183,462855,34538,L1,2024-02-25
E100184,519126,30499,L1,2020-08-03
E100185,810893,69762,L2,2023-06-03
E100186,1242273,164127,L4,2025-12-27
E100187,2099459,186843,L5,2021-06-20
E100188,1169101,101898,L3,2024-12-29
E100189,792928,115724,L2,2023-01-28
E100190,451166,23510,L1,2025-02-10
E100191,1189635,89795,L3,2023-08-28
E100192,1089234,151916,L3,2024-08-08
E100193,669794,76358,L2,2019-02-26
E100194,840795,120141,L2,2021-11-30
E100195,554867,68996,L1,2021-04-19
E100196,659868,73240,L2,2019-10-10
E100197,801431,77427,L2,2025-01-22
E100198,803523,103842,L2,2020-11-11
E100199,964135,102331,L3,2020-06-03
E100200,870842,84735,L2,2026-12-18
E100201,821633,64919,L2,2021-09-05
E100202,1232006,88281,L4,2021-10-15
E100203,563179,62301,L1,2023-06-10
E100204,864551,123967,L2,2024-08-29
E100205,765196,98689,L2,2025-04-05
E100206,1553191,176696,L4,2022-09-27
E100207,548965,31431,L1,2020-03-26
E100208,1111698,84290,L3,2021-03-11
E100209,471064,32454,L1,2022-10-07
E100210,580787,50457,L1,2021-02-11
E100211,910568,119956,L3,2020-01-17
E100212,865088,126772,L2,2021-03-17
E100213,863297,125758,L2,2022-08-18
E100214,458643,52763,L1,2025-05-25
E100215,1851515,256005,L5,2019-08-03
E100216,911086,76634,L3,2021-11-18
E100217,2134252,254078,L5,2026-02-24
E100218,996846,142174,L3,2023-09-04
E100219,979626,57551,L3,2019-12-29
E100220,634754,83727,L2,2020-11-15
E100221,531572,29653,L1,2019-08-16
E100222,1439194,103745,L4,2022-06-19
E100223,965297,58456,L3,2025-09-27
E100224,784705,89301,L2,2019-10-12
E100225,657037,69890,L2,2023-04-04
E100226,1101739,136322,L3,2019-05-21
E100227,722916,106326,L2,2021-08-12
E100228,1026688,85541,L3,2026-02-07
E100229,532490,76782,L1,2024-03-09
E100230,1279119,75922,L4,2024-08-03
E100231,764211,54334,L2,2024-06-20
E100232,819346,117598,L2,2019-11-10
E100233,665170,76166,L2,2022-05-19
E100234,646352,59393,L2,2023-11-01
E100235,984555,68086,L3,2020-06-17
E100236,529450,42717,L1,2022-06-04
E100237,718428,55689,L2,2021-06-12
E100238,750340,109060,L2,2021-03-30
E100239,815403,79722,L2,2026-03-11
E100240,540818,27465,L1,2019-10-02
E100241,630408,55519,L2,2021-05-03
E100242,717535,39785,L2,2023-12-15
E100243,549353,64835,L1,2021-04-04
E100244,1179730,111000,L3,2022-11-19
E100245,462063,62119,L1,2022-06-21
E100246,475047,66911,L1,2019-11-08
E100247,509783,54223,L1,2024-08-31
E100248,968094,130164,L3,2020-02-12
E100249,1551268,156684,L4,2024-03-01
E100250,588672,41495,L1,2025-04-30
E100251,509782,65143,L1,2022-02-11
E100252,1095907,86415,L3,2024-12-27
E100253,1596121,189447,L4,2022-04-29
E100254,1100010,117004,L3,2024-08-24
E100255,1175776,155566,L3,2025-06-30
E100256,1326503,92385,L4,2021-10-24
E100257,451421,25392,L1,2021-12-27
E100258,636376,91116,L2,2023-04-14
E100259,885398,78749,L2,2024-07-19
E100260,1438023,78209,L4,2019-09-22
E100261,892657,94431,L2,2021-12-18
E100262,938508,68863,L3,2019-06-04
E100263,623799,75647,L2,2022-06-17
E100264,683138,46296,L2,2024-10-21
E100265,824865,54355,L2,2024-11-30
E100266,816166,99980,L2,2024-01-05
E100267,804177,62829,L2,2021-07-18
E100268,431063,55981,L1,2022-09-22
E100269,674272,70468,L2,2023-10-31
E100270,1015849,109448,L3,2019-03-31
E100271,616804,31553,L2,2026-03-17
E100272,1359838,187139,L4,2024-04-09
E100273,1080131,59782,L3,2021-11-20
E100274,1086653,74570,L3,2024-07-14
E100275,435258,44067,L1,2019-10-27
E100276,849498,72249,L2,2026-04-14
E100277,1304301,179953,L4,2025-03-28
E100278,1431364,102236,L4,2021-09-05
E100279,1057126,79437,L3,2022-07-07
E100280,1678192,121751,L5,2021-10-14
E100281,415384,56503,L1,2024-10-31
E100282,569693,30082,L1,2025-10-03
E100283,1059074,69632,L3,2022-10-25
E100284,923807,124588,L3,2019-04-19
E100285,956801,100369,L3,2018-05-13
E100286,951719,63667,L3,2024-10-12
E100287,747071,88412,L2,2023-07-20
E100288,724396,66634,L2,2023-11-30
E100289,907035,134359,L3,2020-02-19
E100290,1523835,100726,L4,2022-12-05
E100291,1815193,229296,L5,2025-07-18
E100292,1064523,105200,L3,2021-06-11
E100293,1025099,90279,L3,2020-06-02
E100294,1094625,129992,L3,2021-08-03
E100295,1005136,113460,L3,2022-01-11
E100296,939242,61037,L3,2026-04-28
E100297,1103018,140042,L3,2020-04-25
E100298,990662,109547,L3,2020-04-10
E100299,532306,68875,L1,2025-03-31
E100300,528432,74161,L1,2020-01-14
E100301,1109051,106231,L3,2023-11-13
E100302,629443,59957,L2,2022-08-19
E100303,464237,35641,L1,2026-10-09
E100304,608357,84738,L2,2023-04-06
E100305,1453976,144038,L4,2024-12-13
E100306,510825,56958,L1,2024-01-15
E100307,1594883,83676,L4,2020-08-11
E100308,412900,29908,L1,2022-05-19
E100309,1169544,155952,L3,2023-01-01
E100310,570490,44405,L1,2023-08-18
E100311,1005622,136562,L3,2021-09-23
E100312,781197,101976,L2,2022-07-02
E100313,638765,79238,L2,2021-01-18
E100314,860561,68231,L2,2019-10-15
E100315,880468,127032,L2,2019-09-03
E100316,920275,98550,L3,2020-07-17
E100317,403663,51882,L1,2025-02-07
E100318,1064801,61866,L3,2024-06-21
E100319,1569492,159498,L4,2019-12-10
E100320,514407,70861,L1,2023-03-07
E100321,1354114,140785,L4,2025-08-14
E100322,973143,76518,L3,2023-09-13
E100323,944362,72611,L3,2023-07-17
E100324,1004438,88353,L3,2025-06-14
E100325,1473264,83253,L4,2020-11-02
E100326,630979,33367,L2,2025-09-05
E100327,829181,111137,L2,2019-06-06
E100328,995139,64316,L3,2023-12-22
E100329,643654,95447,L2,2024-12-07
E100330,1451074,187917,L4,2026-05-31
E100331,2108730,307255,L5,2021-04-03
E100332,775048,65091,L2,2020-08-25
E100333,671422,49904,L2,2019-11-21
E100334,1027931,64361,L3,2025-03-12
E100335,1007668,111191,L3,2020-09-26
E100336,454553,38194,L1,2025-01-12
E100337,812055,76176,L2,2021-09-22
E100338,536631,77163,L1,2019-05-28
E100339,999449,58569,L3,2022-06-17
E100340,991078,109702,L3,2021-10-20
E100341,1381243,170746,L4,2020-06-19
E100342,878591,115076,L2,2020-02-24
E100343,1157643,125475,L3,2019-04-29
E100344,916778,60784,L3,2025-07-09
E100345,1037513,62585,L3,2025-11-30
E100346,1607747,108840,L5,2019-12-10
E100347,911149,68389,L3,2022-05-08
E100348,622224,75807,L2,2023-09-20
E100349,1279891,80396,L4,2022-09-26
E100350,1296305,190062,L4,2023-12-14
E100351,817577,105223,L2,2023-07-02
E100352,572620,73568,L1,2024-09-30
E100353,583662,32100,L1,2024-09-06
E100354,493217,48210,L1,2025-01-23
E100355,1000054,115248,L3,2018-04-26
E100356,675242,51679,L2,2021-12-30
E100357,883595,112918,L2,2023-03-15
E100358,883160,132031,L2,2020-12-19
E100359,770888,93784,L2,2020-10-06
E100360,777088,107635,L2,2020-09-22
E100361,771885,38792,L2,2023-07-09
E100362,914069,104176,L3,2024-12-15
E100363,859470,74640,L2,2020-11-30
E100364,698486,93867,L2,2025-02-19
E100365,987731,114443,L3,2024-08-24
E100366,1527510,132314,L4,2019-06-09
E100367,1061682,75239,L3,2026-02-14
E100368,937446,92959,L3,2022-08-07
E100369,601699,76404,L2,2026-02-01
E100370,2175525,146583,L5,2024-03-04
E100371,513032,49749,L1,2022-11-16
E100372,907898,112325,L3,2025-01-13
E100373,785616,117220,L2,2025-09-20
E100374,530086,43200,L1,2024-08-18
E100375,576336,84300,L1,2024-12-17
E100376,1145095,149440,L3,2023-01-14
E100377,585597,35592,L1,2026-04-03
E100378,910727,60884,L3,2022-03-14
E100379,1916837,216893,L5,2024-04-01
E100380,728558,92611,L2,2020-08-25
E100381,412862,34424,L1,2022-09-22
E100382,500964,47649,L1,2019-06-08
E100383,1402270,77438,L4,2019-04-08
E100384,446873,58132,L1,2022-07-15
E100385,1209465,128470,L4,2024-09-19
E100386,764537,57799,L2,2026-01-28
E100387,460421,48323,L1,2020-05-02
E100388,1071529,155449,L3,2022-08-20
E100389,676876,87042,L2,2026-07-19
E100390,505558,43646,L1,2021-02-21
E100391,1158125,141245,L3,2021-03-10
E100392,893413,115823,L2,2024-02-02
E100393,525665,40948,L1,2020-12-16
E100394,434627,55787,L1,2020-06-16
E100395,585284,65428,L1,2025-06-11
E100396,918784,62743,L3,2023-01-12
E100397,1327328,110788,L4,2020-11-10
E100398,746365,100066,L2,2025-10-29
E100399,1192390,169957,L3,2020-01-12
E100400,476473,63063,L1,2019-07-21
E100401,475957,45695,L1,2020-06-07
E100402,964336,86386,L3,2020-10-17
E100403,918618,136899,L3,2021-05-18
E100404,745065,70537,L2,2020-07-26
E100405,858286,85101,L2,2023-04-24
E100406,929377,53069,L3,2021-08-14
E100407,523626,44424,L1,2020-02-15
E100408,1104520,111137,L3,2025-01-17
E100409,995695,114534,L3,2024-04-11
E100410,2116271,292590,L5,2022-10-31
E100411,1093170,115883,L3,2024-09-18
E100412,769095,81814,L2,2021-03-13
E100413,600911,35918,L2,2018-03-21
E100414,1105135,134269,L3,2022-02-15
E100415,1133708,142098,L3,2023-02-02
E100416,509154,67647,L1,2020-03-28
E100417,1522744,119532,L4,2019-12-21
E100418,1044322,151576,L3,2024-10-16
E100419,909571,129888,L3,2024-11-05
E100420,1209850,75676,L4,2023-12-23
E100421,1298357,191831,L4,2020-06-19
E100422,465464,30761,L1,2024-08-09
E100423,811657,89507,L2,2024-05-18
E100424,1457390,130388,L4,2024-11-17
E100425,549674,54385,L1,2022-05-23
E100426,734795,50847,L2,2019-05-14
E100427,863352,66051,L2,2021-07-05
E100428,967203,99375,L3,2023-03-21
E100429,1011212,76958,L3,2025-06-29
E100430,656858,80117,L2,2021-02-15
E100431,498669,32058,L1,2023-10-11
E100432,833018,88310,L2,2021-11-18
E100433,548057,57741,L1,2019-02-01
E100434,592858,69015,L1,2021-05-30
E100435,1115100,128178,L3,2023-06-16
E100436,831457,42392,L2,2020-02-10
E100437,602075,59639,L2,2021-04-23
E100438,1357470,183724,L4,2023-11-25
E100439,1940510,110475,L5,2018-06-05
E100440,821865,44035,L2,2019-03-18
E100441,580587,70274,L1,2020-09-25
E100442,1880998,144791,L5,2025-11-04
E100443,1111437,76995,L3,2023-02-22
E100444,695543,91902,L2,2020-10-07
E100445,645181,39076,L2,2024-10-19
E100446,1332876,99221,L4,2024-10-16
E100447,1080247,64123,L3,2019-12-17
E100448,461954,24401,L1,2023-04-21
E100449,931658,121325,L3,2026-06-12
E100450,1179149,137011,L3,2020-04-16
E100451,1129266,149330,L3,2021-02-12
E100452,633974,37806,L2,2024-06-13
E100453,710253,96702,L2,2025-01-04
E100454,426057,36801,L1,2021-11-17
E100455,1552034,79191,L4,2024-10-08
E100456,1347818,162597,L4,2022-10-28
E100457,509861,29223,L1,2026-07-08
E100458,717439,105906,L2,2024-03-23
E100459,1137430,100477,L3,2020-05-18
E100460,1175894,158981,L3,2024-02-11
E100461,759624,90477,L2,2020-02-20
E100462,457858,63854,L1,2020-04-27
E100463,400343,58575,L1,2020-10-16
E100464,806952,118094,L2,2024-04-10
E100465,605783,66859,L2,2021-12-06
E100466,808022,90867,L2,2022-03-30
E100467,1487347,169698,L4,2024-04-27
E100468,477089,59208,L1,2021-08-26
E100469,683082,86217,L2,2025-04-09
E100470,1114997,79668,L3,2023-05-05
E100471,535381,73619,L1,2018-08-30
E100472,403871,49849,L1,2024-12-27
E100473,2199819,291497,L5,2026-12-18
E100474,691294,57305,L2,2025-02-03
E100475,524372,29160,L1,2020-11-15
E100476,866678,107557,L2,2021-10-22
E100477,562938,62869,L1,2018-09-04
E100478,1485096,168760,L4,2024-04-13
E100479,1268402,64013,L4,2022-05-01
E100480,716805,77763,L2,2022-01-23
E100481,478738,44407,L1,2019-10-30
E100482,750015,67874,L2,2020-11-27
E100483,1482669,189463,L4,2022-10-10
E100484,624255,70508,L2,2022-08-27
E100485,1255982,108100,L4,2018-11-22
E100486,1246716,94627,L4,2025-03-14
E100487,601591,76928,L2,2024-07-06
E100488,656713,40725,L2,2024-10-11
E100489,1718198,102008,L5,2022-08-11
E100490,697101,75924,L2,2019-10-21
E100491,1901601,242525,L5,2020-09-03
E100492,1564305,224247,L4,2025-07-21
E100493,507821,26364,L1,2023-01-10
E100494,886031,109748,L2,2024-05-05
E100495,898013,110310,L2,2019-06-19
E100496,471220,38489,L1,2023-02-09
E100497,827601,59490,L2,2022-07-21
E100498,474240,66041,L1,2021-06-15
E100499,853369,115459,L2,2019-08-13
E100500,420392,42481,L1,2022-02-01
E100501,1446413,83833,L4,2024-04-13
E100502,1650812,154461,L5,2021-10-19
E100503,1931778,177741,L5,2020-10-23
E100504,1391965,72822,L4,2019-06-10
E100505,557066,55245,L1,2022-10-22
E100506,414945,27202,L1,2020-01-25
E100507,421275,47375,L1,2025-07-02
E100508,1879837,199853,L5,2019-12-26
E100509,418578,56797,L1,2021-01-31
E100510,777500,52357,L2,2021-11-07
E100511,1913777,276336,L5,2021-07-20
E100512,498813,45419,L1,2020-07-10
E100513,1757110,251609,L5,2023-05-30
E100514,837382,110202,L2,2021-10-24
E100515,1159526,119844,L3,2019-11-01
E100516,1061244,66613,L3,2021-10-15
E100517,711963,92441,L2,2020-01-08
E100518,969498,63850,L3,2019-06-02
E100519,1103491,161379,L3,2020-06-13
E100520,526229,33136,L1,2022-07-28
E100521,1169121,69778,L3,2022-01-30
E100522,612935,51188,L2,2024-08-02
E100523,1016803,66214,L3,2021-07-27
E100524,499133,54327,L1,2022-04-04
E100525,926758,92604,L3,2020-09-24
E100526,966322,129654,L3,2019-11-28
E100527,961610,78777,L3,2025-02-02
E100528,651220,46157,L2,2026-10-21
E100529,798418,93632,L2,2020-12-29
E100530,1074862,91441,L3,2024-06-23
E100531,437645,43764,L1,2022-01-28
E100532,1399260,161928,L4,2026-03-26
E100533,589782,56169,L1,2022-02-17
E100534,497251,55312,L1,2021-01-28
E100535,838435,110918,L2,2024-07-11
E100536,634024,51918,L2,2025-04-14
E100537,1227961,110529,L4,2023-12-01
E100538,706420,60311,L2,2018-10-26
E100539,502146,62627,L1,2021-11-07
E100540,1032120,88463,L3,2024-11-29
E100541,979619,103050,L3,2019-09-01
E100542,1395556,131079,L4,2020-05-10
E100543,1306420,100210,L4,2021-06-28
E100544,2088088,307432,L5,2024-06-15
E100545,802540,86554,L2,2021-02-16
E100546,532983,57451,L1,2020-10-30
E100547,782394,52347,L2,2023-08-31
E100548,1105061,69383,L3,2025-09-02
E100549,562818,32838,L1,2019-06-05
E100550,472158,46748,L1,2023-09-22
E100551,912487,122754,L3,2018-10-17
E100552,824108,85141,L2,2021-11-12
E100553,588826,64879,L1,2022-01-17
E100554,703183,90320,L2,2024-10-06
E100555,429812,25047,L1,2018-11-30
E100556,787837,57473,L2,2025-08-27
E100557,659681,83918,L2,2026-07-24
E100558,448366,34392,L1,2019-06-11
E100559,574357,29877,L1,2022-08-30
E100560,455090,26983,L1,2023-07-25
E100561,531319,72311,L1,2020-08-30
E100562,502384,26384,L1,2023-01-30
E100563,1181497,110519,L3,2019-07-18
E100564,606320,76519,L2,2019-11-01
E100565,745770,65990,L2,2024-03-03
E100566,989627,105634,L3,2024-07-22
E100567,597612,82883,L1,2019-12-17
E100568,579611,42933,L1,2025-06-20
E100569,1143136,128310,L3,2018-08-25
E100570,771824,102120,L2,2019-11-19
E100571,655817,75622,L2,2020-01-30
E100572,408458,53072,L1,2023-10-07
E100573,697944,69663,L2,2020-09-21
E100574,551876,62993,L1,2019-06-23
E100575,1118858,133512,L3,2021-05-11
E100576,765654,107446,L2,2020-07-12
E100577,866380,53693,L2,2019-10-13
E100578,791205,90220,L2,2022-01-20
E100579,765048,110237,L2,2023-08-12
E100580,901906,50803,L3,2024-04-13
E100581,831515,57401,L2,2021-08-21
E100582,1471990,205779,L4,2025-01-21
E100583,853188,56170,L2,2025-07-21
E100584,440293,42642,L1,2025-10-28
E100585,1738290,122551,L5,2025-07-12
E100586,1004793,84837,L3,2022-01-31
E100587,1135498,82851,L3,2023-04-18
E100588,875221,95384,L2,2020-08-22
E100589,611782,65684,L2,2025-05-29
E100590,1491596,79709,L4,2024-03-10
E100591,1069319,115652,L3,2021-12-12
E100592,1556277,100187,L4,2022-03-22
E100593,499743,39893,L1,2021-03-29
E100594,1109231,77153,L3,2021-08-12
E100595,1650687,193939,L5,2024-04-06
E100596,524724,60286,L1,2022-03-26
E100597,832959,83260,L2,2023-12-07
E100598,868759,65976,L2,2022-06-24
E100599,474567,48644,L1,2021-07-23
E100600,1854336,141581,L5,2022-05-19
E100601,1168695,101516,L3,2023-01-01
E100602,1159107,172481,L3,2024-03-19
E100603,553113,48319,L1,2023-10-01
E100604,409472,30602,L1,2019-03-13
E100605,866003,97921,L2,2019-08-19
E100606,791484,95151,L2,2024-04-04
E100607,639066,80157,L2,2025-06-16
E100608,886706,105848,L2,2022-02-17
E100609,837859,123669,L2,2020-06-15
E100610,478936,68800,L1,2018-10-03
E100611,491282,37593,L1,2024-09-19
E100612,483055,58699,L1,2023-05-09
E100613,1185722,150160,L3,2020-03-11
E100614,771935,101430,L2,2024-06-24
E100615,1117617,60759,L3,2025-06-16
E100616,805029,116380,L2,2021-07-15
E100617,745103,60925,L2,2019-06-27
E100618,1345702,158023,L4,2022-10-24
E100619,1142751,130642,L3,2025-07-23
E100620,615606,84644,L2,2019-12-21
E100621,725242,55017,L2,2024-10-19
E100622,472333,66481,L1,2024-07-21
E100623,1562634,205651,L4,2023-05-25
E100624,1169277,108819,L3,2025-02-06
E100625,482583,37832,L1,2021-09-09
E100626,574168,46773,L1,2026-01-19
E100627,450342,63362,L1,2024-03-30
E100628,929739,74933,L3,2022-04-24
E100629,1032839,69732,L3,2026-01-02
E100630,713248,100011,L2,2019-10-04
E100631,1274256,133276,L4,2022-09-07
E100632,983564,130681,L3,2024-05-05
E100633,654702,82275,L2,2020-12-27
E100634,873359,82040,L2,2023-05-15
E100635,519562,74488,L1,2020-10-19
E100636,474406,42276,L1,2021-11-20
E100637,697240,74369,L2,2021-12-26
E100638,446047,37607,L1,2021-07-30
E100639,1120869,114878,L3,2025-02-14
E100640,1321129,118155,L4,2020-05-21
E100641,929201,124863,L3,2024-08-05
E100642,1146528,90823,L3,2024-09-16
E100643,1013773,95191,L3,2021-01-12
E100644,955913,134596,L3,2024-07-18
E100645,997183,69367,L3,2018-10-25
E100646,1194624,159614,L3,2023-08-12
E100647,466330,23735,L1,2019-10-28
E100648,525031,71784,L1,2024-09-19
E100649,1103743,93280,L3,2022-03-16
E100650,1055387,119204,L3,2024-12-04
E100651,783705,101576,L2,2022-11-07
E100652,1043148,96041,L3,2026-03-17
E100653,563002,49832,L1,2021-06-19
E100654,775518,91238,L2,2023-06-15
E100655,1621946,239668,L5,2023-08-13
E100656,888386,127436,L2,2021-06-13
E100657,1692828,212372,L5,2024-02-13
E100658,1491473,187744,L4,2024-03-17
E100659,986681,146215,L3,2024-05-07
E100660,401464,30679,L1,2021-05-22
E100661,2016107,112269,L5,2024-02-09
E100662,765439,94234,L2,2025-08-17
E100663,1227288,75337,L4,2020-02-05
E100664,686977,59916,L2,2025-08-08
E100665,536422,50381,L1,2026-06-26
E100666,568588,34372,L1,2020-06-22
E100667,1156306,99471,L3,2019-07-30
E100668,1045262,64745,L3,2020-05-31
E100669,776911,89274,L2,2020-04-20
E100670,555308,63488,L1,2019-06-20
E100671,993577,84767,L3,2021-05-11
E100672,1191580,176810,L3,2022-07-09
E100673,662891,81616,L2,2019-12-13
E100674,877821,63771,L2,2025-02-07
E100675,582174,53219,L1,2025-11-09
E100676,880595,104914,L2,2019-03-01
E100677,774146,46780,L2,2018-10-05
E100678,1746384,143973,L5,2026-06-09
E100679,1047131,98303,L3,2021-05-14
E100680,667849,79010,L2,2020-11-02
E100681,1074336,131228,L3,2020-05-15
E100682,478860,53263,L1,2021-11-21
E100683,789655,61154,L2,2022-02-15
E100684,657115,92437,L2,2023-01-03
E100685,412409,29020,L1,2022-05-07
E100686,875696,59696,L2,2018-08-10
E100687,570835,46456,L1,2024-03-05
E100688,2028240,280935,L5,2022-02-20
E100689,990231,81761,L3,2022-08-18
E100690,855844,73079,L2,2020-03-17
E100691,572791,36479,L1,2024-11-12
E100692,1544625,101549,L4,2020-02-22
E100693,556640,62016,L1,2020-09-24
E100694,797284,97836,L2,2024-06-09
E100695,1230207,136645,L4,2021-11-07
E100696,998471,149372,L3,2020-10-09
E100697,1180058,108088,L3,2022-10-01
E100698,682298,93170,L2,2020-08-01
E100699,944453,49879,L3,2024-05-31
E100700,498977,27998,L1,2023-01-02
E100701,586089,60144,L1,2019-05-15
E100702,1345044,197285,L4,2022-07-29
E100703,631541,58656,L2,2024-01-29
E100704,703410,51831,L2,2024-05-18
E100705,472269,51606,L1,2021-06-02
E100706,1097632,91734,L3,2020-08-08
E100707,515333,29670,L1,2020-09-01
E100708,586062,49056,L1,2021-07-19
E100709,893780,111295,L2,2024-10-21
E100710,1193494,122715,L3,2023-07-25
E100711,957110,143010,L3,2024-05-14
E100712,1051310,101132,L3,2018-08-23
E100713,467910,40247,L1,2019-06-18
E100714,1081607,133801,L3,2020-05-08
E100715,733342,57969,L2,2026-07-22
E100716,650684,94337,L2,2019-07-09
E100717,1454826,158239,L4,2026-01-28
E100718,839685,79584,L2,2024-03-10
E100719,1397341,203296,L4,2026-03-10
E100720,1195881,131376,L3,2021-10-31
E100721,497078,51744,L1,2024-10-23
E100722,1097642,72218,L3,2025-07-26
E100723,729383,83992,L2,2024-07-12
E100724,964577,61040,L3,2024-04-08
E100725,411467,26895,L1,2020-10-09
E100726,520935,40093,L1,2021-11-28
E100727,414048,27364,L1,2024-11-26
E100728,882489,50822,L2,2025-02-01
E100729,1440006,185728,L4,2023-09-28
E100730,697964,86023,L2,2021-01-30
E100731,1383736,113171,L4,2020-06-19
E100732,901140,93420,L3,2020-03-30
E100733,1095058,108022,L3,2022-08-09
E100734,619999,43255,L2,2019-01-23
E100735,513919,71366,L1,2020-03-23
E100736,790833,49554,L2,2018-10-14
E100737,443412,49232,L1,2023-01-06
E100738,909305,128658,L3,2019-09-28
E100739,806328,101771,L2,2025-02-27
E100740,1592423,228440,L4,2025-05-02
E100741,622468,31342,L2,2022-06-08
E100742,1141884,104535,L3,2025-01-05
E100743,904725,49662,L3,2020-08-24
E100744,1584615,108064,L4,2020-07-29
E100745,1146788,118839,L3,2023-12-15
E100746,1158074,133850,L3,2024-08-18
E100747,882720,68008,L2,2023-07-30
E100748,590314,42319,L1,2022-02-20
E100749,420637,24031,L1,2026-08-02
E100750,880924,117922,L2,2024-01-15
E100751,679171,87690,L2,2026-02-10
E100752,881076,99417,L2,2021-10-21
E100753,429617,63915,L1,2022-04-11
E100754,826468,116578,L2,2022-10-29
E100755,1063142,98865,L3,2020-10-02
E100756,1198430,174863,L3,2024-12-08
E100757,1224361,172099,L4,2021-08-09
E100758,670143,35916,L2,2024-05-24
E100759,1199994,112646,L3,2019-07-06
E100760,1481316,116404,L4,2019-05-14
E100761,703848,105087,L2,2018-11-03
E100762,911377,78691,L3,2024-01-27
E100763,696270,84502,L2,2021-01-16
E100764,663021,75256,L2,2020-06-23
E100765,679778,80459,L2,2019-10-09
E100766,659480,67500,L2,2021-04-16
E100767,787490,86243,L2,2022-09-25
E100768,1129909,61066,L3,2023-06-26
E100769,1521489,207527,L4,2025-02-24
E100770,601724,61957,L2,2025-06-20
E100771,1023052,127234,L3,2022-01-20
E100772,972191,67410,L3,2020-11-28
E100773,1189140,106189,L3,2027-01-01
E100774,904330,128768,L3,2020-02-15
E100775,895367,107994,L2,2023-10-21
E100776,753180,58051,L2,2021-10-06
E100777,553570,38382,L1,2021-09-17
E100778,540863,78562,L1,2021-06-03
E100779,1526780,111181,L4,2022-01-01
E100780,707624,48023,L2,2024-11-11
E100781,461778,53160,L1,2023-12-27
E100782,973952,125544,L3,2024-10-22
E100783,949046,110899,L3,2022-06-03
E100784,877567,58121,L2,2019-12-04
E100785,1804597,210894,L5,2023-08-31
E100786,749099,69596,L2,2022-11-13
E100787,774062,89814,L2,2022-11-15
E100788,612785,31828,L2,2019-01-24
E100789,1000585,119935,L3,2022-02-09
E100790,687020,41900,L2,2023-09-30
E100791,821334,101599,L2,2024-02-17
E100792,1194070,113913,L3,2023-11-30
E100793,720962,107013,L2,2021-02-20
E100794,435319,30710,L1,2026-02-02
E100795,482931,33200,L1,2023-12-09
E100796,851674,91243,L2,2019-03-09
E100797,735025,46617,L2,2019-12-23
E100798,573493,84491,L1,2025-02-01
E100799,1128466,103070,L3,2022-08-24
E100800,676963,43428,L2,2020-12-31
E100801,850185,68540,L2,2020-09-09
E100802,1046604,60050,L3,2020-04-30
E100803,464480,34616,L1,2022-11-28
E100804,1175873,95576,L3,2019-04-16
E100805,570395,42067,L1,2023-03-16
E100806,1506880,206648,L4,2022-12-28
E100807,757949,104785,L2,2023-02-25
E100808,645227,69435,L2,2022-09-12
E100809,576734,76129,L1,2025-07-27
E100810,2057435,247056,L5,2021-10-22
E100811,905243,74230,L3,2020-10-18
E100812,682482,61666,L2,2021-02-03
E100813,465216,42888,L1,2023-07-30
E100814,696187,45694,L2,2024-09-27
E100815,628069,57106,L2,2025-08-19
E100816,547691,49182,L1,2021-07-06
E100817,622944,46536,L2,2025-07-06
E100818,1399012,72388,L4,2022-03-04
E100819,915711,94121,L3,2023-04-20
E100820,845922,115152,L2,2024-07-17
E100821,597291,85492,L1,2024-01-21
E100822,996909,123878,L3,2022-09-18
E100823,632828,83073,L2,2024-11-04
E100824,1845069,259685,L5,2023-02-03
E100825,665115,85763,L2,2021-09-07
E100826,1245195,130929,L4,2022-01-19
E100827,604300,40117,L2,2025-12-26
E100828,726135,90686,L2,2024-10-03
E100829,653228,87501,L2,2020-02-29
E100830,1101729,69903,L3,2024-12-28
E100831,811720,64135,L2,2021-10-25
E100832,656709,48323,L2,2026-02-06
E100833,1118606,65090,L3,2018-12-21
E100834,554366,50992,L1,2020-12-29
E100835,1390506,108416,L4,2020-12-08
E100836,750679,89733,L2,2020-01-18
E100837,675137,98636,L2,2021-02-14
E100838,1249147,159071,L4,2025-05-18
E100839,910946,45613,L3,2021-11-14
E100840,741368,101731,L2,2021-02-21
E100841,684309,45725,L2,2025-01-29
E100842,1414953,172336,L4,2024-07-14
E100843,1557985,213363,L4,2023-01-05
E100844,713350,103384,L2,2025-02-02
E100845,433157,62591,L1,2023-07-07
E100846,1211756,164355,L4,2025-05-10
E100847,752036,63988,L2,2024-08-11
E100848,702885,51285,L2,2022-02-13
E100849,403813,43898,L1,2019-07-13
E100850,1012962,91537,L3,2020-02-23
E100851,1087284,69503,L3,2026-03-01
E100852,1196687,177019,L3,2020-08-23
E100853,641649,80382,L2,2020-06-23
E100854,535193,34338,L1,2020-10-20
E100855,461713,58275,L1,2023-01-15
E100856,1000944,83976,L3,2022-08-30
E100857,419971,24911,L1,2021-06-05
E100858,577607,74964,L1,2020-11-02
E100859,904899,90095,L3,2019-06-28
E100860,858761,60277,L2,2020-03-25
E100861,463381,45671,L1,2019-10-24
E100862,844076,123624,L2,2023-08-09
E100863,638963,67582,L2,2023-05-29
E100864,518744,58272,L1,2022-12-06
E100865,544378,73097,L1,2025-10-29
E100866,1581430,79672,L4,2018-12-18
E100867,593841,53637,L1,2024-05-23
E100868,676040,74283,L2,2025-04-28
E100869,769443,113332,L2,2026-05-27
E100870,457405,34621,L1,2021-09-16
E100871,1465060,199780,L4,2020-05-29
E100872,821282,69761,L2,2019-08-25
E100873,794437,87580,L2,2020-11-09
E100874,568081,69866,L1,2023-03-30
E100875,728459,75969,L2,2025-05-22
E100876,1233206,128693,L4,2021-11-14
E100877,519002,42459,L1,2024-07-11
E100878,817830,61107,L2,2022-12-12
E100879,928643,63530,L3,2019-08-17
E100880,966894,54386,L3,2021-06-15
E100881,1312021,113743,L4,2023-09-27
E100882,460599,52478,L1,2019-06-18
E100883,674164,47216,L2,2020-12-04
E100884,1254932,81762,L4,2024-05-28
E100885,854445,124649,L2,2018-10-11
E100886,460920,39767,L1,2018-08-23
E100887,569474,50533,L1,2021-01-19
E100888,1067441,92457,L3,2022-07-15
E100889,1273285,141467,L4,2025-05-23
E100890,1560389,163172,L4,2024-04-01
E100891,954338,106046,L3,2023-09-19
E100892,1298313,168394,L4,2021-09-18
E100893,734170,107784,L2,2024-11-13
E100894,521742,40789,L1,2025-08-18
E100895,1076415,65547,L3,2018-10-23
E100896,849174,108432,L2,2025-06-21
E100897,480564,68316,L1,2025-12-22
E100898,1219395,104148,L4,2020-03-08
E100899,1081228,139588,L3,2020-12-20
E100900,641975,75093,L2,2021-03-13
E100901,940698,81449,L3,2024-06-18
E100902,718323,89500,L2,2026-03-02
E100903,636673,88316,L2,2023-01-20
E100904,2009214,162873,L5,2020-01-09
E100905,1166007,73463,L3,2021-09-28
E100906,1088133,65119,L3,2024-07-11
E100907,419421,29047,L1,2024-08-27
E100908,997315,142256,L3,2023-05-03
E100909,886158,119496,L2,2018-07-13
E100910,835476,93182,L2,2020-08-08
E100911,929548,117488,L3,2020-06-03
E100912,718611,87363,L2,2023-02-28
E100913,1054438,82951,L3,2025-01-07
E100914,589069,64835,L1,2025-04-09
E100915,784642,86219,L2,2023-06-03
E100916,744483,75820,L2,2022-08-28
E100917,849398,105984,L2,2024-12-16
E100918,960714,75393,L3,2022-02-28
E100919,1850232,174076,L5,2023-06-01
E100920,860192,57063,L2,2024-09-28
E100921,841941,90166,L2,2024-01-06
E100922,900251,127767,L3,2023-05-08
E100923,466812,36291,L1,2025-06-29
E100924,555659,47054,L1,2021-01-23
E100925,639206,86026,L2,2024-04-24
E100926,438157,59291,L1,2020-03-13
E100927,1058934,103428,L3,2022-07-18
E100928,798306,104029,L2,2022-06-16
E100929,680073,86079,L2,2024-02-03
E100930,1444890,122527,L4,2021-07-01
E100931,563001,32683,L1,2021-10-31
E100932,448656,54576,L1,2020-01-17
E100933,931163,97321,L3,2023-06-12
E100934,793697,104443,L2,2018-12-23
E100935,664870,55138,L2,2024-09-05
E100936,756425,77482,L2,2021-06-05
E100937,1448517,133560,L4,2019-02-09
E100938,516812,76795,L1,2024-11-13
E100939,1051809,70287,L3,2024-11-27
E100940,699231,98008,L2,2020-04-10
E100941,942406,81166,L3,2021-09-13
E100942,1177777,137016,L3,2023-08-11
E100943,540644,40880,L1,2022-03-21
E100944,484699,54690,L1,2024-04-25
E100945,2128363,145036,L5,2023-11-27
E100946,980988,137524,L3,2019-09-26
E100947,836425,66635,L2,2026-01-26
E100948,780803,73422,L2,2020-04-08
E100949,825112,58226,L2,2021-10-18
E100950,1206294,164061,L4,2021-09-09
E100951,614245,53050,L2,2022-04-16
E100952,856182,64729,L2,2020-02-04
E100953,551853,40415,L1,2022-10-10
E100954,709202,53122,L2,2020-09-16
E100955,561688,81746,L1,2022-03-30
E100956,1145501,114930,L3,2021-12-29
E100957,873075,71035,L2,2025-04-08
E100958,437736,65325,L1,2022-04-20
E100959,1014000,126122,L3,2020-12-21
E100960,692106,78722,L2,2021-03-23
E100961,743771,81831,L2,2020-05-23
E100962,828751,75002,L2,2023-03-14
E100963,684227,50081,L2,2023-07-16
E100964,446497,22532,L1,2023-02-22
E100965,651911,53478,L2,2023-01-19
E100966,917743,53877,L3,2023-06-14
E100967,589603,46026,L1,2022-05-27
E100968,897307,64284,L2,2019-11-10
E100969,627200,36264,L2,2022-06-15
E100970,1225196,126349,L4,2021-07-28
E100971,626089,58952,L2,2023-01-24
E100972,505672,65906,L1,2020-12-06
E100973,1161530,165728,L3,2018-10-07
E100974,1167059,104436,L3,2023-12-18
E100975,1109842,72445,L3,2022-02-26
E100976,676471,55768,L2,2025-05-22
E100977,1259051,159428,L4,2023-05-25
E100978,726046,79256,L2,2018-07-16
E100979,1259850,106646,L4,2024-10-23
E100980,1130825,59530,L3,2019-09-06
E100981,518854,75600,L1,2019-09-15
E100982,1138948,114353,L3,2020-07-15
E100983,875152,89146,L2,2023-10-08
E100984,665341,33332,L2,2020-05-29
E100985,736189,93768,L2,2019-09-15
E100986,704361,53659,L2,2018-11-04
E100987,1125536,70027,L3,2025-10-20
E100988,898488,90940,L2,2021-02-22
E100989,665880,45289,L2,2021-03-19
E100990,568012,54927,L1,2020-07-07
E100991,805553,63375,L2,2020-01-17
E100992,808899,86509,L2,2022-02-06
E100993,1029946,120080,L3,2020-09-05
E100994,1020883,69065,L3,2024-02-26
E100995,456292,33177,L1,2023-12-12
E100996,966609,116033,L3,2019-12-02
E100997,813427,65800,L2,2023-04-28
E100998,1502655,91534,L4,2021-09-09
E100999,694476,96172,L2,2020-07-26
E101000,817207,111687,L2,2020-03-21
E101001,843146,111311,L2,2023-06-16
E101002,636397,89422,L2,2020-12-06
E101003,447669,61244,L1,2023-02-08
E101004,723078,98913,L2,2024-05-24
E101005,557104,65034,L1,2023-02-10
E101006,1015791,62121,L3,2025-11-09
E101007,546505,63431,L1,2021-06-06
E101008,1079214,132530,L3,2020-04-14
E101009,718342,96942,L2,2024-05-15
E101010,1123915,86125,L3,2025-02-03
E101011,1592767,206419,L4,2022-10-05
E101012,604340,32051,L2,2020-08-14
E101013,749367,38434,L2,2019-08-13
E101014,929326,139291,L3,2026-01-20
E101015,634384,94718,L2,2021-02-11
E101016,852797,44078,L2,2021-01-10
E101017,787595,82874,L2,2019-11-09
E101018,640224,49037,L2,2023-05-30
E101019,906787,99301,L3,2021-04-13
E101020,777844,62745,L2,2021-08-16
E101021,1487976,115886,L4,2021-03-20
E101022,489944,45187,L1,2020-10-23
E101023,753193,50878,L2,2019-03-08
E101024,618440,50795,L2,2020-04-01
E101025,1882790,231312,L5,2026-08-02
E101026,980066,94485,L3,2019-06-08
E101027,1457552,99992,L4,2019-12-05
E101028,702080,64393,L2,2023-08-28
E101029,540915,31664,L1,2023-09-03
E101030,730587,65792,L2,2025-02-11
E101031,950018,101265,L3,2024-06-23
E101032,487700,56975,L1,2025-07-09
E101033,1082203,83392,L3,2021-01-26
E101034,641665,52355,L2,2021-05-11
E101035,972995,98956,L3,2023-03-06
E101036,953783,114864,L3,2025-04-21
E101037,1114629,59556,L3,2019-11-20
E101038,903485,117706,L3,2021-03-28
E101039,470454,33120,L1,2022-06-21
E101040,779282,41624,L2,2020-02-19
E101041,616019,83302,L2,2023-04-28
E101042,773651,113690,L2,2019-12-02
E101043,1528465,197200,L4,2025-01-24
E101044,705031,43924,L2,2021-08-01
E101045,2185129,163051,L5,2018-02-17
E101046,682983,57601,L2,2023-02-17
E101047,935773,74344,L3,2020-07-19
E101048,1248451,179617,L4,2020-09-13
E101049,644813,32991,L2,2020-01-08
E101050,1552071,113320,L4,2022-02-10
E101051,1020919,127214,L3,2019-12-18
E101052,1346948,100014,L4,2020-07-16
E101053,879067,102046,L2,2020-05-10
E101054,452827,33606,L1,2021-06-27
E101055,1489626,216717,L4,2019-07-26
E101056,460937,25419,L1,2024-09-19
E101057,891718,89158,L2,2023-09-17
E101058,888210,69439,L2,2023-05-15
E101059,1032228,82304,L3,2024-10-28
E101060,1541897,186898,L4,2021-09-09
E101061,466068,44740,L1,2023-10-29
E101062,1277418,119255,L4,2019-10-29
E101063,1230649,109449,L4,2020-02-13
E101064,576315,36119,L1,2020-12-26
E101065,924050,72293,L3,2018-08-24
E101066,882628,126332,L2,2025-08-27
E101067,1259346,172419,L4,2021-11-11
E101068,2139578,131161,L5,2020-09-11
E101069,857694,78752,L2,2026-01-17
E101070,1018126,88292,L3,2025-12-02
E101071,835125,67755,L2,2019-09-12
E101072,897260,111784,L2,2021-02-13
E101073,1207956,122326,L4,2018-11-26
E101074,811077,91505,L2,2023-10-19
E101075,680337,46346,L2,2022-07-23
E101076,1362595,97098,L4,2020-10-08
E101077,1026544,86319,L3,2020-05-04
E101078,603205,80855,L2,2020-04-28
E101079,1243761,106380,L4,2020-07-15
E101080,1238028,182323,L4,2022-09-27
E101081,576077,71562,L1,2025-06-11
E101082,1037785,105657,L3,2025-07-16
E101083,1144508,134647,L3,2024-11-04
E101084,874755,79449,L2,2022-08-04
E101085,960026,121710,L3,2023-03-17
E101086,731073,61392,L2,2023-05-09
E101087,495807,50338,L1,2024-11-27
E101088,1020029,61630,L3,2020-02-08
E101089,902926,57494,L3,2022-03-22
E101090,1638630,143243,L5,2024-05-09
E101091,957179,112374,L3,2018-09-05
E101092,484570,61452,L1,2023-04-08
E101093,882896,125831,L2,2021-04-14
E101094,448488,32325,L1,2024-04-10
E101095,2076097,176403,L5,2025-05-29
E101096,458195,55774,L1,2025-02-05
E101097,1985886,264920,L5,2024-06-16
E101098,1038107,75833,L3,2022-05-19
E101099,1126239,118516,L3,2020-07-17
E101100,1650271,236390,L5,2021-12-09
E101101,845022,69777,L2,2021-07-29
E101102,762060,40956,L2,2024-04-01
E101103,827135,53748,L2,2022-01-04
E101104,788840,88807,L2,2025-01-17
E101105,578155,47821,L1,2022-07-31
E101106,674696,66279,L2,2021-01-03
E101107,655217,51249,L2,2020-04-11
E101108,1161631,77190,L3,2020-11-08
E101109,455435,58920,L1,2025-01-23
E101110,865275,108340,L2,2024-08-26
E101111,1454473,209782,L4,2025-02-16
E101112,455828,34486,L1,2023-04-24
E101113,821406,69450,L2,2025-05-22
E101114,985056,101695,L3,2022-09-17
E101115,455722,39404,L1,2022-01-24
E101116,705142,102964,L2,2022-06-20
E101117,1010770,66786,L3,2023-05-23
E101118,463758,49121,L1,2025-09-28
E101119,829399,57969,L2,2022-02-20
E101120,618867,77904,L2,2021-01-02
E101121,601234,52652,L2,2024-10-21
E101122,676061,72156,L2,2026-05-22
E101123,1552575,198745,L4,2022-06-22
E101124,1305706,181732,L4,2021-10-24
E101125,852106,121610,L2,2018-11-15
E101126,745869,92988,L2,2022-04-30
E101127,1287396,149919,L4,2024-10-29
E101128,571576,42929,L1,2020-04-06
E101129,1656394,237867,L5,2021-04-17
E101130,1026413,136467,L3,2020-08-18
E101131,1002174,111720,L3,2024-06-15
E101132,1173259,82922,L3,2025-10-06
E101133,932124,56917,L3,2025-02-26
E101134,516908,61474,L1,2023-01-24
E101135,1085076,64441,L3,2021-11-25
E101136,1031119,111420,L3,2022-09-05
E101137,474497,28331,L1,2022-08-10
E101138,1162151,76101,L3,2021-07-22
E101139,577551,56635,L1,2025-06-24
E101140,618769,57918,L2,2023-12-23
E101141,1081418,161864,L3,2024-06-19
E101142,424216,50795,L1,2024-04-04
E101143,690628,93609,L2,2021-12-25
E101144,699425,84358,L2,2019-04-29
E101145,499563,59764,L1,2020-03-09
E101146,1402997,154350,L4,2025-06-12
E101147,1161898,73700,L3,2020-02-01
E101148,454941,51322,L1,2024-09-20
E101149,1975898,151550,L5,2025-04-04
E101150,1096653,131461,L3,2024-02-13
E101151,401739,58837,L1,2020-06-06
E101152,695968,97763,L2,2022-01-10
E101153,850583,73697,L2,2024-04-25
E101154,1063570,140935,L3,2020-12-07
E101155,951092,53520,L3,2024-01-02
E101156,653405,57958,L2,2021-05-16
E101157,472143,68339,L1,2024-05-20
E101158,521760,59205,L1,2019-03-19
E101159,912452,131250,L3,2022-06-18
E101160,583922,35473,L1,2021-05-21
E101161,664237,67486,L2,2024-11-09
E101162,1174056,145795,L3,2025-05-15
E101163,1045663,141938,L3,2023-12-01
E101164,662969,71926,L2,2024-02-02
E101165,738569,106732,L2,2021-02-06
E101166,429362,35492,L1,2020-08-28
E101167,847889,72460,L2,2019-04-05
E101168,577437,29375,L1,2025-06-29
E101169,929466,89712,L3,2022-02-24
E101170,1127627,75271,L3,2023-07-12
E101171,512508,71228,L1,2022-01-12
E101172,950604,127704,L3,2018-11-09
E101173,1462344,162622,L4,2023-07-03
E101174,1598441,231354,L4,2019-07-02
E101175,898028,130995,L2,2018-05-05
E101176,991366,124429,L3,2021-01-11
E101177,437734,39837,L1,2025-08-04
E101178,1052897,115641,L3,2026-09-11
E101179,617326,34801,L2,2021-10-08
E101180,1542418,225595,L4,2026-09-07
E101181,634677,65355,L2,2024-03-13
E101182,1096762,93155,L3,2022-02-14
E101183,644601,50924,L2,2020-08-08
E101184,417069,23866,L1,2021-05-27
E101185,1183737,80654,L3,2019-04-10
E101186,628389,90476,L2,2022-11-18
E101187,2059994,252208,L5,2021-03-04
E101188,707359,96807,L2,2025-08-12
E101189,720521,86709,L2,2018-11-15
E101190,1101392,158482,L3,2022-07-05
E101191,803402,58654,L2,2022-12-23
E101192,1184922,89923,L3,2024-05-24
E101193,640887,49121,L2,2024-09-19
E101194,975840,59638,L3,2022-11-11
E101195,510360,46846,L1,2021-08-13
E101196,478754,27458,L1,2024-07-08
E101197,1387316,112518,L4,2022-11-13
E101198,1189808,176544,L3,2023-12-29
E101199,806411,70813,L2,2024-11-17
E101200,464790,36631,L1,2023-08-21
E101201,428283,58958,L1,2021-04-25
E101202,441717,42162,L1,2021-01-08
E101203,1559159,80208,L4,2019-06-15
E101204,1154785,160354,L3,2020-07-08
E101205,643042,46986,L2,2023-06-27
E101206,495924,35826,L1,2022-11-11
E101207,1019085,129141,L3,2022-08-22
E101208,595271,54332,L1,2021-05-26
E101209,749203,57414,L2,2022-07-28
E101210,961154,113319,L3,2024-07-14
E101211,689396,59415,L2,2027-03-17
E101212,588339,67818,L1,2024-02-08
E101213,877181,59018,L2,2024-03-10
E101214,641677,91615,L2,2020-08-20
E101215,732894,105303,L2,2020-10-26
E101216,615461,30871,L2,2022-02-05
E101217,570181,72327,L1,2025-07-06
E101218,1175035,74199,L3,2023-06-28
E101219,1298882,106396,L4,2021-02-28
E101220,1222166,123185,L4,2025-05-07
E101221,864174,54182,L2,2022-02-21
E101222,1082452,111429,L3,2022-02-12
E101223,1078421,63949,L3,2024-04-25
E101224,1437568,213130,L4,2020-09-23
E101225,771518,95378,L2,2021-06-29
E101226,843134,123204,L2,2024-03-07
E101227,429069,42074,L1,2021-03-12
E101228,469645,28998,L1,2023-10-22
E101229,1189125,125013,L3,2020-10-07
E101230,1350338,107030,L4,2021-08-15
E101231,1021335,90703,L3,2023-07-23
E101232,986556,53255,L3,2024-01-29
E101233,460730,60587,L1,2026-02-08
E101234,889609,58766,L2,2024-06-24
E101235,864544,97434,L2,2022-01-27
E101236,686068,69034,L2,2021-07-14
E101237,566517,59570,L1,2020-07-26
E101238,1048731,94093,L3,2021-10-30
E101239,499445,71009,L1,2023-02-16
E101240,820606,78302,L2,2019-08-10
E101241,702160,93415,L2,2024-03-16
E101242,491927,36433,L1,2022-12-26
E101243,467196,37689,L1,2023-01-13
E101244,1511889,201450,L4,2023-12-14
E101245,884458,101692,L2,2022-04-01
E101246,687597,89614,L2,2027-02-13
E101247,770719,97451,L2,2024-12-25
E101248,1069335,131851,L3,2025-12-01
E101249,1511383,102535,L4,2020-12-02
E101250,459582,64801,L1,2019-04-02
E101251,765924,79540,L2,2019-06-12
E101252,1092522,68931,L3,2022-04-01
E101253,497733,50014,L1,2025-04-01
E101254,824404,67139,L2,2024-03-18
E101255,1294729,122839,L4,2019-04-16
E101256,812573,114429,L2,2024-08-08
E101257,580471,43216,L1,2022-10-20
E101258,991585,122360,L3,2024-03-01
E101259,846228,66052,L2,2024-12-18
E101260,814910,42897,L2,2025-02-03
E101261,866594,118581,L2,2022-06-24
E101262,690758,65988,L2,2020-09-29
E101263,1173944,78895,L3,2020-03-20
E101264,822692,44385,L2,2020-05-07
E101265,611878,84784,L2,2020-12-22
E101266,1121083,128318,L3,2023-03-18
E101267,657125,44493,L2,2022-11-12
E101268,993255,101006,L3,2021-05-22
E101269,593869,60735,L1,2025-12-21
E101270,847272,77639,L2,2021-11-09
E101271,804574,71873,L2,2023-12-24
E101272,1134837,141146,L3,2021-06-14
E101273,590954,58930,L1,2019-02-25
E101274,1176961,152496,L3,2022-10-14
E101275,696324,64104,L2,2023-08-20
E101276,641034,56801,L2,2024-11-22
E101277,1191581,177384,L3,2024-11-27
E101278,745259,91337,L2,2019-02-26
E101279,584214,43652,L1,2023-08-11
E101280,648530,55027,L2,2022-12-20
E101281,1260637,101282,L4,2025-10-28
E101282,1047605,127868,L3,2022-10-14
E101283,921584,118570,L3,2022-10-04
E101284,532893,50905,L1,2022-08-24
E101285,766458,88604,L2,2023-05-10
E101286,607893,45409,L2,2021-10-30
E101287,1916788,105753,L5,2020-10-20
E101288,744404,78166,L2,2020-02-10
E101289,605769,52177,L2,2024-11-01
E101290,487008,50010,L1,2022-05-20
E101291,746873,77769,L2,2024-01-16
E101292,754061,96356,L2,2021-08-22
E101293,430751,32108,L1,2027-01-17
E101294,772454,96479,L2,2019-04-10
E101295,1494664,154983,L4,2023-07-26
E101296,436416,63222,L1,2020-02-22
E101297,606572,68638,L2,2021-01-27
E101298,1218870,180382,L4,2021-06-09
E101299,780323,88001,L2,2020-12-14
E101300,924820,120128,L3,2020-10-04
E101301,866533,58220,L2,2022-12-31
E101302,975367,125527,L3,2023-03-16
E101303,1439651,157126,L4,2023-01-28
E101304,1055543,61186,L3,2023-08-07
E101305,1068092,125584,L3,2024-02-19
E101306,525065,73064,L1,2023-12-06
E101307,632109,75895,L2,2024-10-06
E101308,1149752,119115,L3,2024-06-21
E101309,806107,81449,L2,2020-07-24
E101310,848288,112993,L2,2021-11-12
E101311,1011827,73773,L3,2022-12-30
E101312,966781,83443,L3,2024-11-20
E101313,480501,32435,L1,2020-05-14
E101314,1720734,92786,L5,2020-02-18
E101315,408178,39990,L1,2019-10-07
E101316,403489,31930,L1,2020-03-08
E101317,570349,85249,L1,2023-09-28
E101318,739102,44701,L2,2023-01-28
E101319,1368324,176161,L4,2022-10-18
E101320,2119690,294191,L5,2019-04-11
E101321,1119357,151472,L3,2020-10-09
E101322,444326,34442,L1,2024-12-09
E101323,1931575,277311,L5,2025-07-15
E101324,1163921,95063,L3,2024-03-22
E101325,1559873,226489,L4,2022-01-30
E101326,1434037,144675,L4,2022-10-26
E101327,825123,65759,L2,2019-10-14
E101328,963677,63691,L3,2023-02-03
E101329,406558,22612,L1,2021-03-06
E101330,882798,99612,L2,2020-02-03
E101331,501062,69383,L1,2023-03-19
E101332,808456,90542,L2,2019-03-13
E101333,863755,61434,L2,2021-02-28
E101334,466913,50700,L1,2021-01-30
E101335,1117622,126162,L3,2022-11-03
E101336,470415,41900,L1,2023-05-24
E101337,519084,31703,L1,2021-03-19
E101338,631349,88398,L2,2019-05-31
E101339,501369,71736,L1,2020-12-21
E101340,575199,79481,L1,2026-01-08
E101341,868030,128816,L2,2022-03-01
E101342,1111753,70774,L3,2020-01-22
E101343,1807282,111216,L5,2022-11-10
E101344,1240800,92450,L4,2023-09-12
E101345,737816,65655,L2,2021-09-01
E101346,1077160,81196,L3,2023-01-08
E101347,515675,48961,L1,2023-08-02
E101348,944174,102689,L3,2021-03-03
E101349,572260,45502,L1,2024-06-07
E101350,898269,47956,L2,2022-02-13
E101351,644064,49000,L2,2025-03-10
E101352,1500019,88520,L4,2019-03-20
E101353,899524,56495,L2,2019-04-02
E101354,1561003,227177,L4,2022-07-21
E101355,1702155,121637,L5,2024-02-21
E101356,519924,47892,L1,2023-01-05
E101357,1360954,103071,L4,2023-04-10
E101358,643147,86206,L2,2025-11-24
E101359,1774132,101195,L5,2021-06-14
E101360,523621,74722,L1,2022-07-03
E101361,509199,49716,L1,2024-06-24
E101362,620405,87413,L2,2021-12-01
E101363,613115,33623,L2,2023-02-11
E101364,527757,47348,L1,2022-05-09
E101365,1058287,129403,L3,2020-07-24
E101366,1122388,73275,L3,2022-01-22
E101367,1095881,62417,L3,2019-08-23
E101368,606896,81744,L2,2022-06-25
E101369,438596,46218,L1,2021-01-13
E101370,829922,87270,L2,2021-07-05
E101371,672449,39008,L2,2021-08-27
E101372,1055241,81184,L3,2019-12-21
E101373,429106,52513,L1,2025-11-19
E101374,796489,57688,L2,2019-02-22
E101375,786586,56137,L2,2023-02-25
E101376,1061609,106932,L3,2019-07-27
E101377,1799738,176326,L5,2020-05-05
E101378,552351,77436,L1,2023-11-03
E101379,886396,98350,L2,2023-07-15
E101380,720714,85197,L2,2024-08-06
E101381,880780,127506,L2,2025-01-06
E101382,1090202,103935,L3,2023-07-12
E101383,589163,47576,L1,2023-08-20
E101384,1255450,91643,L4,2025-05-14
E101385,479926,26644,L1,2024-07-16
E101386,543589,46660,L1,2019-11-12
E101387,490007,65976,L1,2025-08-02
E101388,458790,38386,L1,2024-12-01
E101389,552454,45009,L1,2022-09-01
E101390,809369,110660,L2,2020-02-16
E101391,571290,41311,L1,2020-07-10
E101392,809262,67491,L2,2021-05-22
E101393,574984,60773,L1,2024-09-02
E101394,435894,24487,L1,2020-06-04
E101395,454172,37565,L1,2021-07-29
E101396,479187,26410,L1,2021-08-16
E101397,816734,103980,L2,2025-11-05
E101398,676333,78687,L2,2024-08-20
E101399,625210,56579,L2,2024-12-31
E101400,1131553,59463,L3,2025-02-08
E101401,492205,42469,L1,2022-03-02
E101402,708497,98616,L2,2018-09-28
E101403,442830,55473,L1,2021-10-09
E101404,555736,83076,L1,2019-10-14
E101405,489644,73148,L1,2019-11-28
E101406,453057,23778,L1,2024-07-18
E101407,1490651,127781,L4,2025-03-04
E101408,1253769,173975,L4,2019-03-29
E101409,765002,62925,L2,2021-06-09
E101410,478600,35317,L1,2021-02-08
E101411,672085,40140,L2,2022-02-11
E101412,471678,41209,L1,2021-08-06
E101413,1077602,106236,L3,2018-12-15
E101414,481328,44409,L1,2024-10-09
E101415,1114344,123914,L3,2025-01-05
E101416,645262,70483,L2,2023-02-21
E101417,1482935,121008,L4,2020-08-27
E101418,643657,43802,L2,2021-04-30
E101419,497881,32412,L1,2022-04-21
E101420,945841,77326,L3,2024-08-15
E101421,2160735,122846,L5,2022-10-25
E101422,489048,55231,L1,2022-07-24
E101423,634817,75157,L2,2024-05-31
E101424,432120,63049,L1,2024-07-07
E101425,1066106,149603,L3,2021-08-01
E101426,1596661,135236,L4,2022-07-29
E101427,592422,81490,L1,2021-03-26
E101428,923855,50382,L3,2024-06-30
E101429,1281866,172678,L4,2024-12-30
E101430,1415767,212280,L4,2022-12-06
E101431,576558,67445,L1,2020-10-25
E101432,705190,91576,L2,2023-11-18
E101433,773201,41405,L2,2023-09-06
E101434,950960,130450,L3,2020-10-23
E101435,661357,35709,L2,2024-09-25
E101436,533341,46431,L1,2024-01-06
E101437,505759,25799,L1,2023-05-23
E101438,1024774,78380,L3,2024-10-05
E101439,555929,30061,L1,2022-10-06
E101440,1467580,181492,L4,2023-11-21
E101441,722016,105273,L2,2023-01-21
E101442,459775,37851,L1,2023-12-01
E101443,610690,65643,L2,2021-08-26
E101444,554961,65650,L1,2023-10-30
E101445,1497363,133744,L4,2026-02-15
E101446,1280952,160794,L4,2019-01-02
E101447,651704,36721,L2,2022-04-26
E101448,814117,85231,L2,2025-02-28
E101449,1011056,136006,L3,2023-10-20
E101450,928563,106513,L3,2026-01-12
E101451,518887,77784,L1,2022-04-02
E101452,664739,43013,L2,2025-11-20
E101453,851519,125869,L2,2022-12-06
E101454,1022428,80720,L3,2023-03-14
E101455,1127133,157571,L3,2020-11-08
E101456,1296674,168496,L4,2020-03-28
E101457,569266,63270,L1,2022-03-19
E101458,1118259,154160,L3,2021-10-12
E101459,1243250,65290,L4,2024-04-27
E101460,632716,44640,L2,2023-02-05
E101461,1203371,154381,L4,2022-07-01
E101462,497706,29512,L1,2021-10-26
E101463,1008426,59829,L3,2025-02-14
E101464,436538,61006,L1,2023-08-07
E101465,989919,78614,L3,2019-05-16
E101466,855614,127437,L2,2023-09-06
E101467,1118677,133265,L3,2026-06-10
E101468,951306,111782,L3,2019-07-17
E101469,1184607,139702,L3,2023-12-27
E101470,1011559,146457,L3,2023-01-06
E101471,779403,99421,L2,2020-02-02
E101472,441333,38913,L1,2024-04-08
E101473,1146279,65037,L3,2026-03-18
E101474,971391,139128,L3,2024-11-13
E101475,1125727,117385,L3,2026-04-20
E101476,901631,95109,L3,2026-03-04
E101477,1553612,126678,L4,2023-02-19
E101478,716051,58552,L2,2022-10-15
E101479,427184,54147,L1,2025-09-16
E101480,462539,56429,L1,2024-10-12
E101481,1347848,102930,L4,2026-11-22
E101482,2198499,304785,L5,2021-08-13
E101483,1429462,178185,L4,2022-07-31
E101484,1164373,87336,L3,2020-12-26
E101485,766223,63079,L2,2024-08-27
E101486,712526,90044,L2,2024-08-22
E101487,970023,96111,L3,2022-03-17
E101488,749761,99022,L2,2021-11-05
E101489,692166,93596,L2,2021-04-01
E101490,868913,71740,L2,2021-05-31
E101491,1025826,132440,L3,2023-05-19
E101492,588802,48905,L1,2024-03-18
E101493,764626,110339,L2,2022-10-14
E101494,538330,56651,L1,2023-02-28
E101495,2049976,278256,L5,2021-04-25
E101496,792168,118008,L2,2022-05-01
E101497,890262,98985,L2,2022-04-05
E101498,742913,90691,L2,2021-06-16
E101499,914387,93260,L3,2020-08-03
E101500,1568557,159708,L4,2022-03-12
E101501,1097735,57436,L3,2023-01-18
E101502,659921,62319,L2,2022-11-20
E101503,836057,71139,L2,2021-06-21
E101504,452503,38658,L1,2020-06-05
E101505,982470,136738,L3,2022-06-23
E101506,1111679,145245,L3,2022-11-28
E101507,544769,68157,L1,2020-03-21
E101508,638127,95330,L2,2020-10-22
E101509,503452,60027,L1,2025-12-07
E101510,1134037,165168,L3,2019-07-13
E101511,1698193,249357,L5,2022-08-01
E101512,790542,90806,L2,2023-03-20
E101513,1337101,161447,L4,2022-08-25
E101514,894454,54139,L2,2024-12-20
E101515,490557,52472,L1,2025-01-31
E101516,626088,79386,L2,2022-01-28
E101517,1064782,134226,L3,2024-04-13
E101518,511446,42316,L1,2021-06-27
E101519,1021636,126430,L3,2022-01-23
E101520,1543443,159290,L4,2023-07-18
E101521,909670,94172,L3,2019-07-08
E101522,1031257,76572,L3,2022-09-29
E101523,908724,108529,L3,2024-09-17
E101524,652245,45817,L2,2021-06-17
E101525,484353,49601,L1,2021-02-26
E101526,467020,35182,L1,2025-06-15
E101527,1615895,106096,L5,2024-12-07
E101528,1032715,124347,L3,2018-03-24
E101529,926868,63558,L3,2023-06-18
E101530,514080,68749,L1,2025-03-04
E101531,1936433,176539,L5,2024-04-13
E101532,1184913,88658,L3,2022-07-28
E101533,439857,30964,L1,2018-09-14
E101534,759903,106070,L2,2020-10-22
E101535,1115528,149996,L3,2025-03-07
E101536,663418,99136,L2,2020-02-05
E101537,949297,71294,L3,2023-10-31
E101538,1103570,120183,L3,2019-11-14
E101539,1149999,106449,L3,2021-04-30
E101540,890363,111011,L2,2022-06-25
E101541,443079,62198,L1,2023-04-17
E101542,693807,88663,L2,2018-09-08
E101543,989604,113912,L3,2019-03-08
E101544,973521,130586,L3,2021-07-30
E101545,548131,60101,L1,2021-11-24
E101546,879999,61556,L2,2024-03-20
E101547,482589,31290,L1,2023-11-18
E101548,813818,98704,L2,2024-03-23
E101549,481084,66856,L1,2024-11-28
E101550,735520,98150,L2,2023-06-18
E101551,1107573,138091,L3,2025-05-15
E101552,1722415,204035,L5,2024-04-16
E101553,969997,79643,L3,2022-06-21
E101554,766970,64697,L2,2019-05-08
E101555,1027264,128394,L3,2020-07-02
E101556,1960483,276514,L5,2019-07-24
E101557,1140417,156923,L3,2019-11-15
E101558,496003,27310,L1,2021-09-20
E101559,1062299,82231,L3,2026-06-30
E101560,1095558,93681,L3,2020-10-13
E101561,630184,50123,L2,2024-08-05
E101562,842934,122827,L2,2022-01-21
E101563,410231,56738,L1,2022-05-02
E101564,1330125,131456,L4,2020-02-24
E101565,885775,98553,L2,2024-10-20
E101566,1090075,105791,L3,2024-03-15
E101567,967363,93238,L3,2022-02-17
E101568,868734,109627,L2,2022-03-21
E101569,675859,52710,L2,2022-03-29
E101570,789898,117289,L2,2020-01-09
E101571,555982,75843,L1,2019-12-19
E101572,752291,59973,L2,2024-08-03
E101573,920024,82232,L3,2026-01-16
E101574,408038,56220,L1,2023-05-07
E101575,1050906,154641,L3,2020-12-13
E101576,655462,38785,L2,2025-12-18
E101577,1389822,99252,L4,2022-10-26
E101578,441206,22425,L1,2025-01-03
E101579,887124,85444,L2,2021-04-08
E101580,2198648,243315,L5,2020-11-04
E101581,659394,59614,L2,2021-04-29
E101582,431137,59761,L1,2025-07-01
E101583,1175761,157729,L3,2020-10-21
E101584,1016915,95005,L3,2027-01-02
E101585,1584487,173945,L4,2021-02-11
E101586,1154338,155087,L3,2026-03-29
E101587,668645,66980,L2,2023-10-14
E101588,1466185,151424,L4,2023-11-09
E101589,1460176,108821,L4,2022-01-12
E101590,890790,55624,L2,2021-04-26
E101591,1276225,78811,L4,2026-06-14
E101592,525162,44841,L1,2023-10-25
E101593,842428,103002,L2,2025-07-28
E101594,408426,58595,L1,2023-02-22
E101595,626078,67802,L2,2020-08-16
E101596,676218,94708,L2,2025-01-30
E101597,909316,124929,L3,2026-06-21
E101598,743877,91559,L2,2025-01-11
E101599,1166775,73338,L3,2024-06-23
E101600,702765,44919,L2,2019-12-04
E101601,963784,57243,L3,2020-11-27
E101602,949962,141705,L3,2023-10-24
E101603,1097683,81886,L3,2025-06-26
E101604,1115558,95705,L3,2026-04-07
E101605,1004794,76371,L3,2023-02-23
E101606,652408,68249,L2,2021-02-15
E101607,586557,55614,L1,2021-09-05
E101608,666307,34886,L2,2018-11-05
E101609,1378610,75755,L4,2022-12-01
E101610,1889148,165462,L5,2020-09-26
E101611,972477,76249,L3,2025-01-30
E101612,603693,54594,L2,2019-07-14
E101613,548674,75963,L1,2020-10-28
E101614,502841,57966,L1,2019-12-06
E101615,777827,102368,L2,2025-06-25
E101616,744160,103645,L2,2024-08-19
E101617,885650,72542,L2,2019-02-19
E101618,835660,49138,L2,2021-11-12
E101619,860935,51711,L2,2022-12-28
E101620,766995,66635,L2,2019-01-05
E101621,404240,34612,L1,2022-01-07
E101622,492865,51863,L1,2022-11-24
E101623,1522688,213359,L4,2020-09-21
E101624,1370726,195255,L4,2019-07-13
E101625,2160322,248842,L5,2022-08-04
E101626,909143,130119,L3,2019-03-24
E101627,788610,63847,L2,2022-01-25
E101628,1121916,121857,L3,2022-12-30
E101629,565128,31455,L1,2022-02-05
E101630,1401202,104385,L4,2023-06-28
E101631,1233812,123703,L4,2026-05-31
E101632,653551,92548,L2,2019-06-25
E101633,440522,63900,L1,2019-05-29
E101634,672920,63947,L2,2023-06-12
E101635,456681,31496,L1,2022-02-16
E101636,1984649,167240,L5,2026-01-09
E101637,1380968,124783,L4,2025-10-08
E101638,470261,27303,L1,2019-06-15
E101639,1149957,167152,L3,2021-03-12
E101640,981042,126755,L3,2025-02-16
E101641,413159,39063,L1,2019-12-02
E101642,653709,37082,L2,2022-11-03
E101643,1153098,141502,L3,2021-12-17
E101644,707459,48431,L2,2024-03-05
E101645,466685,36683,L1,2025-01-15
E101646,702587,90498,L2,2025-10-14
E101647,1132358,132617,L3,2025-04-10
E101648,967133,128827,L3,2025-04-10
E101649,561720,34386,L1,2021-04-11
E101650,1493621,85626,L4,2018-11-26
E101651,493910,64446,L1,2023-08-12
E101652,751491,87484,L2,2022-09-01
E101653,1054421,126503,L3,2024-06-02
E101654,866791,91758,L2,2021-03-07
E101655,447878,43185,L1,2024-02-07
E101656,683534,86769,L2,2019-08-20
E101657,1399865,178144,L4,2023-10-21
E101658,518162,69008,L1,2018-07-15
E101659,529837,46130,L1,2021-08-24
E101660,805416,43472,L2,2020-06-11
E101661,709525,43738,L2,2024-05-25
E101662,564030,64957,L1,2022-02-02
E101663,526240,56356,L1,2025-07-20
E101664,497489,25074,L1,2021-06-04
E101665,1177182,90767,L3,2024-10-05
E101666,741599,86278,L2,2020-01-14
E101667,1033070,129008,L3,2024-05-13
E101668,1001798,68959,L3,2019-01-06
E101669,956488,128650,L3,2024-10-16
E101670,814359,68735,L2,2021-01-29
E101671,826980,58837,L2,2020-08-22
E101672,786836,57978,L2,2021-09-27
E101673,1128203,135912,L3,2025-06-11
E101674,533210,68630,L1,2025-09-13
E101675,670222,80002,L2,2022-12-01
E101676,415281,26430,L1,2025-01-07
E101677,438816,24917,L1,2023-10-28
E101678,808658,89658,L2,2025-01-18
E101679,629594,84764,L2,2021-05-21
E101680,830409,123084,L2,2020-11-07
E101681,938801,63111,L3,2025-10-30
E101682,839888,106443,L2,2025-09-05
E101683,457370,63917,L1,2023-05-08
E101684,570078,37067,L1,2022-11-26
E101685,439925,29745,L1,2018-07-14
E101686,862847,107233,L2,2026-05-07
E101687,781722,88706,L2,2024-04-03
E101688,658931,92954,L2,2020-04-01
E101689,446459,32920,L1,2022-02-14
E101690,711577,103014,L2,2020-02-24
E101691,1044670,112353,L3,2022-11-01
E101692,736322,65859,L2,2022-03-15
E101693,791035,57116,L2,2025-10-30
E101694,1030900,120556,L3,2021-07-20
E101695,513955,75268,L1,2020-05-16
E101696,1003944,91595,L3,2023-01-23
E101697,783692,110324,L2,2024-02-12
E101698,762016,106753,L2,2020-03-28
E101699,702972,48342,L2,2022-10-31
E101700,1654159,209547,L5,2022-12-04
E101701,939041,70020,L3,2021-09-05
E101702,896603,73012,L2,2021-09-23
E101703,602305,70932,L2,2018-12-31
E101704,860351,66565,L2,2025-08-08
E101705,599825,73156,L1,2024-01-12
E101706,1122114,139439,L3,2025-01-13
E101707,525062,54647,L1,2024-02-21
E101708,1000720,133608,L3,2021-07-30
E101709,679183,75649,L2,2024-12-14
E101710,666022,33995,L2,2020-09-09
E101711,861801,81815,L2,2027-01-09
E101712,514577,66126,L1,2020-11-27
E101713,1155822,134187,L3,2024-05-03
E101714,410200,44112,L1,2026-03-17
E101715,469399,24516,L1,2019-06-11
E101716,558797,81396,L1,2023-06-02
E101717,481280,46549,L1,2021-02-14
E101718,784751,97187,L2,2023-08-21
E101719,703284,53880,L2,2021-01-28
E101720,781874,106429,L2,2024-07-09
E101721,976029,55498,L3,2019-10-26
E101722,1389577,177547,L4,2022-07-11
E101723,859289,107290,L2,2022-02-17
E101724,1914044,262673,L5,2023-12-10
E101725,400851,38163,L1,2024-09-27
E101726,877827,91588,L2,2021-03-01
E101727,988629,120597,L3,2024-04-23
E101728,1361194,91113,L4,2026-01-18
E101729,552875,66705,L1,2024-06-23
E101730,818552,87911,L2,2021-07-02
E101731,1495517,88092,L4,2025-08-13
E101732,1292221,145770,L4,2021-12-24
E101733,423085,21824,L1,2022-10-13
E101734,439274,60590,L1,2024-12-22
E101735,766174,98490,L2,2022-06-23
E101736,482806,48615,L1,2022-11-30
E101737,1016200,147297,L3,2024-06-06
E101738,1075767,89253,L3,2021-05-22
E101739,839755,121167,L2,2019-07-15
E101740,530386,49631,L1,2023-09-27
E101741,1034774,102524,L3,2024-01-14
E101742,722453,87997,L2,2019-11-06
E101743,637243,90019,L2,2019-10-28
E101744,550353,79881,L1,2025-06-28
E101745,418501,28735,L1,2025-08-14
E101746,464751,32636,L1,2023-06-30
E101747,1380421,200340,L4,2022-05-04
E101748,674821,88481,L2,2021-07-18
E101749,1582391,191928,L4,2022-09-19
E101750,1140967,169490,L3,2023-07-31
E101751,1534793,161665,L4,2023-12-14
E101752,1160123,84688,L3,2022-01-11
E101753,526200,39030,L1,2019-10-12
E101754,824290,95306,L2,2024-09-14
E101755,525224,29585,L1,2022-11-30
E101756,1837859,202097,L5,2021-01-27
E101757,577284,29497,L1,2023-11-08
E101758,1579303,205755,L4,2024-08-13
E101759,623490,90377,L2,2023-07-05
E101760,1569452,88517,L4,2020-01-18
E101761,815624,122189,L2,2019-05-13
E101762,1541021,87186,L4,2020-12-05
E101763,533837,29646,L1,2022-09-13
E101764,1142096,108838,L3,2026-02-07
E101765,711407,87957,L2,2019-03-10
E101766,749824,49901,L2,2024-07-12
E101767,694241,39239,L2,2022-03-08
E101768,755157,73786,L2,2023-04-09
E101769,1865695,180746,L5,2025-01-15
E101770,507343,64675,L1,2024-01-18
E101771,1386009,106876,L4,2026-08-26
E101772,691045,82143,L2,2020-08-16
E101773,942331,103677,L3,2023-03-09
E101774,796676,111387,L2,2024-07-20
E101775,768111,103900,L2,2022-08-18
E101776,840766,98181,L2,2023-05-22
E101777,999488,57975,L3,2020-02-10
E101778,1356852,94897,L4,2022-06-15
E101779,756125,51056,L2,2026-02-16
E101780,652683,60977,L2,2022-01-06
E101781,1122623,133666,L3,2022-05-13
E101782,1132287,131847,L3,2025-11-05
E101783,761959,67668,L2,2025-04-12
E101784,1695398,93277,L5,2022-03-03
E101785,1356873,144352,L4,2024-03-24
E101786,1543669,161630,L4,2022-02-24
E101787,1565431,219751,L4,2022-01-02
E101788,780430,88650,L2,2022-06-24
E101789,1081246,147620,L3,2024-10-30
E101790,1647098,158208,L5,2023-06-28
E101791,1286447,158033,L4,2019-11-24
E101792,727676,41854,L2,2019-06-17
E101793,659022,87275,L2,2024-05-09
E101794,735548,96791,L2,2020-04-06
E101795,578695,55401,L1,2025-01-21
E101796,2028639,214325,L5,2020-06-27
E101797,566817,58924,L1,2019-06-05
E101798,973020,145929,L3,2026-12-26
E101799,560618,38384,L1,2022-02-28
E101800,418566,42707,L1,2025-04-20
E101801,820932,50154,L2,2022-11-21
E101802,1406265,135559,L4,2024-01-26
E101803,781417,80534,L2,2023-10-02
E101804,1321437,120684,L4,2023-06-15
E101805,575048,71248,L1,2024-07-18
E101806,1210432,154419,L4,2020-01-02
E101807,652175,59210,L2,2025-05-19
E101808,796024,109666,L2,2020-06-03
E101809,422203,49289,L1,2021-08-08
E101810,1223279,68074,L4,2018-09-20
E101811,874370,43861,L2,2025-11-24
E101812,476331,59510,L1,2019-04-27
E101813,1130861,138191,L3,2022-08-11
E101814,1314474,118512,L4,2020-08-04
E101815,1074455,78153,L3,2024-10-25
E101816,762128,112111,L2,2019-10-27
E101817,598107,49745,L1,2022-11-15
E101818,547817,34875,L1,2024-06-17
E101819,1023886,57060,L3,2022-11-25
E101820,405068,51155,L1,2021-03-27
E101821,584933,41735,L1,2025-10-11
E101822,1143688,81088,L3,2023-10-04
E101823,538450,74437,L1,2025-04-04
E101824,842117,50860,L2,2022-11-13
E101825,719458,98436,L2,2020-07-01
E101826,1896671,244331,L5,2019-03-04
E101827,1866528,237226,L5,2025-05-12
E101828,1028508,126159,L3,2025-06-20
E101829,559444,65721,L1,2022-08-24
E101830,871985,79752,L2,2020-02-05
E101831,1819161,154379,L5,2023-08-06
E101832,983088,104873,L3,2023-06-15
E101833,2000398,149059,L5,2023-03-10
E101834,873981,91054,L2,2023-02-07
E101835,1053814,158057,L3,2020-06-10
E101836,636217,40208,L2,2024-07-27
E101837,516197,34934,L1,2025-02-11
E101838,819295,66182,L2,2021-04-10
E101839,1341826,105456,L4,2024-03-23
E101840,995984,65877,L3,2025-11-21
E101841,1154491,66745,L3,2020-08-10
E101842,709072,46083,L2,2022-07-20
E101843,752480,85680,L2,2024-09-29
E101844,1995473,261755,L5,2024-02-10
E101845,583402,37245,L1,2021-10-05
E101846,1038626,72318,L3,2025-01-24
E101847,811330,74282,L2,2024-08-09
E101848,1119442,145827,L3,2019-10-30
E101849,415955,28437,L1,2025-01-15
E101850,1124400,101524,L3,2024-05-12
E101851,708933,89963,L2,2023-11-20
E101852,947149,60279,L3,2023-05-28
E101853,617939,86116,L2,2025-03-31
E101854,542290,45983,L1,2022-09-20
E101855,1104016,118332,L3,2022-08-09
E101856,1525942,177284,L4,2022-03-23
E101857,1296600,182873,L4,2025-12-22
E101858,740926,91287,L2,2020-03-11
E101859,821852,107857,L2,2022-05-23
E101860,638651,43490,L2,2020-08-30
E101861,1160024,140584,L3,2021-01-30
E101862,804688,70478,L2,2026-03-25
E101863,450301,50144,L1,2025-01-17
E101864,718343,38181,L2,2026-02-15
E101865,618986,61430,L2,2025-05-19
E101866,1138741,134786,L3,2021-04-09
E101867,930487,83261,L3,2026-01-13
E101868,716941,80497,L2,2023-04-28
E101869,1856626,131552,L5,2021-12-23
E101870,1207877,118503,L4,2025-04-27
E101871,782927,97573,L2,2026-01-12
E101872,404866,57558,L1,2019-02-02
E101873,727208,69354,L2,2024-03-02
E101874,1004256,96730,L3,2022-05-07
E101875,795586,89460,L2,2021-02-08
E101876,1017672,55548,L3,2025-03-29
E101877,1042448,147455,L3,2021-12-10
E101878,871197,113298,L2,2023-09-17
E101879,986731,81829,L3,2020-08-11
E101880,1146330,68039,L3,2026-07-13
E101881,1372762,122960,L4,2024-12-13
E101882,515013,45514,L1,2026-06-18
E101883,685155,56168,L2,2019-09-10
E101884,539818,46255,L1,2025-09-30
E101885,828818,101978,L2,2020-05-24
E101886,812873,109900,L2,2025-01-04
E101887,660548,96128,L2,2024-04-27
E101888,486174,34627,L1,2026-03-09
E101889,584878,53944,L1,2019-12-22
E101890,803294,99077,L2,2022-03-14
E101891,634266,73119,L2,2019-08-07
E101892,1089313,108710,L3,2019-11-09
E101893,632527,94367,L2,2021-12-05
E101894,915670,109127,L3,2022-05-26
E101895,842413,104255,L2,2024-01-25
E101896,885695,100596,L2,2023-06-06
E101897,850599,69023,L2,2022-12-21
E101898,1102344,112510,L3,2019-04-10
E101899,522781,65805,L1,2023-09-09
E101900,1739656,240979,L5,2019-04-04
E101901,1111859,131991,L3,2025-01-15
E101902,432454,59340,L1,2019-12-26
E101903,727562,87528,L2,2025-03-14
E101904,2190672,194935,L5,2025-09-03
E101905,680799,96658,L2,2024-07-03
E101906,750966,41935,L2,2021-01-02
E101907,1310766,80634,L4,2025-10-26
E101908,933876,76516,L3,2023-12-18
E101909,520860,52090,L1,2024-06-10
E101910,952369,129825,L3,2019-12-19
E101911,788762,98592,L2,2021-01-29
E101912,927045,77625,L3,2021-06-03
E101913,883310,92224,L2,2025-03-05
E101914,2072882,278933,L5,2020-10-18
E101915,927534,131097,L3,2022-08-09
E101916,789915,70547,L2,2021-01-02
E101917,519847,32760,L1,2021-10-16
E101918,1827011,135752,L5,2021-04-25
E101919,870876,81937,L2,2023-07-11
E101920,660150,97630,L2,2021-01-19
E101921,413357,44697,L1,2022-11-06
E101922,503459,65611,L1,2021-02-09
E101923,1025243,137233,L3,2025-02-20
E101924,590199,41244,L1,2020-09-14
E101925,831198,65812,L2,2018-12-28
E101926,492810,27050,L1,2025-03-13
E101927,843281,49059,L2,2021-06-24
E101928,752379,68722,L2,2020-11-03
E101929,704544,90189,L2,2022-04-24
E101930,609097,52544,L2,2025-12-19
E101931,674960,39854,L2,2026-10-03
E101932,892193,60143,L2,2025-05-24
E101933,828859,51587,L2,2022-09-26
E101934,1118814,147736,L3,2021-08-17
E101935,857930,104176,L2,2021-08-03
E101936,995685,71665,L3,2022-05-06
E101937,1132033,124290,L3,2022-03-08
E101938,1111228,121850,L3,2026-03-29
E101939,523736,73222,L1,2025-02-24
E101940,629444,70031,L2,2022-11-28
E101941,889495,86011,L2,2021-08-09
E101942,750883,103825,L2,2023-10-13
E101943,1551509,189489,L4,2022-04-01
E101944,1012563,62681,L3,2022-04-12
E101945,629563,71926,L2,2022-09-05
E101946,1197771,115042,L3,2020-10-23
E101947,646977,72259,L2,2022-08-31
E101948,592742,77006,L1,2023-08-23
E101949,739552,103750,L2,2024-05-09
E101950,759212,89173,L2,2024-10-17
E101951,1146723,116944,L3,2024-08-10
E101952,501460,71119,L1,2022-01-11
E101953,553094,68894,L1,2019-09-21
E101954,607651,67889,L2,2020-09-05
E101955,773688,91190,L2,2021-08-16
E101956,1148216,84893,L3,2022-07-06
E101957,2059739,174721,L5,2025-11-13
E101958,532095,58951,L1,2021-09-15
E101959,1771891,113406,L5,2023-04-21
E101960,695340,56999,L2,2025-04-05
E101961,1343869,170862,L4,2021-03-12
E101962,528153,54788,L1,2024-03-24
E101963,729630,73819,L2,2022-08-03
E101964,582932,41088,L1,2024-10-27
E101965,891444,117716,L2,2024-04-24
E101966,574776,61828,L1,2023-12-03
E101967,1554960,232908,L4,2021-03-10
E101968,535556,35382,L1,2020-01-13
E101969,634832,89932,L2,2023-02-20
E101970,663055,33245,L2,2024-11-12
E101971,937264,56812,L3,2023-01-23
E101972,1092467,61883,L3,2021-10-11
E101973,1174118,88362,L3,2020-05-13
E101974,526473,65456,L1,2023-02-11
E101975,524447,60610,L1,2022-10-19
E101976,754588,80002,L2,2021-10-30
E101977,1092171,146047,L3,2025-02-26
E101978,420368,59542,L1,2024-07-10
E101979,933164,69429,L3,2019-03-31
E101980,460630,58772,L1,2023-07-01
E101981,918706,110196,L3,2023-03-12
E101982,969190,143724,L3,2024-08-13
E101983,837787,88932,L2,2026-01-23
E101984,872000,105098,L2,2022-09-14
E101985,491061,35334,L1,2021-07-01
E101986,418463,41336,L1,2025-05-24
E101987,1415625,136297,L4,2022-05-11
E101988,439760,63456,L1,2020-09-07
E101989,892103,103251,L2,2026-01-17
E101990,636861,87982,L2,2026-08-22
E101991,616761,52886,L2,2026-08-26
E101992,1146608,98225,L3,2022-06-23
E101993,481456,71200,L1,2023-12-08
E101994,707601,100300,L2,2020-04-06
E101995,957577,82635,L3,2018-07-29
E101996,837083,96297,L2,2023-01-19
E101997,994997,83319,L3,2026-01-14
E101998,1161380,139513,L3,2020-03-24
E101999,498102,70137,L1,2024-04-14
E102000,1172703,174255,L3,2019-06-23
E102001,668201,82891,L2,2022-02-05
E102002,470781,39234,L1,2023-04-20
E102003,951227,74845,L3,2021-09-14
E102004,1012604,82018,L3,2025-10-13
E102005,1079653,155648,L3,2019-11-08
E102006,1161585,70443,L3,2024-04-21
E102007,1127005,165711,L3,2020-04-12
E102008,691466,80705,L2,2024-12-01
E102009,1489539,119785,L4,2025-09-16
E102010,463968,50336,L1,2022-03-13
E102011,828494,61747,L2,2022-12-22
E102012,848399,91485,L2,2019-08-16
E102013,1113508,153839,L3,2023-10-08
E102014,963724,111957,L3,2023-01-31
E102015,807781,70270,L2,2018-10-22
E102016,789790,62853,L2,2024-06-01
E102017,1159542,128517,L3,2020-01-21
E102018,1049115,61842,L3,2022-07-29
E102019,794817,59346,L2,2019-09-18
E102020,780432,115356,L2,2020-01-24
E102021,796818,70380,L2,2024-02-28
E102022,436347,30681,L1,2020-06-19
E102023,475601,54735,L1,2021-10-23
E102024,908143,46649,L3,2023-01-08
E102025,730886,45934,L2,2020-08-31
E102026,775523,71341,L2,2025-02-13
E102027,818376,106503,L2,2021-02-24
E102028,468308,38811,L1,2022-08-26
E102029,722068,98093,L2,2022-03-18
E102030,773627,69225,L2,2025-01-04
E102031,1217212,124423,L4,2021-05-15
E102032,519035,47447,L1,2020-10-26
E102033,1230478,135845,L4,2021-04-05
E102034,938589,99637,L3,2022-06-20
E102035,477832,33918,L1,2024-02-25
E102036,636958,68001,L2,2020-04-30
E102037,2176472,247186,L5,2025-08-13
E102038,814935,61047,L2,2026-01-25
E102039,937670,122670,L3,2023-03-01
E102040,741715,42843,L2,2021-03-05
E102041,1891022,118146,L5,2021-10-03
E102042,780020,74331,L2,2025-01-26
E102043,2167011,135316,L5,2022-04-07
E102044,468493,30698,L1,2020-03-17
E102045,997678,61472,L3,2025-10-22
E102046,1102157,61682,L3,2022-03-12
E102047,614099,66385,L2,2020-03-01
E102048,515482,46880,L1,2020-04-01
E102049,875534,102578,L2,2023-05-08
E102050,617616,89468,L2,2024-05-09
E102051,1331611,197511,L4,2022-08-08
E102052,420978,58447,L1,2023-04-09
E102053,571434,80046,L1,2019-10-02
E102054,1423138,121051,L4,2025-06-19
E102055,762784,81870,L2,2021-01-18
E102056,814431,47706,L2,2023-11-28
E102057,600722,73344,L2,2022-09-30
E102058,1587027,128054,L4,2021-05-31
E102059,406690,44291,L1,2021-05-19
E102060,922871,107746,L3,2024-07-13
E102061,1049988,108816,L3,2019-09-29
E102062,754590,63106,L2,2025-03-13
E102063,419885,54680,L1,2020-01-10
E102064,2198294,258462,L5,2024-09-25
E102065,546993,47289,L1,2021-02-20
E102066,520647,56561,L1,2023-10-20
E102067,483364,41368,L1,2019-03-20
E102068,1009790,78835,L3,2019-10-04
E102069,569369,54524,L1,2019-10-30
E102070,499633,51142,L1,2019-05-16
E102071,1443073,109202,L4,2023-12-25
E102072,820351,78967,L2,2020-09-19
E102073,737817,67998,L2,2021-01-20
E102074,1104920,57054,L3,2021-10-03
E102075,546253,60362,L1,2026-01-05
E102076,694822,103122,L2,2026-02-12
E102077,1577030,162389,L4,2025-07-07
E102078,1018489,146553,L3,2018-07-12
E102079,855126,49195,L2,2024-08-24
E102080,723885,54822,L2,2026-03-23
E102081,911351,124041,L3,2023-08-31
E102082,725744,93081,L2,2022-09-19
E102083,1557982,207831,L4,2022-09-29
E102084,847588,109097,L2,2025-02-01
E102085,505022,31855,L1,2023-03-20
E102086,557696,53231,L1,2019-04-18
E102087,645944,54780,L2,2023-04-28
E102088,1015991,83457,L3,2024-06-30
E102089,812874,118119,L2,2020-01-28
E102090,1004884,96351,L3,2021-03-08
E102091,894197,127224,L2,2025-10-06
E102092,433153,33125,L1,2024-02-28
E102093,1268509,107243,L4,2022-05-23
E102094,780438,44765,L2,2020-10-25
E102095,1525752,171534,L4,2023-01-04
E102096,555792,33087,L1,2021-12-01
E102097,702904,85394,L2,2020-05-12
E102098,702862,93205,L2,2022-01-16
E102099,731440,79373,L2,2022-10-09
E102100,1022177,57904,L3,2021-07-19
E102101,594108,52826,L1,2021-05-13
E102102,415320,40989,L1,2020-11-22
E102103,866174,81405,L2,2024-06-23
E102104,457332,42903,L1,2022-05-17
E102105,1264599,187408,L4,2021-03-05
E102106,446979,23946,L1,2022-04-23
E102107,760130,97390,L2,2021-05-28
E102108,699152,78687,L2,2025-07-12
E102109,849725,61157,L2,2019-09-24
E102110,515010,47355,L1,2019-09-12
E102111,1109062,158858,L3,2018-09-16
E102112,633632,77194,L2,2020-06-20
E102113,510850,48551,L1,2023-10-15
E102114,965443,102712,L3,2022-07-29
E102115,924438,114712,L3,2026-02-06
E102116,914676,103520,L3,2024-07-19
E102117,580005,30471,L1,2022-07-21
E102118,1093174,71217,L3,2022-08-09
E102119,474734,54695,L1,2024-01-19
E102120,1426628,211715,L4,2024-07-10
E102121,416497,60755,L1,2021-06-14
E102122,794773,83673,L2,2018-08-16
E102123,524985,47445,L1,2023-09-25
E102124,1131658,147796,L3,2023-07-09
E102125,841595,80076,L2,2022-10-10
E102126,1957133,173583,L5,2025-05-07
E102127,429456,33740,L1,2018-10-26
E102128,437033,31291,L1,2023-02-10
E102129,1900363,124528,L5,2023-10-11
E102130,534817,65728,L1,2024-08-11
E102131,1049215,102641,L3,2020-05-25
E102132,903225,100533,L3,2023-02-18
E102133,413459,47446,L1,2022-10-18
E102134,528655,52594,L1,2024-01-01
E102135,455203,51118,L1,2019-03-09
E102136,866620,91357,L2,2020-11-03
E102137,636654,48218,L2,2019-09-24
E102138,709028,84094,L2,2025-12-28
E102139,885531,59193,L2,2018-06-17
E102140,680222,74976,L2,2021-09-25
E102141,592151,83409,L1,2022-07-19
E102142,1843450,120393,L5,2026-04-06
E102143,2141093,315676,L5,2021-07-21
E102144,897887,87150,L2,2023-11-16
E102145,1039362,104143,L3,2025-01-01
E102146,899726,72351,L2,2020-01-08
E102147,1986517,222549,L5,2023-12-05
E102148,547093,61534,L1,2023-07-06
E102149,1025736,142312,L3,2019-08-10
E102150,639093,67254,L2,2022-07-30
E102151,1399285,116875,L4,2020-08-17
E102152,553113,47808,L1,2021-03-02
E102153,482504,45070,L1,2022-08-03
E102154,1028389,77548,L3,2024-01-30
E102155,786376,50797,L2,2020-08-01
E102156,1038727,143299,L3,2021-01-22
E102157,668614,67110,L2,2022-01-26
E102158,1191853,124249,L3,2019-12-18
E102159,687644,69555,L2,2024-03-15
E102160,848689,113914,L2,2022-01-20
E102161,1124903,143973,L3,2020-07-10
E102162,772489,80827,L2,2024-10-30
E102163,1026013,52644,L3,2022-07-29
E102164,553621,36219,L1,2020-01-08
E102165,1165668,80545,L3,2023-10-29
E102166,660167,74763,L2,2023-10-21
E102167,684266,44161,L2,2021-03-26
E102168,1174386,126076,L3,2025-03-12
E102169,1248238,70903,L4,2020-04-23
E102170,500921,39575,L1,2023-12-27
E102171,430309,46710,L1,2022-11-09
E102172,856859,118423,L2,2024-07-23
E102173,678101,57113,L2,2024-05-16
E102174,414162,37192,L1,2019-10-14
E102175,663390,50605,L2,2023-02-12
E102176,1240326,73405,L4,2024-08-09
E102177,606032,84993,L2,2021-02-11
E102178,995896,91322,L3,2021-03-04
E102179,616333,37514,L2,2024-01-16
E102180,880623,47826,L2,2023-09-19
E102181,604005,35482,L2,2021-10-24
E102182,434025,53629,L1,2024-08-14
E102183,958541,143085,L3,2022-02-11
E102184,847634,58655,L2,2019-04-24
E102185,809773,98244,L2,2023-07-02
E102186,613449,78374,L2,2022-04-04
E102187,631233,54144,L2,2019-10-31
E102188,719340,50008,L2,2024-11-20
E102189,1955615,240268,L5,2023-12-29
E102190,1128065,160819,L3,2025-07-24
E102191,1460516,146987,L4,2021-11-25
E102192,478580,48018,L1,2022-10-17
E102193,623160,34347,L2,2024-02-24
E102194,1097475,152963,L3,2020-01-25
E102195,1104825,76190,L3,2021-08-09
E102196,1243403,85859,L4,2020-09-28
E102197,806265,50212,L2,2024-01-15
E102198,657538,51403,L2,2024-01-04
E102199,637419,60413,L2,2024-10-12
E102200,812389,63617,L2,2020-11-01
E102201,521695,52005,L1,2022-02-03
E102202,524905,75240,L1,2019-12-30
E102203,935544,91507,L3,2018-06-11
E102204,549553,47290,L1,2021-11-29
E102205,512314,38302,L1,2019-09-09
E102206,927562,84033,L3,2021-08-02
E102207,1235337,170091,L4,2020-06-25
E102208,1018462,80188,L3,2025-09-14
E102209,2123322,179498,L5,2022-09-19
E102210,789185,55056,L2,2024-05-12
E102211,957465,52569,L3,2023-03-15
E102212,780728,57497,L2,2021-10-03
E102213,852167,111224,L2,2023-08-21
E102214,927729,99197,L3,2019-04-29
E102215,1196026,94545,L3,2022-05-06
E102216,588776,59959,L1,2023-07-01
E102217,1125204,112865,L3,2022-10-23
E102218,450206,60600,L1,2022-06-04
E102219,1188995,155521,L3,2022-04-26
E102220,783143,99757,L2,2020-09-14
E102221,936676,94060,L3,2022-10-22
E102222,1045704,108072,L3,2020-10-14
E102223,468251,65165,L1,2020-06-19
E102224,1251879,129576,L4,2023-07-20
E102225,763167,85588,L2,2022-07-13
E102226,776687,66083,L2,2023-08-30
E102227,812471,63843,L2,2020-04-23
E102228,1355551,169948,L4,2026-02-02
E102229,1190826,101352,L3,2024-03-20
E102230,759515,67955,L2,2018-10-19
E102231,1012199,104989,L3,2024-02-28
E102232,1181933,150044,L3,2021-06-13
E102233,1705611,125933,L5,2024-12-01
E102234,432866,61247,L1,2023-04-09
E102235,659854,63274,L2,2021-07-22
E102236,431827,27970,L1,2023-07-07
E102237,654855,51283,L2,2022-01-27
E102238,597506,79820,L1,2024-06-30
E102239,968017,102964,L3,2020-02-13
E102240,1190012,178342,L3,2022-10-14
E102241,407886,29570,L1,2024-12-11
E102242,1205332,114513,L4,2023-05-03
E102243,1689591,88625,L5,2023-11-18
E102244,1606751,88444,L5,2025-01-16
E102245,919365,68391,L3,2021-08-18
E102246,1117076,124721,L3,2020-06-26
E102247,581039,85615,L1,2021-08-26
E102248,957292,51988,L3,2021-11-10
E102249,1360247,85522,L4,2026-01-07
E102250,553449,50183,L1,2019-10-29
E102251,500849,43360,L1,2020-05-11
E102252,902828,115078,L3,2025-06-05
E102253,498857,49294,L1,2023-11-10
E102254,828645,54657,L2,2024-04-12
E102255,712919,63214,L2,2022-08-11
E102256,1005706,99892,L3,2022-08-23
E102257,664538,76806,L2,2025-03-31
E102258,703117,69952,L2,2021-01-27
E102259,816826,78937,L2,2023-05-14
E102260,956551,123399,L3,2024-03-27
E102261,800176,53878,L2,2025-08-29
E102262,829228,119255,L2,2019-12-09
E102263,1073733,86262,L3,2022-02-25
E102264,1091040,75177,L3,2024-10-01
E102265,1464385,157259,L4,2022-06-02
E102266,567818,84511,L1,2020-04-02
E102267,657954,56794,L2,2026-02-20
E102268,1103156,117446,L3,2022-10-20
E102269,459691,54590,L1,2025-07-16
E102270,968218,74054,L3,2020-07-05
E102271,1160755,126050,L3,2023-07-24
E102272,830307,44642,L2,2020-06-05
E102273,735633,76674,L2,2023-08-09
E102274,900678,110567,L3,2023-12-28
E102275,656284,97791,L2,2022-08-22
E102276,698509,53899,L2,2019-02-15
E102277,720498,79809,L2,2022-05-10
E102278,993854,52100,L3,2020-04-03
E102279,587860,31345,L1,2021-08-28
E102280,506233,34488,L1,2025-08-09
E102281,861002,129106,L2,2020-03-08
E102282,688181,51038,L2,2019-07-04
E102283,409808,32869,L1,2024-06-30
E102284,834661,89448,L2,2024-04-14
E102285,886560,89457,L2,2020-04-06
E102286,569479,43771,L1,2024-07-08
E102287,1010149,123112,L3,2023-02-27
E102288,492420,31351,L1,2023-02-16
E102289,1128411,101706,L3,2020-11-02
E102290,1530583,147347,L4,2024-01-17
E102291,698524,62053,L2,2020-09-26
E102292,681285,69749,L2,2024-02-29
E102293,1521240,186898,L4,2024-08-24
E102294,968232,96435,L3,2024-03-07
E102295,550814,81095,L1,2019-12-01
E102296,1133151,121436,L3,2021-10-06
E102297,932397,129279,L3,2022-05-26
E102298,740089,100944,L2,2023-10-02
E102299,926971,75587,L3,2020-12-30
E102300,1501944,223283,L4,2021-08-18
E102301,809389,47950,L2,2019-03-18
E102302,917552,59100,L3,2019-10-19
E102303,692846,96006,L2,2020-07-30
E102304,708705,36545,L2,2023-02-20
E102305,2124995,201537,L5,2022-04-07
E102306,511053,64077,L1,2019-03-27
E102307,851346,103711,L2,2023-07-02
E102308,1660176,175720,L5,2027-02-14
E102309,631770,34157,L2,2022-10-26
E102310,817479,100245,L2,2020-09-07
E102311,1384927,121108,L4,2022-11-14
E102312,578828,73578,L1,2022-09-07
E102313,604889,86684,L2,2023-09-09
E102314,637623,36195,L2,2022-08-03
E102315,492063,56662,L1,2022-07-21
E102316,1133133,104850,L3,2023-11-17
E102317,811134,109977,L2,2022-11-30
E102318,659664,65773,L2,2021-10-04
E102319,1833220,191665,L5,2020-01-24
E102320,1319464,67562,L4,2023-08-15
E102321,1078183,89763,L3,2020-06-07
E102322,1126171,129302,L3,2024-05-20
E102323,468786,33442,L1,2020-09-02
E102324,646214,53102,L2,2025-04-17
E102325,1752643,159211,L5,2025-09-20
E102326,469783,27707,L1,2020-09-17
E102327,1520087,103009,L4,2024-06-14
E102328,1096014,94178,L3,2018-10-15
E102329,1121848,138488,L3,2020-08-18
E102330,1474014,132896,L4,2021-08-03
E102331,978306,54394,L3,2019-07-14
E102332,975434,80444,L3,2021-04-05
E102333,588585,41064,L1,2021-08-12
E102334,1103217,101297,L3,2020-04-29
E102335,2094199,311203,L5,2026-05-17
E102336,626431,78004,L2,2020-03-09
E102337,1146808,86893,L3,2025-02-21
E102338,1062126,68701,L3,2021-11-22
E102339,663833,74613,L2,2020-11-29
E102340,643813,63857,L2,2021-10-31
E102341,1506701,77872,L4,2026-06-20
E102342,820737,52162,L2,2023-10-13
E102343,413284,26651,L1,2024-11-21
E102344,446305,48741,L1,2026-04-12
E102345,600997,82201,L2,2025-08-11
E102346,1557351,156772,L4,2019-09-12
E102347,1506245,159641,L4,2020-09-04
E102348,631031,81445,L2,2023-05-04
E102349,1140788,96891,L3,2023-01-29
E102350,1536950,220535,L4,2020-06-03
E102351,690714,41692,L2,2023-01-21
E102352,459888,25086,L1,2024-07-31
E102353,1499588,132907,L4,2022-01-06
E102354,1247869,152405,L4,2022-10-28
E102355,618170,84446,L2,2020-11-15
E102356,667296,53935,L2,2022-04-29
E102357,1057004,119133,L3,2024-02-17
E102358,411354,33903,L1,2020-05-24
E102359,784958,116751,L2,2019-07-10
E102360,625102,83970,L2,2018-12-27
E102361,698416,42829,L2,2019-11-03
E102362,1145239,75019,L3,2021-01-09
E102363,778360,82607,L2,2021-06-04
E102364,441540,48165,L1,2021-09-21
E102365,1011627,51896,L3,2020-11-13
E102366,1144047,82391,L3,2022-01-29
E102367,785856,69532,L2,2025-03-07
E102368,780052,98214,L2,2019-11-08
E102369,815023,76923,L2,2020-03-21
E102370,1024111,145892,L3,2022-04-04
E102371,806562,87142,L2,2024-12-15
E102372,959060,91090,L3,2021-01-03
E102373,1315322,111361,L4,2019-06-26
E102374,2022610,250859,L5,2024-12-16
E102375,737098,77274,L2,2023-09-27
E102376,882835,129095,L2,2025-01-20
E102377,822290,116199,L2,2023-08-19
E102378,923354,95737,L3,2023-05-16
E102379,800159,67065,L2,2023-12-05
E102380,1545582,141368,L4,2023-01-22
E102381,1280533,150073,L4,2025-10-04
E102382,1110212,133724,L3,2020-08-15
E102383,890213,45649,L2,2025-03-07
E102384,894781,73689,L2,2021-10-14
E102385,648527,84995,L2,2024-01-20
E102386,1097141,140745,L3,2025-04-19
E102387,1012264,98774,L3,2019-04-28
E102388,430434,45872,L1,2020-01-08
E102389,1283017,74960,L4,2023-11-04
E102390,1415780,87795,L4,2023-09-24
E102391,468581,27203,L1,2018-09-18
E102392,533630,41216,L1,2024-02-08
E102393,526654,49180,L1,2021-08-18
E102394,770423,111067,L2,2019-12-08
E102395,964964,58034,L3,2021-09-13
E102396,923109,122237,L3,2022-05-24
E102397,1189075,148630,L3,2024-07-02
E102398,534419,35737,L1,2023-05-03
E102399,654115,69857,L2,2020-05-12
E102400,708779,103667,L2,2024-01-24
E102401,1076504,149263,L3,2020-09-30
E102402,460690,44970,L1,2021-02-01
E102403,706626,96706,L2,2022-05-21
E102404,437082,37041,L1,2022-10-19
E102405,814627,101402,L2,2019-12-25
E102406,1017124,76432,L3,2020-12-16
E102407,440715,28362,L1,2018-08-04
E102408,641646,71861,L2,2024-09-19
E102409,1106735,161855,L3,2024-12-12
E102410,417987,50169,L1,2025-01-11
E102411,869054,57561,L2,2025-10-03
E102412,1065980,123288,L3,2023-06-29
E102413,1493976,150672,L4,2024-10-18
E102414,787257,76547,L2,2024-06-18
E102415,1084631,94777,L3,2024-07-30
E102416,620416,68969,L2,2020-12-21
E102417,2097770,156631,L5,2021-10-08
E102418,1177861,104206,L3,2024-09-19
E102419,507587,64894,L1,2025-02-11
E102420,779710,99704,L2,2025-04-12
E102421,1119067,127693,L3,2021-06-16
E102422,910104,59864,L3,2025-08-31
E102423,1744368,250567,L5,2019-05-11
E102424,1096111,117637,L3,2024-05-27
E102425,661060,71554,L2,2022-05-04
E102426,1063827,79075,L3,2022-07-09
E102427,1208623,77472,L4,2025-03-11
E102428,607080,54340,L2,2024-09-03
E102429,848881,61680,L2,2019-09-18
E102430,451304,30085,L1,2020-06-07
E102431,1527605,184365,L4,2021-07-06
E102432,1050684,115789,L3,2020-05-14
E102433,1117000,87851,L3,2020-11-28
E102434,1745004,138838,L5,2023-03-07
E102435,634307,61201,L2,2021-01-24
E102436,1116454,151328,L3,2019-09-22
E102437,405945,57434,L1,2025-07-09
E102438,991885,92963,L3,2021-06-17
E102439,1106399,57121,L3,2025-07-11
E102440,1028535,122251,L3,2020-09-13
E102441,673990,95557,L2,2024-07-04
E102442,408645,30496,L1,2022-07-30
E102443,615005,48219,L2,2021-09-30
E102444,1260276,183025,L4,2021-07-04
E102445,1233468,102731,L4,2023-01-20
E102446,471297,24444,L1,2021-01-20
E102447,2151951,148368,L5,2024-05-15
E102448,813789,97377,L2,2019-02-12
E102449,589577,83976,L1,2018-03-11
E102450,855824,107800,L2,2025-03-14
E102451,630714,84661,L2,2023-01-08
E102452,975572,83077,L3,2022-01-10
E102453,804176,91887,L2,2020-02-24
E102454,1156863,83953,L3,2025-05-28
E102455,424858,36522,L1,2022-05-09
E102456,540814,33826,L1,2023-06-19
E102457,923980,101885,L3,2021-11-30
E102458,841124,52961,L2,2023-02-01
E102459,1477366,150586,L4,2024-06-03
E102460,642120,91647,L2,2026-10-11
E102461,1683369,244565,L5,2025-12-25
E102462,776021,79257,L2,2022-09-03
E102463,1917769,103469,L5,2024-06-26
E102464,820309,79062,L2,2022-09-03
E102465,704238,72929,L2,2018-11-17
E102466,933829,50773,L3,2021-01-05
E102467,828932,51670,L2,2025-08-14
E102468,794348,86892,L2,2018-11-24
E102469,951109,131795,L3,2024-03-24
E102470,561435,32604,L1,2020-10-23
E102471,1400363,174857,L4,2020-12-12
E102472,2068163,190603,L5,2020-07-19
E102473,658081,58823,L2,2020-04-04
E102474,867107,118331,L2,2025-02-11
E102475,891765,82799,L2,2025-02-12
E102476,807028,84173,L2,2025-03-27
E102477,656006,70047,L2,2025-08-01
E102478,750450,96761,L2,2025-08-09
E102479,1519952,215785,L4,2020-10-26
E102480,2072672,198128,L5,2021-09-17
E102481,494508,38190,L1,2022-08-31
E102482,1372282,95648,L4,2019-04-11
E102483,1178197,166654,L3,2022-04-17
E102484,921600,113008,L3,2021-06-17
E102485,547541,43035,L1,2021-05-15
E102486,754841,106552,L2,2023-01-07
E102487,1132831,95675,L3,2023-11-23
E102488,596111,32369,L1,2022-10-12
E102489,503011,67642,L1,2021-09-04
E102490,795588,60784,L2,2019-06-14
E102491,479771,42564,L1,2025-09-02
E102492,853090,121823,L2,2022-07-17
E102493,781220,99176,L2,2021-12-24
E102494,427393,62532,L1,2021-11-15
E102495,1042321,93578,L3,2026-03-14
E102496,457311,57604,L1,2022-07-16
E102497,473955,36184,L1,2020-03-15
E102498,969809,79440,L3,2019-09-30
E102499,655691,61647,L2,2022-04-18
E102500,1038276,85499,L3,2022-12-15
E102501,974321,130660,L3,2026-03-07
E102502,990419,75929,L3,2025-12-31
E102503,604008,69167,L2,2018-09-13
E102504,1639533,112123,L5,2020-02-29
E102505,1143726,121795,L3,2020-09-29
E102506,531678,30513,L1,2023-10-30
E102507,425233,33952,L1,2018-10-15
E102508,728958,59938,L2,2025-06-16
E102509,797530,45076,L2,2024-04-11
E102510,1063962,71141,L3,2021-06-26
E102511,646679,87441,L2,2021-12-28
E102512,688755,88374,L2,2018-03-06
E102513,1273157,96712,L4,2020-12-16
E102514,619122,68416,L2,2020-10-25
E102515,1052883,111804,L3,2020-09-30
E102516,746785,82664,L2,2022-06-25
E102517,1109422,82908,L3,2024-12-05
E102518,451328,62413,L1,2021-06-18
E102519,496503,42250,L1,2025-05-11
E102520,518497,59282,L1,2024-02-21
E102521,1504622,150220,L4,2019-12-28
E102522,506934,61982,L1,2019-05-31
E102523,956527,142351,L3,2019-10-21
E102524,898664,68545,L2,2021-12-19
E102525,980159,133707,L3,2022-02-06
E102526,2096580,205111,L5,2025-12-21
E102527,1322502,183187,L4,2024-04-23
E102528,812614,73461,L2,2024-10-07
E102529,482052,49645,L1,2026-06-09
E102530,856267,81113,L2,2022-07-01
E102531,520662,74215,L1,2024-12-24
E102532,449268,26013,L1,2025-09-14
E102533,2088863,208331,L5,2022-08-21
E102534,440046,23777,L1,2024-01-07
E102535,1362155,74480,L4,2022-12-22
E102536,498521,63243,L1,2021-10-21
E102537,1305923,114589,L4,2021-11-14
E102538,886565,114764,L2,2020-02-12
E102539,1096833,94419,L3,2020-04-14
E102540,1671922,248495,L5,2024-04-08
E102541,682459,34746,L2,2024-05-15
E102542,1397156,125118,L4,2023-07-26
E102543,571592,48422,L1,2026-05-17
E102544,782385,99529,L2,2026-08-06
E102545,459498,46619,L1,2024-02-18
E102546,656479,75731,L2,2025-01-05
E102547,406482,38247,L1,2019-07-15
E102548,813044,56872,L2,2023-02-15
E102549,1391747,90294,L4,2024-04-25
E102550,598732,58453,L1,2019-11-28
E102551,770058,69047,L2,2022-10-20
E102552,1596114,172710,L4,2023-09-08
E102553,1004140,72656,L3,2026-07-02
E102554,1758761,90772,L5,2020-04-24
E102555,924729,58835,L3,2022-01-08
E102556,1788409,254762,L5,2024-09-19
E102557,412980,55105,L1,2020-06-24
E102558,496533,33136,L1,2025-06-07
E102559,533063,54916,L1,2025-12-24
E102560,991545,68681,L3,2022-05-12
E102561,657350,78922,L2,2023-08-04
E102562,553335,43517,L1,2022-11-10
E102563,534853,71201,L1,2023-10-27
E102564,1214155,138341,L4,2023-12-25
E102565,808392,82685,L2,2020-12-11
E102566,920588,66872,L3,2025-12-04
E102567,446651,65236,L1,2021-04-04
E102568,840800,100923,L2,2021-08-04
E102569,705096,85478,L2,2024-08-31
E102570,1310544,178336,L4,2023-01-10
E102571,641467,81757,L2,2021-11-14
E102572,1161336,155803,L3,2020-06-09
E102573,744461,107190,L2,2021-11-28
E102574,994743,112494,L3,2021-02-07
E102575,722987,73300,L2,2023-02-28
E102576,701310,65744,L2,2022-03-24
E102577,636153,50972,L2,2020-11-05
E102578,754411,98891,L2,2024-02-16
E102579,1435654,174665,L4,2022-03-27
E102580,491814,50747,L1,2018-12-15
E102581,416844,23619,L1,2024-03-03
E102582,679187,35817,L2,2022-06-07
E102583,802949,43054,L2,2019-08-11
E102584,833985,57517,L2,2023-11-13
E102585,864605,84630,L2,2020-11-26
E102586,613880,53140,L2,2025-06-09
E102587,1437548,111924,L4,2025-04-03
E102588,645091,44856,L2,2025-07-19
E102589,1419855,98845,L4,2023-09-06
E102590,667951,73278,L2,2020-07-16
E102591,1351025,134149,L4,2022-01-05
E102592,769790,92929,L2,2022-01-25
E102593,1415888,174892,L4,2026-06-09
E102594,846170,99804,L2,2018-07-30
E102595,796879,107415,L2,2025-03-08
E102596,839328,97978,L2,2020-09-12
E102597,2197990,262831,L5,2022-06-26
E102598,1027438,68348,L3,2026-02-14
E102599,701507,66595,L2,2024-05-16
E102600,624741,81042,L2,2026-03-08
E102601,544476,32549,L1,2024-01-10
E102602,1062805,159129,L3,2022-09-29
E102603,784934,83772,L2,2024-10-18
E102604,594782,49358,L1,2020-07-28
E102605,811041,83817,L2,2024-01-19
E102606,525870,54303,L1,2022-10-08
E102607,582866,66064,L1,2026-12-11
E102608,1168618,67601,L3,2023-08-19
E102609,618528,83289,L2,2021-05-05
E102610,571437,67440,L1,2023-09-24
E102611,982370,85604,L3,2026-03-28
E102612,1198797,167007,L3,2022-08-28
E102613,748665,85958,L2,2022-01-10
E102614,587891,80405,L1,2024-11-20
E102615,545271,66572,L1,2022-08-22
E102616,610629,58529,L2,2024-09-01
E102617,1588698,149709,L4,2021-09-26
E102618,965331,139803,L3,2023-09-20
E102619,693356,98165,L2,2025-03-12
E102620,815898,53709,L2,2024-05-12
E102621,1548597,161085,L4,2023-07-08
E102622,1433517,150905,L4,2020-07-22
E102623,730542,52548,L2,2023-10-29
E102624,996600,143304,L3,2020-10-09
E102625,764298,112274,L2,2019-12-16
E102626,1100350,75368,L3,2025-06-27
E102627,443931,54787,L1,2021-06-16
E102628,626737,42414,L2,2023-09-05
E102629,471230,52496,L1,2020-04-11
E102630,551751,71154,L1,2020-12-13
E102631,673519,38438,L2,2023-02-14
E102632,843756,79623,L2,2023-12-22
E102633,862699,50726,L2,2020-05-26
E102634,601212,33785,L2,2024-11-16
E102635,499366,42703,L1,2024-12-01
E102636,572334,62952,L1,2020-01-04
E102637,753793,48974,L2,2023-06-07
E102638,402691,35390,L1,2024-05-17
E102639,477288,69518,L1,2021-10-26
E102640,1156369,94316,L3,2019-11-29
E102641,705423,85764,L2,2026-07-10
E102642,638599,87003,L2,2026-09-07
E102643,938950,83299,L3,2023-06-16
E102644,1484630,217465,L4,2023-02-06
E102645,879872,72334,L2,2023-12-13
E102646,1177650,118141,L3,2023-02-24
E102647,1038814,84651,L3,2020-11-08
E102648,1592998,86240,L4,2022-07-31
E102649,1518595,103252,L4,2018-03-04
E102650,876394,101760,L2,2020-07-10
E102651,1196538,60282,L3,2023-03-12
E102652,665661,72281,L2,2021-11-30
E102653,517256,57632,L1,2023-05-01
E102654,759157,83466,L2,2020-03-23
E102655,630080,93969,L2,2021-09-26
E102656,694662,46746,L2,2025-08-12
E102657,841216,123143,L2,2020-03-21
E102658,420575,46195,L1,2025-04-10
E102659,631394,75207,L2,2020-09-15
E102660,1091606,67695,L3,2022-11-13
E102661,744700,70629,L2,2021-11-25
E102662,1042890,152725,L3,2026-09-24
E102663,968408,99947,L3,2025-03-02
E102664,1212050,173692,L4,2019-08-21
E102665,690449,49868,L2,2023-09-11
E102666,539235,64392,L1,2021-10-11
E102667,794537,56617,L2,2025-04-03
E102668,496250,55970,L1,2019-04-20
E102669,756701,56596,L2,2024-12-02
E102670,1134613,58797,L3,2024-06-19
E102671,595678,46634,L1,2021-11-23
E102672,639917,78776,L2,2022-01-30
E102673,1656231,92328,L5,2021-06-30
E102674,486177,59987,L1,2018-10-23
E102675,860387,57239,L2,2025-03-15
E102676,1012473,71163,L3,2020-12-01
E102677,488135,69725,L1,2023-06-12
E102678,822377,53472,L2,2024-08-17
E102679,638003,48478,L2,2022-06-02
E102680,455531,25270,L1,2022-09-08
E102681,466863,49987,L1,2019-09-27
E102682,569870,66878,L1,2022-09-03
E102683,584338,75825,L1,2024-09-30
E102684,1078137,73421,L3,2026-09-15
E102685,506114,72556,L1,2021-08-24
E102686,893221,127971,L2,2020-07-16
E102687,1048602,117871,L3,2025-06-15
E102688,523483,52112,L1,2020-10-26
E102689,754429,78089,L2,2022-01-19
E102690,666836,33431,L2,2025-06-25
E102691,604003,71979,L2,2023-06-22
E102692,612313,38714,L2,2021-11-10
E102693,1134411,57690,L3,2021-09-30
E102694,425886,36357,L1,2025-03-21
E102695,724463,39299,L2,2025-07-20
E102696,1045661,148343,L3,2025-08-07
E102697,595045,59070,L1,2020-02-05
E102698,602065,44530,L2,2021-04-03
E102699,918286,80447,L3,2019-12-18
E102700,704635,95764,L2,2024-09-04
E102701,452073,59292,L1,2023-08-21
E102702,779570,75495,L2,2025-01-19
E102703,574531,84677,L1,2021-07-10
E102704,717381,47633,L2,2020-08-16
E102705,1050017,69241,L3,2023-01-09
E102706,678151,43380,L2,2020-03-24
E102707,591581,37341,L1,2020-07-07
E102708,417077,26580,L1,2023-04-15
E102709,516307,43665,L1,2020-03-07
E102710,773917,47372,L2,2024-06-21
E102711,969882,91679,L3,2019-04-01
E102712,1123979,105129,L3,2018-12-01
E102713,1094174,111102,L3,2019-10-23
E102714,948142,50643,L3,2024-02-05
E102715,426592,50664,L1,2020-01-03
E102716,2000440,266119,L5,2022-10-12
E102717,767506,79181,L2,2019-05-19
E102718,1182501,63444,L3,2025-01-26
E102719,1360331,84221,L4,2022-09-18
E102720,815657,84800,L2,2024-12-03
E102721,886344,44611,L2,2020-03-17
E102722,1329704,162186,L4,2026-06-07
E102723,1503388,138311,L4,2020-06-30
E102724,1075380,98025,L3,2024-12-21
E102725,1517080,178496,L4,2020-01-20
E102726,1142129,82682,L3,2026-04-11
E102727,780919,97532,L2,2021-06-05
E102728,881250,118278,L2,2023-04-06
E102729,475975,69748,L1,2022-08-15
E102730,1646299,235393,L5,2024-03-12
E102731,1906909,233354,L5,2024-02-13
E102732,410532,27024,L1,2026-02-09
E102733,505141,33805,L1,2019-06-08
E102734,1087894,136743,L3,2024-04-25
E102735,602028,52212,L2,2025-08-02
E102736,705441,94319,L2,2019-06-10
E102737,908972,79674,L3,2021-12-20
E102738,627011,81738,L2,2026-10-26
E102739,506931,49854,L1,2022-10-21
E102740,733426,58869,L2,2024-05-27
E102741,577930,75269,L1,2021-01-08
E102742,1289633,174028,L4,2024-02-02
E102743,978179,62111,L3,2023-04-11
E102744,1890835,171304,L5,2020-08-15
E102745,1471990,141495,L4,2026-03-11
E102746,1113254,91031,L3,2024-04-23
E102747,882329,53832,L2,2025-03-18
E102748,483479,46004,L1,2025-06-28
E102749,1566134,95219,L4,2023-01-19
E102750,1166412,174313,L3,2025-11-18
E102751,531318,44693,L1,2019-08-13
E102752,694892,98163,L2,2025-10-29
E102753,1251866,85857,L4,2022-02-06
E102754,577222,50975,L1,2023-04-23
E102755,721386,37164,L2,2021-10-22
E102756,558470,62141,L1,2024-06-11
E102757,545687,55681,L1,2018-05-29
E102758,887235,102018,L2,2020-07-05
E102759,533958,28755,L1,2022-07-28
E102760,989437,102490,L3,2024-06-07
E102761,883988,109711,L2,2020-07-26
E102762,965011,121740,L3,2022-02-07
E102763,1454419,194135,L4,2023-03-19
E102764,1590438,166868,L4,2026-05-23
E102765,1172299,149585,L3,2020-11-17
E102766,879014,106309,L2,2022-04-16
E102767,677456,54817,L2,2018-09-26
E102768,463286,66254,L1,2021-06-09
E102769,1557922,207996,L4,2021-04-13
E102770,1128830,105908,L3,2024-05-10
E102771,1044958,153078,L3,2020-10-25
E102772,1313423,120627,L4,2026-01-29
E102773,694439,77791,L2,2026-05-15
E102774,634940,39042,L2,2020-10-20
E102775,678488,89865,L2,2024-01-25
E102776,1219616,121261,L4,2020-06-03
E102777,1072570,150386,L3,2024-08-01
E102778,785557,96678,L2,2021-04-14
E102779,515659,54890,L1,2026-12-01
E102780,478168,70152,L1,2026-11-03
E102781,656770,83723,L2,2024-12-23
E102782,710212,104127,L2,2022-12-21
E102783,824353,120933,L2,2023-09-28
E102784,484535,24496,L1,2020-12-11
E102785,1096546,150752,L3,2025-05-09
E102786,810144,91259,L2,2020-07-06
E102787,611772,83546,L2,2021-10-12
E102788,1944991,212631,L5,2020-12-21
E102789,717535,60651,L2,2020-06-07
E102790,967961,74462,L3,2025-08-08
E102791,603160,48234,L2,2022-04-12
E102792,1103407,123463,L3,2025-03-09
E102793,1074391,105588,L3,2020-01-13
E102794,849861,90018,L2,2020-01-25
E102795,1883535,209768,L5,2026-07-14
E102796,520621,46154,L1,2022-04-10
E102797,546964,33749,L1,2018-05-04
E102798,783167,74362,L2,2019-07-25
E102799,1735744,102329,L5,2025-04-20
E102800,2031521,194764,L5,2020-09-10
E102801,716719,101196,L2,2023-01-06
E102802,507070,28645,L1,2025-07-09
E102803,838653,56760,L2,2025-01-28
E102804,1184900,124185,L3,2019-12-14
E102805,716865,72443,L2,2021-09-14
E102806,608669,76861,L2,2019-05-15
E102807,643856,80839,L2,2025-05-02
E102808,788220,93765,L2,2018-11-06
E102809,2054236,128941,L5,2026-08-09
E102810,477080,46646,L1,2022-07-13
E102811,812128,56862,L2,2020-02-22
E102812,840982,118211,L2,2020-03-07
E102813,996385,148003,L3,2023-07-21
E102814,963843,89278,L3,2020-05-06
E102815,1219269,177407,L4,2019-07-30
E102816,611210,56100,L2,2024-10-08
E102817,785547,73215,L2,2025-03-05
E102818,485420,61549,L1,2022-03-19
E102819,721914,93747,L2,2023-08-14
E102820,870546,80155,L2,2020-06-08
E102821,540046,33322,L1,2022-11-28
E102822,975116,70784,L3,2025-03-31
E102823,853497,102865,L2,2023-12-22
E102824,994549,55833,L3,2019-07-31
E102825,1003381,113093,L3,2025-02-01
E102826,766787,68020,L2,2023-04-25
E102827,723411,104351,L2,2024-09-11
E102828,600828,55812,L2,2025-02-10
E102829,691363,99382,L2,2022-08-31
E102830,633448,52739,L2,2022-05-25
E102831,609834,40817,L2,2025-01-20
E102832,1155751,143671,L3,2019-11-03
E102833,463770,35290,L1,2025-01-07
E102834,886676,114501,L2,2026-10-18
E102835,1187723,119512,L3,2021-03-28
E102836,417576,50295,L1,2023-06-15
E102837,715208,46014,L2,2024-01-15
E102838,892697,125343,L2,2020-10-30
E102839,917320,105730,L3,2020-03-04
E102840,560938,70759,L1,2023-08-20
E102841,799416,75366,L2,2022-07-31
E102842,808731,105668,L2,2021-05-12
E102843,933397,94030,L3,2021-10-07
E102844,599659,39608,L1,2025-02-12
E102845,1544937,88599,L4,2018-10-05
E102846,786474,106982,L2,2024-04-16
E102847,1411010,198488,L4,2019-01-08
E102848,1282315,92420,L4,2022-01-02
E102849,703637,59648,L2,2022-06-08
E102850,432058,63395,L1,2025-09-18
E102851,1562987,160515,L4,2025-01-03
E102852,655173,63926,L2,2022-11-13
E102853,568243,46497,L1,2026-03-28
E102854,1063581,116203,L3,2022-11-22
E102855,985412,107390,L3,2023-11-08
E102856,1460919,81135,L4,2025-02-16
E102857,561185,36557,L1,2023-09-27
E102858,841331,85678,L2,2023-04-05
E102859,533378,61069,L1,2025-01-14
E102860,1074751,81699,L3,2023-10-31
E102861,923150,91029,L3,2022-07-15
E102862,1043490,120302,L3,2024-08-02
E102863,440556,42823,L1,2022-07-15
E102864,540880,74798,L1,2020-09-30
E102865,1057416,92300,L3,2026-07-22
E102866,600762,45632,L2,2020-02-16
E102867,678599,93134,L2,2021-01-01
E102868,761923,83522,L2,2026-03-29
E102869,414722,61296,L1,2023-10-10
E102870,437235,60587,L1,2022-02-15
E102871,536765,43929,L1,2025-09-01
E102872,946379,129864,L3,2020-01-10
E102873,1238688,94617,L4,2023-02-12
E102874,913054,66006,L3,2020-02-08
E102875,753841,97581,L2,2024-10-11
E102876,677506,43447,L2,2021-09-19
E102877,419016,29221,L1,2023-11-21
E102878,2047959,234938,L5,2020-06-16
E102879,714667,89800,L2,2023-07-29
E102880,940800,108010,L3,2018-06-30
E102881,727717,65048,L2,2024-04-30
E102882,484059,71796,L1,2021-06-29
E102883,2118603,250392,L5,2021-03-25
E102884,732807,90645,L2,2025-03-06
E102885,861461,47293,L2,2019-06-06
E102886,1070442,135978,L3,2021-07-10
E102887,980075,117407,L3,2021-07-29
E102888,947692,88604,L3,2026-06-03
E102889,1142803,73185,L3,2020-09-28
E102890,579378,30727,L1,2023-01-09
E102891,549265,62810,L1,2020-11-09
E102892,472804,37021,L1,2025-04-26
E102893,820772,57949,L2,2021-11-29
E102894,881420,88273,L2,2022-12-18
E102895,595932,32032,L1,2025-07-24
E102896,596167,42004,L1,2020-04-03
E102897,1093746,70736,L3,2025-06-15
E102898,485357,29659,L1,2026-02-05
E102899,1262391,174475,L4,2023-09-13
E102900,441225,38184,L1,2025-09-14
E102901,1179915,163111,L3,2025-07-26
E102902,847058,93029,L2,2025-12-21
E102903,1045662,144593,L3,2020-01-29
E102904,1250513,179331,L4,2025-07-15
E102905,417446,53902,L1,2025-07-12
E102906,1131861,167230,L3,2024-11-07
E102907,1065374,132752,L3,2025-12-29
E102908,754329,73441,L2,2019-07-31
E102909,1545053,151269,L4,2023-12-29
E102910,701487,59341,L2,2023-05-20
E102911,576519,70563,L1,2022-10-30
E102912,1372314,79157,L4,2018-10-18
E102913,982859,86449,L3,2025-10-08
E102914,718070,73451,L2,2022-07-02
E102915,789223,41646,L2,2025-01-22
E102916,765030,52264,L2,2021-09-24
E102917,466872,26729,L1,2022-08-07
E102918,581656,67624,L1,2025-09-09
E102919,652803,44273,L2,2023-05-09
E102920,468232,65125,L1,2022-08-01
E102921,469861,43975,L1,2018-11-20
E102922,1770230,161437,L5,2024-02-24
E102923,729383,72879,L2,2019-10-28
E102924,604504,75930,L2,2021-01-20
E102925,1588356,235201,L4,2026-06-15
E102926,1178773,96694,L3,2025-09-27
E102927,629551,32518,L2,2021-06-07
E102928,843065,64276,L2,2020-12-31
E102929,1041010,98570,L3,2020-06-04
E102930,1461598,143501,L4,2020-02-02
E102931,1061805,113649,L3,2021-12-23
E102932,490155,63403,L1,2019-08-12
E102933,413675,61882,L1,2021-06-06
E102934,836170,110509,L2,2026-08-12
E102935,814854,45840,L2,2022-09-03
E102936,1545727,213201,L4,2023-11-08
E102937,1120524,143986,L3,2021-02-27
E102938,1960752,114303,L5,2024-02-17
E102939,762943,105905,L2,2019-06-03
E102940,746040,88519,L2,2022-07-06
E102941,682349,80611,L2,2024-10-26
E102942,1425185,200916,L4,2025-05-23
E102943,776394,69084,L2,2024-07-05
E102944,946854,141317,L3,2023-04-13
E102945,767509,100112,L2,2023-10-30
E102946,906549,62849,L3,2025-09-27
E102947,1555226,170917,L4,2020-07-12
E102948,790466,107802,L2,2025-10-07
E102949,756411,99085,L2,2024-06-16
E102950,1264893,153560,L4,2023-07-26
E102951,615859,61961,L2,2023-11-06
E102952,2033274,233515,L5,2024-05-05
E102953,773284,89199,L2,2025-11-17
E102954,990439,52859,L3,2025-02-24
E102955,443011,63824,L1,2023-03-19
E102956,1005363,143824,L3,2023-01-31
E102957,712930,83953,L2,2023-07-29
E102958,600429,77053,L2,2023-10-31
E102959,1027822,104974,L3,2020-11-26
E102960,1906478,214837,L5,2025-04-24
E102961,1011105,91836,L3,2026-02-20
E102962,713795,92492,L2,2024-06-22
E102963,861019,86447,L2,2022-11-14
E102964,885116,48109,L2,2021-05-14
E102965,503989,41427,L1,2020-04-27
E102966,1032650,146048,L3,2019-08-15
E102967,830671,50884,L2,2021-06-24
E102968,1413080,175674,L4,2021-01-26
E102969,704099,48726,L2,2025-09-23
E102970,1082471,77460,L3,2020-04-20
E102971,1043738,70751,L3,2021-10-04
E102972,654063,69738,L2,2021-06-29
E102973,771170,99676,L2,2021-03-14
E102974,839621,101937,L2,2026-01-11
E102975,458576,38812,L1,2020-09-28
E102976,1502952,76746,L4,2024-02-27
E102977,416719,39860,L1,2022-05-12
E102978,1565662,113434,L4,2025-11-05
E102979,918787,46766,L3,2022-06-22
E102980,1163060,103794,L3,2021-06-09
E102981,1023058,94840,L3,2023-11-21
E102982,913147,103480,L3,2025-07-04
E102983,901723,67936,L3,2023-10-14
E102984,1027136,108298,L3,2022-02-07
E102985,449294,37320,L1,2020-01-05
E102986,951865,79479,L3,2023-02-22
E102987,482135,42735,L1,2020-09-22
E102988,655608,47686,L2,2019-09-17
E102989,1094900,143697,L3,2023-12-25
E102990,417504,51814,L1,2018-08-25
E102991,675990,55553,L2,2024-07-18
E102992,537459,37152,L1,2023-06-09
E102993,1045518,62892,L3,2024-04-19
E102994,714843,101952,L2,2019-09-09
E102995,1353761,150336,L4,2024-08-19
E102996,1027649,112760,L3,2026-04-30
E102997,439347,31306,L1,2020-08-21
E102998,665383,42106,L2,2023-11-22
E102999,490195,33807,L1,2021-03-23
E103000,414157,29635,L1,2025-04-28
E103001,1035551,62462,L3,2024-08-16
E103002,511816,57575,L1,2023-02-08
E103003,1069552,144478,L3,2019-11-27
E103004,1355760,101623,L4,2023-06-04
E103005,1599831,201638,L4,2020-01-07
E103006,1194781,73582,L3,2022-07-03
E103007,803509,73513,L2,2024-03-17
E103008,649921,48229,L2,2027-02-13
E103009,868823,69086,L2,2019-02-27
E103010,2133963,108261,L5,2024-12-24
E103011,1176086,89168,L3,2023-04-27
E103012,540461,37882,L1,2025-09-07
E103013,620663,76216,L2,2020-01-11
E103014,590102,50352,L1,2019-12-25
E103015,1020828,150105,L3,2020-12-14
E103016,1236815,97111,L4,2020-12-03
E103017,446802,38228,L1,2025-10-11
E103018,466451,33474,L1,2018-05-04
E103019,948493,54387,L3,2022-08-14
E103020,1780251,104471,L5,2022-08-05
E103021,551431,58595,L1,2024-11-20
E103022,1233835,103922,L4,2019-08-07
E103023,1625498,222652,L5,2019-05-13
E103024,1869325,246944,L5,2021-11-25
E103025,700225,44132,L2,2023-08-03
E103026,1393593,136596,L4,2019-06-07
E103027,489493,55402,L1,2023-07-12
E103028,1548383,103468,L4,2026-07-25
E103029,1108362,161960,L3,2024-10-05
E103030,1085340,133907,L3,2019-03-23
E103031,767373,84217,L2,2021-04-03
E103032,648414,62885,L2,2025-12-21
E103033,665183,37771,L2,2024-08-10
E103034,666492,88788,L2,2020-05-18
E103035,402057,26653,L1,2018-12-18
E103036,682449,39713,L2,2019-11-12
E103037,1160365,116164,L3,2024-05-04
E103038,1025064,130195,L3,2024-03-25
E103039,814935,119996,L2,2022-01-09
E103040,1176283,108090,L3,2021-08-15
E103041,460095,39321,L1,2023-12-13
E103042,2138811,153046,L5,2021-07-14
E103043,1069372,85613,L3,2018-06-13
E103044,1223828,158759,L4,2023-08-04
E103045,856473,82210,L2,2023-10-04
E103046,1222407,116192,L4,2022-07-03
E103047,981622,136950,L3,2020-12-24
E103048,1000993,116291,L3,2025-08-02
E103049,691494,59016,L2,2025-09-09
E103050,567657,63983,L1,2023-03-09
E103051,632273,80276,L2,2022-07-31
E103052,1127817,65953,L3,2020-07-20
E103053,830938,98271,L2,2020-04-28
E103054,817137,56705,L2,2020-12-30
E103055,791478,97522,L2,2024-11-04
E103056,1007674,64923,L3,2019-11-26
E103057,1003095,103317,L3,2018-08-30
E103058,745090,73105,L2,2025-06-13
E103059,1793388,213118,L5,2021-03-15
E103060,704146,90564,L2,2019-10-10
E103061,741281,64498,L2,2019-08-13
E103062,664796,71612,L2,2021-11-24
E103063,1161586,135225,L3,2026-01-16
E103064,711455,90535,L2,2019-09-30
E103065,516573,45864,L1,2024-05-01
E103066,754212,71867,L2,2024-11-08
E103067,975766,68820,L3,2022-03-13
E103068,830076,82095,L2,2022-03-03
E103069,891684,54142,L2,2021-03-21
E103070,797757,104119,L2,2021-09-24
E103071,406791,25009,L1,2024-09-05
E103072,1596362,102882,L4,2025-12-29
E103073,1055646,119581,L3,2021-05-12
E103074,467685,59147,L1,2020-08-18
E103075,697813,49252,L2,2019-08-22
E103076,1217133,126755,L4,2021-05-17
E103077,422617,36572,L1,2026-01-13
E103078,604799,79013,L2,2025-06-05
E103079,652774,32818,L2,2022-12-19
E103080,975924,63826,L3,2021-12-17
E103081,442959,29867,L1,2022-04-24
E103082,429312,26120,L1,2022-11-13
E103083,1075077,159996,L3,2026-06-26
E103084,662916,41583,L2,2025-05-06
E103085,1300460,177490,L4,2021-05-26
E103086,1926564,218590,L5,2022-08-13
E103087,927404,110289,L3,2024-12-22
E103088,930056,81158,L3,2026-02-03
E103089,954070,102317,L3,2023-06-24
E103090,950623,112605,L3,2020-05-20
E103091,579752,76508,L1,2023-08-15
E103092,1292491,192617,L4,2022-11-10
E103093,1106794,162082,L3,2020-01-27
E103094,620042,70311,L2,2024-01-24
E103095,750665,112118,L2,2022-04-24
E103096,1025631,56410,L3,2022-02-26
E103097,1325663,130869,L4,2024-01-27
E103098,431164,44962,L1,2022-07-31
E103099,888719,50777,L2,2023-06-16
E103100,2098962,176740,L5,2024-01-17
E103101,564151,32253,L1,2021-04-09
E103102,790425,103000,L2,2021-05-28
E103103,779589,100401,L2,2019-10-13
E103104,560637,67529,L1,2022-09-15
E103105,1781754,144874,L5,2026-08-16
E103106,1973572,242463,L5,2020-12-16
E103107,1457811,197980,L4,2022-01-13
E103108,1126698,97644,L3,2021-04-27
E103109,692126,42230,L2,2022-01-17
E103110,772529,95012,L2,2021-06-09
E103111,1522212,197660,L4,2020-12-11
E103112,482399,72315,L1,2020-02-09
E103113,536334,49069,L1,2019-11-22
E103114,1177767,90510,L3,2024-12-26
E103115,528509,68235,L1,2020-07-24
E103116,598159,37561,L1,2026-02-15
E103117,1480592,156748,L4,2023-11-30
E103118,658878,50411,L2,2020-05-23
E103119,598844,33149,L1,2023-12-30
E103120,847500,58602,L2,2023-04-18
E103121,1565534,214009,L4,2019-10-17
E103122,658624,97930,L2,2024-06-27
E103123,1105915,164436,L3,2022-10-26
E103124,432885,52500,L1,2023-08-04
E103125,512341,40999,L1,2025-04-12
E103126,1095012,110195,L3,2019-12-11
E103127,891848,75964,L2,2020-05-18
E103128,1189961,126314,L3,2022-09-07
E103129,644829,39423,L2,2022-07-03
E103130,916024,63476,L3,2022-05-26
E103131,675342,36660,L2,2021-06-08
E103132,927511,126305,L3,2022-01-25
E103133,545132,67989,L1,2023-06-08
E103134,690095,37035,L2,2024-06-12
E103135,1185798,91070,L3,2022-07-05
E103136,508646,45733,L1,2023-09-24
E103137,1735278,225225,L5,2023-06-19
E103138,1132600,150066,L3,2024-06-25
E103139,1019415,107550,L3,2020-02-14
E103140,2088189,273558,L5,2022-05-03
E103141,684772,78177,L2,2020-06-04
E103142,1088023,110967,L3,2019-11-16
E103143,477781,70009,L1,2021-09-18
E103144,590240,51664,L1,2023-08-20
E103145,513742,31033,L1,2021-01-21
E103146,1061049,77866,L3,2020-04-05
E103147,1371622,154995,L4,2021-07-04
E103148,1575065,155720,L4,2022-07-31
E103149,985077,144498,L3,2026-03-31
E103150,1186316,172796,L3,2024-09-14
E103151,865296,72804,L2,2025-11-26
E103152,575600,80673,L1,2025-10-21
E103153,716832,88640,L2,2024-10-07
E103154,636196,79667,L2,2019-09-05
E103155,533621,72595,L1,2020-05-14
E103156,980052,119029,L3,2022-11-03
E103157,719933,75690,L2,2022-07-10
E103158,598386,89741,L1,2022-04-22
E103159,625926,50688,L2,2024-02-04
E103160,585490,55795,L1,2020-02-26
E103161,1948023,175445,L5,2018-08-20
E103162,631260,73811,L2,2022-03-15
E103163,830877,111468,L2,2026-09-08
E103164,756979,51594,L2,2020-09-10
E103165,1055400,76194,L3,2020-09-09
E103166,1175399,83089,L3,2024-06-28
E103167,720526,77553,L2,2025-05-17
E103168,1148186,62298,L3,2023-07-30
E103169,736930,97432,L2,2019-07-17
E103170,784047,66831,L2,2023-10-11
E103171,1861778,169496,L5,2022-11-27
E103172,444235,41661,L1,2022-09-08
E103173,812447,64747,L2,2018-07-13
E103174,1370998,90185,L4,2020-04-10
E103175,1134499,145228,L3,2021-06-21
E103176,584222,33376,L1,2024-08-06
E103177,433772,28732,L1,2025-08-29
E103178,1293472,106577,L4,2022-01-01
E103179,1550172,202111,L4,2026-02-07
E103180,613178,35700,L2,2025-03-28
E103181,624623,38749,L2,2025-02-04
E103182,2018080,231055,L5,2024-07-02
E103183,1653930,148431,L5,2021-06-29
E103184,883751,125127,L2,2019-09-18
E103185,407203,60493,L1,2021-10-29
E103186,451689,64071,L1,2021-06-22
E103187,965436,56359,L3,2026-07-20
E103188,1336267,68827,L4,2025-03-06
E103189,1511665,140861,L4,2023-11-14
E103190,913376,64144,L3,2025-07-06
E103191,520196,47956,L1,2021-10-29
E103192,1848822,210883,L5,2024-09-02
E103193,953810,50701,L3,2024-04-27
E103194,479372,45362,L1,2019-06-22
E103195,682811,39058,L2,2023-05-23
E103196,614798,83115,L2,2020-02-01
E103197,749923,98228,L2,2022-10-13
E103198,651602,88930,L2,2024-08-07
E103199,1096637,87480,L3,2023-12-21
