employee_id,gender,age,education,department,job_role,hire_date,manager_id,location,employment_type
E100000,F,42,Graduate,Finance,Financial Analyst,2020-07-18,M274,Pune,Contract
E100001,M,23,Postgraduate,Finance,Accountant,2017-05-11,M237,Hyderabad,Full-time
E100002,M,33,Graduate,Operations,Operations Analyst,2018-04-05,M258,Hyderabad,Full-time
E100003,M,36,Graduate,Finance,Accountant,2021-12-12,M307,Delhi,Full-time
E100004,M,28,Graduate,Sales,Sales Executive,2018-10-09,M288,Delhi,Full-time
E100005,M,28,Graduate,HR,HR Executive,2020-09-25,M207,Pune,Contract
E100006,M,31,Graduate,Finance,Accountant,2019-10-19,M345,Hyderabad,Full-time
E100007,M,37,Graduate,HR,HR Business Partner,2019-09-23,M239,Mumbai,Full-time
E100008,M,34,Graduate,HR,HR Executive,2019-12-13,M214,Mumbai,Full-time
E100009,M,32,Graduate,IT,Software Engineer,2022-07-21,M335,Pune,Full-time
E100010,F,28,Postgraduate,Sales,Sales Executive,2023-03-29,M211,Hyderabad,Full-time
E100011,M,24,Graduate,Operations,Operations Analyst,2022-03-11,M300,Chennai,Full-time
E100012,F,28,Graduate,Operations,Process Manager,2018-05-18,M214,Hyderabad,Full-time
E100013,F,41,Graduate,Operations,Operations Analyst,2019-05-14,M331,Chennai,Full-time
E100014,M,28,Graduate,Operations,Operations Analyst,2018-06-25,M285,Delhi,Contract
E100015,F,33,Graduate,Operations,Process Manager,2019-03-07,M274,Hyderabad,Full-time
E100016,M,41,Graduate,IT,QA Engineer,2023-02-16,M202,Chennai,Full-time
E100017,M,36,Graduate,IT,Data Analyst,2020-06-11,M295,Bangalore,Full-time
E100018,M,28,Graduate,IT,Data Analyst,2018-07-18,M312,Mumbai,Full-time
E100019,F,43,Graduate,IT,QA Engineer,2022-12-01,M328,Pune,Full-time
E100020,M,44,Postgraduate,Operations,Process Manager,2021-08-23,M322,Bangalore,Full-time
E100021,M,37,Postgraduate,Operations,Process Manager,2017-07-17,M323,Pune,Full-time
E100022,M,25,Graduate,Operations,Operations Analyst,2018-10-22,M346,Delhi,Full-time
E100023,M,39,Postgraduate,Finance,Financial Analyst,2022-05-14,M210,Delhi,Full-time
E100024,F,24,Graduate,HR,HR Executive,2020-12-09,M343,Hyderabad,Contract
E100025,M,37,Postgraduate,Finance,Accountant,2019-05-31,M236,Pune,Full-time
E100026,F,24,Postgraduate,IT,QA Engineer,2021-08-10,M253,Bangalore,Full-time
E100027,F,41,Graduate,Sales,Sales Executive,2020-12-14,M311,Chennai,Contract
E100028,M,23,Postgraduate,IT,Software Engineer,2022-04-04,M267,Bangalore,Full-time
E100029,F,24,Postgraduate,Finance,Accountant,2022-04-04,M232,Delhi,Full-time
E100030,F,23,Graduate,Operations,Operations Analyst,2023-10-22,M296,Delhi,Full-time
E100031,M,24,Postgraduate,IT,Software Engineer,2019-03-27,M216,Delhi,Contract
E100032,F,26,Postgraduate,Operations,Process Manager,2022-11-17,M245,Mumbai,Full-time
E100033,M,42,Graduate,Finance,Financial Analyst,2020-02-14,M266,Hyderabad,Full-time
E100034,M,39,Graduate,HR,HR Executive,2022-03-11,M285,Hyderabad,Full-time
E100035,F,30,Postgraduate,HR,HR Business Partner,2019-02-24,M238,Mumbai,Full-time
E100036,F,34,Graduate,HR,HR Executive,2022-01-16,M334,Bangalore,Full-time
E100037,M,40,Graduate,Finance,Financial Analyst,2018-02-04,M291,Hyderabad,Full-time
E100038,F,43,Graduate,Sales,Sales Executive,2018-07-29,M285,Bangalore,Full-time
E100039,F,33,Postgraduate,Sales,Account Manager,2023-05-01,M302,Delhi,Full-time
E100040,F,29,Postgraduate,Finance,Accountant,2017-02-16,M212,Hyderabad,Full-time
E100041,M,44,Graduate,Sales,Sales Executive,2017-04-30,M316,Chennai,Full-time
E100042,M,22,Graduate,IT,Software Engineer,2021-07-23,M295,Chennai,Full-time
E100043,F,28,Postgraduate,IT,Software Engineer,2019-06-16,M268,Chennai,Full-time
E100044,M,26,Graduate,Sales,Account Manager,2017-06-03,M228,Chennai,Full-time
E100045,F,26,Graduate,IT,Data Analyst,2021-11-09,M284,Delhi,Full-time
E100046,M,26,Postgraduate,Operations,Operations Analyst,2021-11-21,M337,Hyderabad,Contract
E100047,M,37,Graduate,IT,Software Engineer,2018-05-31,M327,Pune,Full-time
E100048,M,40,Postgraduate,Finance,Accountant,2023-08-25,M211,Pune,Full-time
E100049,M,35,Graduate,HR,HR Executive,2017-10-12,M234,Bangalore,Full-time
E100050,M,40,Graduate,Operations,Process Manager,2021-06-14,M257,Mumbai,Full-time
E100051,F,25,Graduate,Sales,Sales Executive,2018-12-30,M298,Delhi,Full-time
E100052,F,24,Graduate,Operations,Process Manager,2021-03-29,M216,Bangalore,Full-time
E100053,F,38,Graduate,IT,Data Analyst,2018-02-01,M346,Delhi,Full-time
E100054,M,37,Graduate,Finance,Accountant,2019-05-01,M298,Delhi,Full-time
E100055,F,34,Postgraduate,Sales,Sales Executive,2020-03-13,M341,Hyderabad,Full-time
E100056,M,31,Postgraduate,Operations,Operations Analyst,2019-01-21,M344,Mumbai,Full-time
E100057,M,23,Graduate,Operations,Process Manager,2023-01-27,M282,Mumbai,Full-time
E100058,F,34,Postgraduate,Finance,Financial Analyst,2018-05-26,M269,Delhi,Full-time
E100059,F,31,Postgraduate,Operations,Process Manager,2020-04-20,M238,Chennai,Full-time
E100060,M,41,Graduate,Operations,Process Manager,2020-05-28,M260,Bangalore,Full-time
E100061,F,38,Graduate,Sales,Sales Executive,2023-07-24,M316,Chennai,Full-time
E100062,M,42,Graduate,Operations,Process Manager,2023-01-30,M346,Delhi,Full-time
E100063,M,22,Graduate,IT,Software Engineer,2021-03-30,M317,Pune,Contract
E100064,F,37,Postgraduate,IT,QA Engineer,2019-11-02,M316,Hyderabad,Full-time
E100065,M,30,Graduate,HR,HR Business Partner,2018-06-24,M344,Bangalore,Full-time
E100066,M,24,Postgraduate,Finance,Financial Analyst,2019-07-14,M281,Pune,Full-time
E100067,F,39,Graduate,IT,Data Analyst,2017-01-10,M204,Bangalore,Full-time
E100068,M,42,Postgraduate,HR,HR Business Partner,2020-06-16,M285,Pune,Full-time
E100069,M,22,Graduate,Operations,Operations Analyst,2021-06-22,M254,Chennai,Full-time
E100070,F,42,Graduate,Operations,Operations Analyst,2021-07-27,M252,Mumbai,Full-time
E100071,M,40,Graduate,Sales,Sales Executive,2023-11-10,M203,Chennai,Contract
E100072,M,23,Graduate,HR,HR Business Partner,2022-11-13,M202,Pune,Full-time
E100073,M,38,Graduate,IT,Data Analyst,2017-08-24,M246,Mumbai,Full-time
E100074,F,23,Graduate,HR,HR Executive,2018-03-11,M297,Hyderabad,Full-time
E100075,F,27,Graduate,Sales,Sales Executive,2018-03-23,M278,Delhi,Full-time
E100076,F,25,Graduate,HR,HR Executive,2022-10-30,M344,Hyderabad,Full-time
E100077,F,42,Graduate,Finance,Accountant,2017-03-10,M325,Pune,Full-time
E100078,M,44,Graduate,Sales,Sales Executive,2022-11-29,M317,Delhi,Full-time
E100079,M,39,Graduate,IT,QA Engineer,2022-03-03,M250,Pune,Full-time
E100080,M,42,Graduate,HR,HR Business Partner,2018-11-13,M332,Bangalore,Full-time
E100081,M,30,Graduate,HR,HR Executive,2020-01-07,M246,Bangalore,Full-time
E100082,M,25,Postgraduate,Sales,Sales Executive,2017-02-17,M312,Pune,Full-time
E100083,M,34,Graduate,HR,HR Business Partner,2022-10-27,M255,Pune,Full-time
E100084,M,27,Graduate,Sales,Sales Executive,2021-03-12,M214,Bangalore,Full-time
E100085,M,28,Graduate,Finance,Accountant,2019-11-29,M325,Delhi,Full-time
E100086,F,24,Graduate,Operations,Process Manager,2022-09-04,M345,Delhi,Full-time
E100087,M,41,Graduate,HR,HR Executive,2023-10-09,M258,Mumbai,Full-time
E100088,M,27,Graduate,IT,Software Engineer,2020-12-31,M311,Delhi,Contract
E100089,M,26,Postgraduate,IT,QA Engineer,2017-08-31,M205,Hyderabad,Full-time
E100090,F,38,Graduate,Sales,Account Manager,2022-02-14,M261,Bangalore,Full-time
E100091,F,26,Graduate,Sales,Account Manager,2020-12-29,M317,Delhi,Full-time
E100092,M,35,Graduate,IT,Software Engineer,2022-12-28,M236,Chennai,Full-time
E100093,M,27,Graduate,Finance,Financial Analyst,2022-07-20,M209,Mumbai,Full-time
E100094,F,41,Graduate,Finance,Accountant,2022-08-23,M300,Bangalore,Full-time
E100095,M,24,Graduate,Sales,Sales Executive,2022-04-28,M248,Mumbai,Full-time
E100096,F,32,Postgraduate,Finance,Accountant,2017-11-30,M275,Pune,Full-time
E100097,M,30,Postgraduate,Finance,Accountant,2020-10-04,M259,Chennai,Full-time
E100098,M,25,Graduate,Operations,Operations Analyst,2017-03-19,M241,Bangalore,Full-time
E100099,M,36,Graduate,Sales,Sales Executive,2023-10-06,M344,Bangalore,Full-time
E100100,F,40,Graduate,HR,HR Business Partner,2019-04-01,M333,Pune,Full-time
E100101,F,41,Postgraduate,HR,HR Business Partner,2021-07-05,M237,Bangalore,Full-time
E100102,M,25,Graduate,Operations,Operations Analyst,2019-08-09,M209,Mumbai,Contract
E100103,M,25,Graduate,IT,Data Analyst,2022-04-17,M214,Mumbai,Full-time
E100104,F,23,Graduate,Operations,Operations Analyst,2023-06-30,M314,Pune,Full-time
E100105,F,31,Graduate,HR,HR Executive,2022-10-18,M333,Hyderabad,Contract
E100106,M,39,Graduate,Finance,Accountant,2022-12-29,M310,Delhi,Full-time
E100107,F,26,Postgraduate,Finance,Accountant,2020-09-09,M305,Bangalore,Full-time
E100108,M,35,Postgraduate,HR,HR Executive,2019-10-11,M210,Bangalore,Full-time
E100109,M,44,Postgraduate,Operations,Process Manager,2021-07-04,M262,Chennai,Full-time
E100110,M,41,Postgraduate,Operations,Operations Analyst,2020-08-25,M234,Delhi,Full-time
E100111,M,23,Postgraduate,Sales,Account Manager,2018-01-21,M327,Pune,Full-time
E100112,M,28,Graduate,Sales,Sales Executive,2020-04-20,M287,Bangalore,Full-time
E100113,M,38,Graduate,Sales,Account Manager,2023-01-13,M283,Bangalore,Full-time
E100114,M,28,Graduate,Finance,Financial Analyst,2021-09-21,M340,Chennai,Full-time
E100115,M,38,Graduate,Sales,Account Manager,2018-12-24,M229,Pune,Full-time
E100116,M,38,Graduate,Sales,Sales Executive,2017-07-13,M262,Delhi,Full-time
E100117,M,40,Graduate,Operations,Operations Analyst,2019-03-11,M323,Bangalore,Full-time
E100118,F,29,Graduate,Finance,Accountant,2020-04-16,M266,Pune,Full-time
E100119,M,35,Graduate,IT,QA Engineer,2020-07-11,M245,Pune,Contract
E100120,M,44,Postgraduate,Finance,Financial Analyst,2017-07-01,M206,Hyderabad,Full-time
E100121,M,39,Postgraduate,Operations,Operations Analyst,2019-07-04,M246,Mumbai,Full-time
E100122,M,44,Graduate,HR,HR Executive,2020-11-10,M204,Mumbai,Full-time
E100123,M,41,Postgraduate,IT,Data Analyst,2019-12-13,M307,Bangalore,Contract
E100124,M,39,Graduate,Sales,Account Manager,2017-05-08,M213,Bangalore,Full-time
E100125,F,35,Postgraduate,Operations,Operations Analyst,2021-11-17,M228,Mumbai,Full-time
E100126,M,25,Graduate,Operations,Operations Analyst,2022-12-16,M233,Bangalore,Full-time
E100127,M,43,Graduate,HR,HR Business Partner,2021-06-11,M256,Chennai,Full-time
E100128,F,28,Graduate,HR,HR Business Partner,2021-11-08,M344,Hyderabad,Full-time
E100129,M,43,Postgraduate,HR,HR Business Partner,2021-05-19,M250,Mumbai,Full-time
E100130,F,32,Graduate,HR,HR Executive,2017-05-29,M312,Pune,Full-time
E100131,M,43,Graduate,Sales,Account Manager,2017-04-08,M255,Bangalore,Full-time
E100132,F,38,Graduate,Finance,Financial Analyst,2021-10-29,M308,Pune,Full-time
E100133,M,29,Postgraduate,HR,HR Business Partner,2021-03-05,M260,Pune,Full-time
E100134,M,33,Postgraduate,IT,QA Engineer,2017-05-11,M301,Hyderabad,Full-time
E100135,F,44,Graduate,Operations,Process Manager,2019-11-07,M211,Chennai,Contract
E100136,F,37,Postgraduate,Sales,Account Manager,2021-10-17,M224,Hyderabad,Full-time
E100137,F,36,Graduate,Sales,Account Manager,2018-05-04,M215,Bangalore,Full-time
E100138,M,36,Postgraduate,Operations,Process Manager,2017-09-07,M336,Pune,Contract
E100139,F,41,Postgraduate,HR,HR Executive,2018-12-28,M345,Pune,Full-time
E100140,M,33,Graduate,IT,Data Analyst,2020-03-28,M297,Pune,Full-time
E100141,M,38,Graduate,HR,HR Executive,2017-12-30,M340,Hyderabad,Full-time
E100142,M,44,Graduate,Operations,Process Manager,2020-02-06,M233,Chennai,Full-time
E100143,F,24,Graduate,Operations,Operations Analyst,2020-07-21,M245,Delhi,Full-time
E100144,M,37,Postgraduate,IT,Software Engineer,2017-11-14,M320,Hyderabad,Full-time
E100145,M,39,Graduate,Finance,Financial Analyst,2022-08-13,M236,Bangalore,Full-time
E100146,M,38,Graduate,Operations,Process Manager,2022-06-22,M339,Pune,Contract
E100147,M,28,Postgraduate,Operations,Operations Analyst,2019-07-28,M245,Pune,Contract
E100148,M,41,Postgraduate,HR,HR Executive,2019-02-11,M253,Mumbai,Full-time
E100149,M,30,Graduate,HR,HR Executive,2017-08-14,M202,Chennai,Full-time
E100150,F,31,Graduate,IT,Software Engineer,2019-11-10,M281,Chennai,Contract
E100151,M,36,Graduate,Sales,Account Manager,2019-02-20,M267,Chennai,Contract
E100152,M,30,Graduate,Sales,Sales Executive,2019-08-10,M275,Hyderabad,Full-time
E100153,M,36,Graduate,IT,Software Engineer,2020-11-19,M332,Hyderabad,Full-time
E100154,F,26,Postgraduate,Operations,Process Manager,2021-09-08,M313,Mumbai,Full-time
E100155,M,23,Graduate,Operations,Operations Analyst,2020-09-08,M232,Chennai,Full-time
E100156,M,34,Postgraduate,Finance,Financial Analyst,2021-09-01,M299,Pune,Full-time
E100157,F,40,Postgraduate,Operations,Operations Analyst,2018-07-11,M337,Pune,Full-time
E100158,M,28,Graduate,HR,HR Business Partner,2018-08-12,M212,Chennai,Full-time
E100159,M,34,Postgraduate,IT,Software Engineer,2017-12-26,M269,Pune,Full-time
E100160,F,36,Postgraduate,HR,HR Executive,2020-06-01,M221,Delhi,Full-time
E100161,M,33,Graduate,Finance,Accountant,2019-01-01,M337,Chennai,Full-time
E100162,F,36,Postgraduate,HR,HR Business Partner,2023-03-08,M324,Delhi,Full-time
E100163,F,32,Postgraduate,Sales,Sales Executive,2022-10-28,M225,Hyderabad,Full-time
E100164,M,30,Graduate,Operations,Process Manager,2022-06-24,M318,Mumbai,Full-time
E100165,F,43,Graduate,Finance,Accountant,2021-09-07,M280,Chennai,Full-time
E100166,F,26,Graduate,Finance,Financial Analyst,2017-01-21,M205,Pune,Full-time
E100167,F,36,Postgraduate,Sales,Sales Executive,2018-07-24,M263,Bangalore,Full-time
E100168,M,29,Graduate,Finance,Accountant,2020-07-18,M344,Mumbai,Full-time
E100169,M,33,Graduate,Sales,Account Manager,2022-07-29,M259,Hyderabad,Full-time
E100170,M,33,Graduate,IT,Data Analyst,2023-03-04,M208,Chennai,Full-time
E100171,M,23,Postgraduate,Finance,Financial Analyst,2019-10-11,M338,Mumbai,Full-time
E100172,M,35,Postgraduate,Operations,Process Manager,2022-07-07,M231,Pune,Full-time
E100173,F,40,Graduate,IT,Data Analyst,2020-11-16,M344,Delhi,Contract
E100174,F,39,Graduate,Finance,Accountant,2018-12-15,M201,Bangalore,Full-time
E100175,M,28,Graduate,Operations,Process Manager,2022-12-04,M302,Hyderabad,Full-time
E100176,M,38,Postgraduate,HR,HR Executive,2017-04-16,M260,Pune,Contract
E100177,M,39,Postgraduate,IT,Data Analyst,2023-03-21,M271,Hyderabad,Full-time
E100178,F,28,Postgraduate,Finance,Accountant,2017-04-21,M331,Chennai,Full-time
E100179,M,31,Graduate,HR,HR Executive,2018-05-30,M211,Delhi,Full-time
E100180,M,35,Graduate,Operations,Operations Analyst,2022-12-10,M335,Mumbai,Full-time
E100181,F,43,Graduate,Sales,Account Manager,2022-06-13,M255,Bangalore,Full-time
E100182,F,43,Graduate,Finance,Accountant,2019-01-25,M296,Delhi,Full-time
E100183,F,41,Graduate,Operations,Operations Analyst,2022-06-01,M307,Chennai,Contract
E100184,M,42,Graduate,HR,HR Executive,2018-08-31,M265,Hyderabad,Full-time
E100185,M,33,Graduate,HR,HR Executive,2020-10-26,M217,Mumbai,Full-time
E100186,F,44,Graduate,Sales,Account Manager,2022-11-18,M213,Chennai,Full-time
E100187,M,36,Graduate,Operations,Operations Analyst,2018-07-07,M283,Hyderabad,Full-time
E100188,M,24,Postgraduate,IT,QA Engineer,2022-08-03,M244,Pune,Contract
E100189,F,30,Graduate,HR,HR Executive,2021-12-07,M219,Pune,Contract
E100190,M,32,Postgraduate,IT,Data Analyst,2022-06-27,M248,Bangalore,Full-time
E100191,M,41,Graduate,Finance,Financial Analyst,2021-10-09,M329,Bangalore,Full-time
E100192,M,26,Postgraduate,Finance,Accountant,2022-12-07,M268,Bangalore,Full-time
E100193,F,32,Graduate,Finance,Accountant,2017-10-03,M249,Mumbai,Contract
E100194,F,41,Graduate,Sales,Account Manager,2019-07-08,M325,Mumbai,Full-time
E100195,F,39,Graduate,HR,HR Business Partner,2019-06-11,M207,Mumbai,Full-time
E100196,M,22,Postgraduate,Operations,Operations Analyst,2017-03-27,M313,Hyderabad,Full-time
E100197,F,25,Postgraduate,IT,QA Engineer,2022-02-07,M346,Chennai,Full-time
E100198,M,30,Postgraduate,Operations,Operations Analyst,2019-10-07,M288,Mumbai,Full-time
E100199,M,23,Graduate,Operations,Operations Analyst,2018-05-04,M331,Chennai,Full-time
E100200,F,40,Postgraduate,HR,HR Business Partner,2023-09-11,M328,Chennai,Full-time
E100201,M,40,Graduate,IT,Software Engineer,2018-12-12,M248,Bangalore,Full-time
E100202,M,24,Graduate,HR,HR Executive,2019-08-20,M271,Hyderabad,Full-time
E100203,M,26,Graduate,Operations,Operations Analyst,2020-03-23,M236,Delhi,Full-time
E100204,F,39,Postgraduate,Sales,Account Manager,2023-07-19,M220,Pune,Full-time
E100205,M,32,Graduate,Operations,Process Manager,2023-09-13,M267,Mumbai,Full-time
E100206,M,37,Graduate,Sales,Account Manager,2020-09-19,M226,Mumbai,Full-time
E100207,M,39,Graduate,Sales,Account Manager,2017-04-16,M276,Delhi,Full-time
E100208,M,28,Graduate,Sales,Sales Executive,2019-11-29,M241,Delhi,Full-time
E100209,M,34,Graduate,IT,Software Engineer,2020-10-17,M317,Mumbai,Contract
E100210,F,31,Postgraduate,IT,Data Analyst,2018-06-05,M248,Hyderabad,Full-time
E100211,F,31,Graduate,Finance,Accountant,2017-05-26,M268,Bangalore,Full-time
E100212,M,43,Graduate,HR,HR Executive,2018-09-23,M342,Pune,Full-time
E100213,M,23,Graduate,Sales,Account Manager,2019-08-27,M206,Mumbai,Full-time
E100214,F,35,Graduate,HR,HR Business Partner,2023-11-12,M301,Hyderabad,Contract
E100215,M,22,Graduate,Operations,Process Manager,2017-02-05,M272,Bangalore,Full-time
E100216,M,23,Postgraduate,IT,QA Engineer,2018-12-09,M226,Mumbai,Full-time
E100217,M,43,Postgraduate,HR,HR Executive,2023-08-26,M201,Chennai,Full-time
E100218,M,43,Graduate,HR,HR Executive,2021-12-27,M235,Mumbai,Full-time
E100219,M,44,Postgraduate,IT,QA Engineer,2017-07-27,M344,Delhi,Contract
E100220,M,40,Graduate,Sales,Account Manager,2017-08-25,M204,Delhi,Contract
E100221,M,27,Graduate,Finance,Financial Analyst,2017-10-13,M231,Bangalore,Full-time
E100222,F,35,Graduate,Finance,Accountant,2021-03-04,M313,Mumbai,Full-time
E100223,M,22,Graduate,Operations,Process Manager,2022-07-04,M254,Chennai,Contract
E100224,M,41,Graduate,Sales,Sales Executive,2017-12-08,M248,Hyderabad,Full-time
E100225,F,24,Postgraduate,Operations,Operations Analyst,2021-08-21,M213,Bangalore,Full-time
E100226,M,35,Postgraduate,Sales,Account Manager,2017-05-10,M209,Bangalore,Full-time
E100227,F,35,Graduate,Operations,Process Manager,2020-08-05,M279,Chennai,Full-time
E100228,M,34,Graduate,Finance,Financial Analyst,2023-12-06,M335,Mumbai,Full-time
E100229,M,33,Postgraduate,IT,QA Engineer,2021-05-23,M295,Delhi,Full-time
E100230,F,32,Graduate,Finance,Accountant,2022-01-26,M259,Pune,Full-time
E100231,M,23,Graduate,Operations,Operations Analyst,2022-05-08,M255,Bangalore,Full-time
E100232,M,35,Graduate,IT,QA Engineer,2017-05-29,M279,Delhi,Full-time
E100233,F,28,Graduate,Finance,Financial Analyst,2021-04-25,M251,Delhi,Full-time
E100234,F,24,Graduate,HR,HR Executive,2021-02-17,M291,Chennai,Full-time
E100235,M,42,Graduate,Operations,Operations Analyst,2018-05-25,M278,Mumbai,Full-time
E100236,M,34,Graduate,HR,HR Business Partner,2020-12-17,M281,Mumbai,Contract
E100237,M,42,Postgraduate,Finance,Financial Analyst,2018-05-12,M316,Hyderabad,Full-time
E100238,F,29,Postgraduate,HR,HR Business Partner,2018-09-16,M241,Mumbai,Contract
E100239,F,30,Postgraduate,IT,Software Engineer,2023-02-18,M329,Delhi,Full-time
E100240,M,29,Graduate,IT,Data Analyst,2017-08-30,M233,Pune,Full-time
E100241,F,26,Postgraduate,IT,QA Engineer,2019-05-06,M286,Mumbai,Full-time
E100242,F,40,Graduate,IT,QA Engineer,2022-09-22,M216,Mumbai,Full-time
E100243,F,41,Postgraduate,HR,HR Executive,2018-01-01,M334,Pune,Full-time
E100244,M,43,Postgraduate,Sales,Account Manager,2020-07-08,M263,Hyderabad,Full-time
E100245,F,29,Graduate,Finance,Financial Analyst,2020-05-31,M248,Delhi,Full-time
E100246,M,39,Graduate,IT,Software Engineer,2017-08-05,M339,Pune,Contract
E100247,F,23,Graduate,Operations,Operations Analyst,2023-01-17,M214,Bangalore,Contract
E100248,M,39,Postgraduate,IT,Software Engineer,2018-05-03,M231,Pune,Contract
E100249,F,44,Postgraduate,Operations,Operations Analyst,2022-12-10,M211,Bangalore,Full-time
E100250,F,35,Postgraduate,Operations,Operations Analyst,2022-04-12,M285,Chennai,Contract
E100251,M,36,Graduate,Finance,Financial Analyst,2019-02-09,M249,Pune,Full-time
E100252,M,22,Graduate,Finance,Financial Analyst,2023-05-15,M317,Pune,Full-time
E100253,F,36,Graduate,Finance,Financial Analyst,2020-07-28,M343,Bangalore,Full-time
E100254,M,31,Postgraduate,Sales,Sales Executive,2022-04-08,M209,Mumbai,Full-time
E100255,F,41,Graduate,Sales,Sales Executive,2022-11-30,M289,Hyderabad,Full-time
E100256,F,42,Graduate,IT,Data Analyst,2019-11-04,M274,Pune,Full-time
E100257,M,25,Postgraduate,Sales,Sales Executive,2018-11-29,M223,Chennai,Full-time
E100258,M,28,Graduate,Operations,Process Manager,2021-02-01,M237,Chennai,Full-time
E100259,M,25,Graduate,IT,Software Engineer,2023-05-10,M202,Mumbai,Full-time
E100260,M,40,Graduate,Finance,Accountant,2017-06-11,M259,Pune,Full-time
E100261,M,27,Graduate,Sales,Account Manager,2018-10-26,M299,Pune,Full-time
E100262,F,22,Graduate,Finance,Accountant,2017-07-02,M315,Bangalore,Full-time
E100263,F,43,Graduate,Sales,Sales Executive,2019-08-29,M344,Chennai,Full-time
E100264,F,32,Postgraduate,Sales,Sales Executive,2021-09-30,M289,Mumbai,Full-time
E100265,M,32,Graduate,Operations,Process Manager,2022-09-29,M317,Mumbai,Full-time
E100266,F,40,Graduate,Sales,Sales Executive,2020-12-20,M263,Mumbai,Full-time
E100267,M,27,Graduate,Operations,Process Manager,2018-12-05,M325,Hyderabad,Contract
E100268,M,33,Graduate,IT,Data Analyst,2020-04-20,M230,Delhi,Full-time
E100269,M,43,Graduate,Finance,Financial Analyst,2020-12-02,M213,Hyderabad,Full-time
E100270,M,30,Graduate,HR,HR Executive,2017-07-24,M306,Delhi,Full-time
E100271,M,28,Graduate,Sales,Sales Executive,2023-02-22,M342,Hyderabad,Full-time
E100272,M,28,Graduate,Sales,Account Manager,2021-02-04,M319,Chennai,Full-time
E100273,M,44,Graduate,HR,HR Executive,2020-01-11,M248,Pune,Full-time
E100274,M,30,Graduate,Operations,Process Manager,2022-04-16,M316,Delhi,Full-time
E100275,M,38,Postgraduate,IT,QA Engineer,2018-08-21,M260,Hyderabad,Full-time
E100276,F,38,Graduate,Sales,Sales Executive,2023-10-07,M297,Bangalore,Full-time
E100277,F,23,Graduate,Operations,Process Manager,2022-09-01,M343,Pune,Full-time
E100278,F,31,Postgraduate,Finance,Accountant,2020-08-10,M262,Bangalore,Full-time
E100279,M,35,Postgraduate,Operations,Process Manager,2020-03-23,M342,Mumbai,Full-time
E100280,M,30,Graduate,Finance,Accountant,2019-02-21,M227,Hyderabad,Full-time
E100281,M,29,Graduate,HR,HR Executive,2021-11-19,M241,Delhi,Full-time
E100282,M,40,Graduate,Finance,Financial Analyst,2023-08-24,M210,Delhi,Full-time
E100283,M,42,Graduate,Finance,Accountant,2020-08-13,M336,Chennai,Full-time
E100284,M,23,Graduate,HR,HR Business Partner,2018-04-13,M330,Mumbai,Contract
E100285,M,22,Graduate,HR,HR Executive,2017-02-09,M207,Mumbai,Full-time
E100286,F,35,Graduate,Sales,Sales Executive,2023-04-27,M231,Bangalore,Full-time
E100287,M,34,Graduate,IT,QA Engineer,2022-03-26,M301,Hyderabad,Full-time
E100288,M,25,Postgraduate,Sales,Sales Executive,2021-04-10,M325,Chennai,Full-time
E100289,F,39,Graduate,Operations,Process Manager,2017-09-22,M259,Delhi,Contract
E100290,M,42,Graduate,HR,HR Executive,2020-10-19,M330,Delhi,Full-time
E100291,F,22,Graduate,HR,HR Business Partner,2023-01-13,M233,Bangalore,Full-time
E100292,F,37,Graduate,HR,HR Business Partner,2020-01-04,M216,Mumbai,Full-time
E100293,M,37,Graduate,Sales,Sales Executive,2017-10-16,M246,Chennai,Contract
E100294,M,24,Postgraduate,Finance,Financial Analyst,2019-08-26,M246,Chennai,Full-time
E100295,M,35,Postgraduate,Operations,Operations Analyst,2020-08-29,M344,Bangalore,Full-time
E100296,F,27,Postgraduate,Operations,Operations Analyst,2023-03-08,M290,Hyderabad,Full-time
E100297,M,40,Postgraduate,Finance,Financial Analyst,2019-04-20,M277,Pune,Full-time
E100298,F,43,Postgraduate,IT,Data Analyst,2017-06-03,M282,Chennai,Contract
E100299,M,28,Graduate,HR,HR Executive,2023-05-21,M272,Pune,Full-time
E100300,M,42,Graduate,IT,QA Engineer,2018-02-02,M229,Bangalore,Full-time
E100301,M,24,Graduate,Finance,Financial Analyst,2021-08-05,M277,Chennai,Full-time
E100302,F,30,Graduate,Sales,Account Manager,2019-09-15,M285,Bangalore,Contract
E100303,M,24,Graduate,Operations,Process Manager,2023-10-16,M249,Mumbai,Full-time
E100304,M,33,Graduate,Operations,Process Manager,2020-07-23,M336,Delhi,Contract
E100305,M,34,Postgraduate,HR,HR Business Partner,2023-12-03,M275,Chennai,Full-time
E100306,M,43,Graduate,IT,QA Engineer,2022-09-05,M250,Chennai,Full-time
E100307,F,25,Graduate,Operations,Operations Analyst,2017-05-12,M266,Chennai,Full-time
E100308,M,44,Graduate,HR,HR Executive,2020-10-16,M344,Mumbai,Full-time
E100309,M,22,Graduate,HR,HR Executive,2021-01-30,M308,Bangalore,Full-time
E100310,M,34,Graduate,Sales,Account Manager,2022-02-19,M248,Chennai,Full-time
E100311,M,28,Postgraduate,Sales,Account Manager,2019-06-11,M261,Hyderabad,Full-time
E100312,M,30,Postgraduate,IT,Software Engineer,2020-09-29,M220,Pune,Contract
E100313,F,35,Postgraduate,IT,QA Engineer,2018-02-01,M276,Chennai,Full-time
E100314,F,42,Graduate,Finance,Financial Analyst,2018-08-07,M244,Hyderabad,Contract
E100315,F,35,Graduate,HR,HR Executive,2018-06-04,M283,Hyderabad,Full-time
E100316,M,40,Graduate,Finance,Accountant,2018-02-24,M283,Bangalore,Full-time
E100317,F,30,Graduate,HR,HR Executive,2022-09-20,M250,Pune,Full-time
E100318,M,27,Graduate,HR,HR Executive,2021-04-13,M201,Mumbai,Full-time
E100319,M,22,Graduate,HR,HR Executive,2017-09-25,M300,Mumbai,Full-time
E100320,F,42,Postgraduate,IT,QA Engineer,2020-12-02,M345,Delhi,Full-time
E100321,F,33,Postgraduate,IT,Software Engineer,2022-07-15,M278,Bangalore,Full-time
E100322,M,43,Postgraduate,Sales,Account Manager,2022-08-04,M233,Delhi,Full-time
E100323,F,36,Graduate,Finance,Financial Analyst,2021-05-11,M345,Delhi,Full-time
E100324,M,27,Postgraduate,Sales,Account Manager,2023-09-09,M335,Hyderabad,Full-time
E100325,M,38,Graduate,Finance,Accountant,2019-04-13,M268,Chennai,Full-time
E100326,M,35,Graduate,Sales,Sales Executive,2022-10-24,M250,Hyderabad,Full-time
E100327,M,26,Postgraduate,Operations,Operations Analyst,2017-09-02,M236,Hyderabad,Full-time
E100328,F,30,Postgraduate,Sales,Sales Executive,2021-09-28,M276,Pune,Contract
E100329,F,43,Graduate,Finance,Financial Analyst,2022-11-27,M248,Mumbai,Full-time
E100330,M,31,Postgraduate,Operations,Operations Analyst,2023-07-19,M308,Pune,Full-time
E100331,M,33,Postgraduate,Operations,Process Manager,2018-01-18,M267,Pune,Full-time
E100332,F,32,Graduate,Operations,Operations Analyst,2019-06-28,M216,Pune,Contract
E100333,F,29,Graduate,IT,Data Analyst,2017-06-14,M344,Mumbai,Full-time
E100334,M,23,Postgraduate,Sales,Sales Executive,2022-10-13,M246,Delhi,Full-time
E100335,M,41,Graduate,Sales,Sales Executive,2018-04-21,M211,Chennai,Full-time
E100336,F,27,Graduate,Sales,Account Manager,2021-11-07,M301,Pune,Full-time
E100337,M,39,Postgraduate,Sales,Sales Executive,2018-12-05,M281,Delhi,Full-time
E100338,M,30,Graduate,Finance,Financial Analyst,2017-12-31,M280,Bangalore,Full-time
E100339,M,34,Postgraduate,Sales,Sales Executive,2020-09-08,M230,Hyderabad,Full-time
E100340,F,31,Graduate,Operations,Process Manager,2018-11-14,M325,Mumbai,Full-time
E100341,M,36,Postgraduate,HR,HR Executive,2018-11-27,M313,Hyderabad,Full-time
E100342,F,36,Graduate,Sales,Sales Executive,2017-01-25,M335,Mumbai,Full-time
E100343,F,23,Graduate,IT,QA Engineer,2017-09-14,M222,Bangalore,Full-time
E100344,M,24,Graduate,Finance,Accountant,2022-07-08,M341,Delhi,Full-time
E100345,M,37,Postgraduate,HR,HR Executive,2022-11-01,M344,Hyderabad,Full-time
E100346,F,36,Graduate,Finance,Accountant,2018-03-26,M233,Pune,Full-time
E100347,F,38,Graduate,Sales,Account Manager,2021-05-08,M212,Mumbai,Full-time
E100348,M,38,Postgraduate,Sales,Sales Executive,2020-07-28,M231,Chennai,Full-time
E100349,M,39,Graduate,Finance,Accountant,2021-05-09,M309,Delhi,Full-time
E100350,F,33,Graduate,Finance,Financial Analyst,2021-02-03,M233,Hyderabad,Full-time
E100351,M,38,Graduate,Sales,Sales Executive,2021-10-06,M217,Chennai,Full-time
E100352,M,33,Postgraduate,HR,HR Business Partner,2022-05-15,M338,Bangalore,Full-time
E100353,F,25,Postgraduate,Sales,Sales Executive,2022-05-01,M342,Pune,Full-time
E100354,F,38,Postgraduate,IT,Data Analyst,2022-06-19,M259,Pune,Full-time
E100355,M,32,Postgraduate,HR,HR Executive,2017-01-23,M223,Delhi,Full-time
E100356,M,42,Graduate,Finance,Financial Analyst,2019-03-04,M339,Mumbai,Full-time
E100357,M,30,Graduate,Operations,Process Manager,2020-08-20,M345,Chennai,Full-time
E100358,M,34,Graduate,IT,QA Engineer,2019-11-03,M329,Bangalore,Full-time
E100359,F,25,Postgraduate,Sales,Account Manager,2019-08-10,M336,Delhi,Full-time
E100360,M,29,Graduate,Finance,Accountant,2019-07-29,M264,Delhi,Full-time
E100361,M,43,Postgraduate,Sales,Sales Executive,2021-03-29,M252,Delhi,Full-time
E100362,F,38,Graduate,HR,HR Business Partner,2021-12-21,M337,Pune,Full-time
E100363,M,32,Postgraduate,IT,Data Analyst,2019-06-03,M321,Delhi,Full-time
E100364,M,33,Graduate,IT,QA Engineer,2023-11-18,M333,Mumbai,Full-time
E100365,M,32,Postgraduate,HR,HR Executive,2022-08-22,M334,Delhi,Full-time
E100366,M,29,Graduate,IT,QA Engineer,2017-08-13,M258,Delhi,Contract
E100367,M,34,Postgraduate,Operations,Operations Analyst,2023-01-14,M203,Hyderabad,Contract
E100368,M,36,Graduate,Operations,Process Manager,2019-09-07,M221,Bangalore,Full-time
E100369,F,31,Graduate,HR,HR Business Partner,2023-08-07,M282,Pune,Contract
E100370,M,38,Postgraduate,Finance,Financial Analyst,2022-06-18,M301,Chennai,Full-time
E100371,F,41,Graduate,IT,Data Analyst,2021-11-12,M253,Bangalore,Contract
E100372,M,42,Postgraduate,Sales,Account Manager,2022-08-25,M333,Chennai,Contract
E100373,M,24,Graduate,HR,HR Business Partner,2023-06-08,M292,Delhi,Contract
E100374,F,32,Graduate,Finance,Financial Analyst,2023-07-07,M269,Bangalore,Full-time
E100375,F,33,Graduate,Sales,Account Manager,2022-01-30,M288,Hyderabad,Full-time
E100376,M,40,Postgraduate,HR,HR Business Partner,2020-11-14,M324,Hyderabad,Full-time
E100377,F,29,Graduate,Sales,Sales Executive,2023-11-03,M207,Chennai,Full-time
E100378,F,41,Graduate,IT,QA Engineer,2019-11-29,M285,Mumbai,Full-time
E100379,F,31,Postgraduate,IT,Software Engineer,2022-10-23,M303,Hyderabad,Full-time
E100380,M,34,Graduate,Sales,Account Manager,2017-12-15,M208,Chennai,Full-time
E100381,M,28,Graduate,Sales,Account Manager,2021-03-03,M347,Mumbai,Full-time
E100382,F,41,Graduate,Sales,Sales Executive,2017-10-01,M281,Delhi,Full-time
E100383,F,41,Graduate,IT,Data Analyst,2017-06-03,M258,Pune,Full-time
E100384,M,23,Postgraduate,Operations,Process Manager,2020-05-01,M267,Mumbai,Full-time
E100385,M,40,Graduate,Sales,Sales Executive,2022-11-17,M246,Hyderabad,Contract
E100386,F,41,Graduate,Operations,Process Manager,2022-12-20,M315,Mumbai,Full-time
E100387,F,35,Graduate,IT,QA Engineer,2017-04-22,M267,Hyderabad,Contract
E100388,F,29,Graduate,Operations,Operations Analyst,2020-10-22,M223,Hyderabad,Full-time
E100389,M,41,Graduate,HR,HR Executive,2023-10-17,M268,Chennai,Full-time
E100390,M,26,Postgraduate,IT,Software Engineer,2018-12-01,M334,Chennai,Full-time
E100391,M,36,Graduate,Finance,Financial Analyst,2018-01-19,M275,Chennai,Full-time
E100392,F,39,Postgraduate,Finance,Financial Analyst,2022-06-12,M300,Bangalore,Full-time
E100393,F,43,Graduate,Sales,Account Manager,2018-05-11,M215,Chennai,Full-time
E100394,M,31,Postgraduate,Operations,Process Manager,2017-09-29,M208,Bangalore,Contract
E100395,M,37,Graduate,HR,HR Business Partner,2023-12-28,M322,Mumbai,Full-time
E100396,M,25,Postgraduate,IT,Software Engineer,2020-04-29,M326,Hyderabad,Full-time
E100397,F,28,Postgraduate,Sales,Account Manager,2019-10-04,M256,Bangalore,Full-time
E100398,M,27,Postgraduate,IT,Software Engineer,2022-10-22,M202,Bangalore,Full-time
E100399,M,22,Graduate,Finance,Accountant,2017-06-24,M214,Delhi,Full-time
E100400,M,41,Graduate,Finance,Accountant,2018-01-04,M277,Hyderabad,Full-time
E100401,M,40,Postgraduate,HR,HR Executive,2019-01-29,M282,Mumbai,Full-time
E100402,M,37,Postgraduate,Sales,Account Manager,2018-01-25,M346,Delhi,Full-time
E100403,F,23,Postgraduate,Sales,Account Manager,2018-03-28,M314,Bangalore,Full-time
E100404,F,41,Postgraduate,Sales,Account Manager,2018-08-18,M323,Bangalore,Full-time
E100405,M,38,Postgraduate,Operations,Operations Analyst,2022-04-09,M204,Bangalore,Contract
E100406,F,39,Graduate,Operations,Process Manager,2019-06-07,M218,Chennai,Full-time
E100407,F,41,Postgraduate,HR,HR Business Partner,2018-03-28,M278,Chennai,Full-time
E100408,M,39,Postgraduate,Operations,Process Manager,2023-09-18,M304,Bangalore,Full-time
E100409,M,26,Postgraduate,Operations,Process Manager,2022-08-27,M281,Hyderabad,Full-time
E100410,M,24,Graduate,IT,QA Engineer,2021-09-09,M288,Pune,Full-time
E100411,F,32,Graduate,Finance,Accountant,2023-01-23,M219,Pune,Full-time
E100412,F,36,Graduate,Finance,Accountant,2018-02-07,M252,Hyderabad,Full-time
E100413,F,37,Graduate,Sales,Account Manager,2017-03-14,M299,Pune,Full-time
E100414,M,31,Graduate,Operations,Process Manager,2019-12-25,M258,Chennai,Contract
E100415,M,23,Graduate,Operations,Operations Analyst,2020-06-25,M227,Bangalore,Full-time
E100416,M,40,Postgraduate,Finance,Financial Analyst,2019-03-28,M272,Mumbai,Full-time
E100417,F,39,Graduate,IT,Data Analyst,2018-01-05,M284,Bangalore,Full-time
E100418,F,40,Graduate,Finance,Financial Analyst,2023-08-24,M216,Pune,Full-time
E100419,M,28,Graduate,HR,HR Business Partner,2023-03-10,M310,Delhi,Full-time
E100420,M,37,Postgraduate,IT,Software Engineer,2020-10-21,M260,Hyderabad,Full-time
E100421,M,37,Graduate,HR,HR Executive,2017-11-27,M281,Chennai,Full-time
E100422,M,35,Graduate,Finance,Financial Analyst,2023-06-25,M301,Bangalore,Full-time
E100423,M,31,Graduate,Sales,Account Manager,2021-12-05,M333,Pune,Full-time
E100424,F,39,Postgraduate,IT,Software Engineer,2021-09-14,M284,Hyderabad,Full-time
E100425,F,29,Graduate,Sales,Sales Executive,2020-04-26,M306,Mumbai,Full-time
E100426,M,32,Graduate,HR,HR Business Partner,2017-03-04,M203,Chennai,Full-time
E100427,M,36,Graduate,Operations,Operations Analyst,2019-04-02,M202,Chennai,Full-time
E100428,M,37,Graduate,IT,Software Engineer,2021-06-26,M291,Mumbai,Full-time
E100429,F,24,Postgraduate,Sales,Sales Executive,2023-06-09,M328,Delhi,Contract
E100430,M,42,Postgraduate,Sales,Account Manager,2019-01-16,M321,Delhi,Contract
E100431,F,26,Graduate,Operations,Operations Analyst,2022-01-12,M305,Hyderabad,Contract
E100432,F,27,Graduate,IT,Software Engineer,2020-05-21,M234,Chennai,Full-time
E100433,F,44,Graduate,Operations,Process Manager,2017-03-28,M256,Chennai,Full-time
E100434,M,34,Graduate,Operations,Operations Analyst,2018-05-10,M303,Mumbai,Full-time
E100435,M,22,Graduate,Finance,Accountant,2021-06-18,M325,Pune,Full-time
E100436,M,40,Graduate,Sales,Account Manager,2018-09-26,M227,Pune,Full-time
E100437,M,32,Graduate,Sales,Account Manager,2018-02-16,M232,Chennai,Contract
E100438,F,22,Graduate,Sales,Account Manager,2022-05-14,M297,Pune,Full-time
E100439,M,34,Postgraduate,IT,Data Analyst,2017-04-03,M263,Mumbai,Full-time
E100440,M,38,Postgraduate,HR,HR Executive,2017-03-12,M257,Bangalore,Contract
E100441,F,24,Graduate,IT,Software Engineer,2018-06-13,M316,Pune,Full-time
E100442,F,30,Graduate,Finance,Accountant,2022-09-04,M264,Mumbai,Full-time
E100443,M,30,Graduate,IT,QA Engineer,2020-10-19,M282,Pune,Contract
E100444,M,35,Graduate,Operations,Operations Analyst,2019-06-18,M345,Pune,Full-time
E100445,F,36,Graduate,HR,HR Business Partner,2023-02-11,M256,Bangalore,Full-time
E100446,M,31,Graduate,HR,HR Executive,2023-07-11,M282,Pune,Full-time
E100447,M,41,Graduate,Sales,Sales Executive,2018-10-06,M306,Pune,Full-time
E100448,M,23,Postgraduate,HR,HR Business Partner,2020-07-03,M247,Bangalore,Full-time
E100449,F,34,Graduate,IT,Data Analyst,2023-06-20,M257,Delhi,Full-time
E100450,F,28,Postgraduate,Operations,Operations Analyst,2017-02-13,M326,Delhi,Full-time
E100451,M,25,Postgraduate,HR,HR Executive,2019-09-18,M261,Hyderabad,Full-time
E100452,M,29,Graduate,Operations,Operations Analyst,2023-05-04,M256,Mumbai,Full-time
E100453,F,37,Graduate,Finance,Accountant,2023-06-06,M201,Hyderabad,Full-time
E100454,F,38,Graduate,HR,HR Executive,2018-10-20,M237,Bangalore,Full-time
E100455,M,34,Postgraduate,Sales,Account Manager,2022-10-10,M348,Hyderabad,Full-time
E100456,F,36,Postgraduate,Sales,Account Manager,2021-05-29,M222,Chennai,Full-time
E100457,M,29,Graduate,HR,HR Executive,2023-07-16,M262,Chennai,Full-time
E100458,M,35,Postgraduate,Operations,Process Manager,2021-06-03,M333,Bangalore,Contract
E100459,F,27,Graduate,Sales,Account Manager,2018-03-31,M207,Pune,Full-time
E100460,M,41,Postgraduate,Operations,Process Manager,2021-04-23,M230,Pune,Full-time
E100461,M,36,Graduate,HR,HR Executive,2017-12-31,M212,Bangalore,Contract
E100462,M,37,Graduate,Sales,Sales Executive,2018-05-14,M285,Chennai,Full-time
E100463,M,44,Postgraduate,HR,HR Executive,2019-09-19,M298,Pune,Full-time
E100464,M,25,Postgraduate,Operations,Operations Analyst,2022-12-26,M326,Pune,Full-time
E100465,M,44,Postgraduate,HR,HR Executive,2020-07-23,M309,Hyderabad,Full-time
E100466,M,42,Postgraduate,Operations,Operations Analyst,2020-08-31,M331,Chennai,Full-time
E100467,M,32,Postgraduate,Finance,Accountant,2022-04-29,M254,Chennai,Full-time
E100468,M,30,Graduate,Sales,Sales Executive,2019-07-29,M288,Bangalore,Full-time
E100469,M,33,Graduate,Sales,Sales Executive,2023-02-19,M292,Chennai,Full-time
E100470,M,32,Graduate,Finance,Accountant,2020-02-10,M239,Chennai,Full-time
E100471,M,34,Graduate,Sales,Account Manager,2017-03-31,M265,Delhi,Full-time
E100472,M,41,Graduate,Sales,Account Manager,2022-05-14,M239,Hyderabad,Full-time
E100473,F,32,Graduate,Finance,Accountant,2023-10-23,M244,Pune,Contract
E100474,F,30,Postgraduate,Sales,Sales Executive,2022-11-06,M236,Hyderabad,Full-time
E100475,M,41,Graduate,IT,QA Engineer,2019-06-04,M252,Delhi,Full-time
E100476,M,32,Postgraduate,HR,HR Business Partner,2019-07-14,M270,Delhi,Full-time
E100477,M,31,Graduate,Sales,Account Manager,2017-02-19,M214,Mumbai,Full-time
E100478,F,29,Graduate,Operations,Process Manager,2022-08-03,M303,Pune,Full-time
E100479,F,38,Graduate,Operations,Process Manager,2019-12-20,M212,Delhi,Full-time
E100480,M,44,Graduate,Finance,Financial Analyst,2020-09-23,M230,Pune,Full-time
E100481,F,35,Graduate,Operations,Process Manager,2018-05-01,M311,Delhi,Full-time
E100482,M,44,Graduate,IT,Software Engineer,2019-09-18,M208,Chennai,Full-time
E100483,F,36,Graduate,HR,HR Executive,2019-08-30,M262,Mumbai,Contract
E100484,M,30,Graduate,IT,Data Analyst,2020-01-11,M237,Pune,Full-time
E100485,M,44,Postgraduate,IT,QA Engineer,2017-02-17,M288,Chennai,Contract
E100486,M,40,Postgraduate,Operations,Operations Analyst,2022-07-26,M289,Chennai,Full-time
E100487,F,34,Postgraduate,Finance,Accountant,2021-04-24,M319,Delhi,Full-time
E100488,M,23,Postgraduate,Sales,Account Manager,2021-07-25,M295,Mumbai,Full-time
E100489,M,31,Graduate,IT,Data Analyst,2020-05-14,M275,Bangalore,Full-time
E100490,F,30,Graduate,Operations,Operations Analyst,2017-11-04,M283,Chennai,Full-time
E100491,M,38,Graduate,Operations,Operations Analyst,2017-10-03,M328,Mumbai,Full-time
E100492,F,44,Graduate,HR,HR Business Partner,2022-07-27,M207,Pune,Full-time
E100493,F,37,Graduate,Sales,Sales Executive,2021-03-01,M344,Chennai,Contract
E100494,F,34,Postgraduate,HR,HR Executive,2023-04-05,M293,Mumbai,Full-time
E100495,F,31,Postgraduate,IT,QA Engineer,2017-05-23,M252,Delhi,Full-time
E100496,F,33,Graduate,IT,Software Engineer,2021-09-14,M297,Bangalore,Full-time
E100497,M,29,Postgraduate,Finance,Financial Analyst,2019-10-14,M211,Bangalore,Full-time
E100498,F,32,Postgraduate,HR,HR Business Partner,2019-06-02,M284,Chennai,Full-time
E100499,M,29,Postgraduate,Operations,Operations Analyst,2017-07-11,M314,Pune,Full-time
E100500,F,40,Graduate,Operations,Operations Analyst,2021-01-13,M216,Chennai,Full-time
E100501,F,40,Graduate,Finance,Accountant,2021-04-23,M242,Delhi,Contract
E100502,F,44,Graduate,Finance,Accountant,2019-09-04,M282,Hyderabad,Full-time
E100503,M,37,Postgraduate,Sales,Account Manager,2019-06-16,M313,Delhi,Full-time
E100504,M,33,Graduate,Sales,Sales Executive,2018-01-02,M318,Chennai,Full-time
E100505,M,43,Postgraduate,HR,HR Executive,2020-06-27,M225,Delhi,Full-time
E100506,F,37,Postgraduate,HR,HR Executive,2017-06-01,M304,Mumbai,Full-time
E100507,M,33,Postgraduate,HR,HR Executive,2023-07-27,M286,Bangalore,Full-time
E100508,M,38,Postgraduate,HR,HR Business Partner,2017-05-29,M315,Chennai,Full-time
E100509,F,42,Graduate,HR,HR Business Partner,2019-08-06,M321,Mumbai,Full-time
E100510,M,39,Graduate,Sales,Account Manager,2020-08-19,M303,Pune,Full-time
E100511,M,32,Postgraduate,HR,HR Executive,2019-10-06,M204,Hyderabad,Full-time
E100512,F,26,Graduate,Operations,Process Manager,2018-03-19,M201,Bangalore,Full-time
E100513,M,33,Postgraduate,Sales,Account Manager,2021-12-08,M322,Mumbai,Full-time
E100514,M,42,Graduate,Finance,Accountant,2018-08-29,M230,Delhi,Full-time
E100515,M,36,Graduate,IT,QA Engineer,2017-10-05,M348,Bangalore,Full-time
E100516,M,36,Graduate,Sales,Sales Executive,2020-05-16,M289,Mumbai,Full-time
E100517,F,35,Graduate,IT,Data Analyst,2018-03-05,M271,Mumbai,Full-time
E100518,M,42,Graduate,Operations,Operations Analyst,2017-09-26,M259,Chennai,Full-time
E100519,M,36,Graduate,HR,HR Executive,2018-02-11,M219,Chennai,Full-time
E100520,M,35,Postgraduate,HR,HR Business Partner,2020-11-12,M334,Delhi,Full-time
E100521,F,24,Graduate,Sales,Sales Executive,2019-10-01,M299,Pune,Full-time
E100522,M,38,Postgraduate,Finance,Accountant,2022-04-28,M249,Bangalore,Full-time
E100523,F,37,Graduate,Finance,Financial Analyst,2020-02-26,M267,Pune,Full-time
E100524,M,23,Graduate,Finance,Financial Analyst,2020-07-31,M335,Pune,Full-time
E100525,F,31,Graduate,Operations,Process Manager,2019-05-26,M229,Hyderabad,Full-time
E100526,F,32,Postgraduate,HR,HR Executive,2018-02-27,M293,Chennai,Contract
E100527,M,39,Graduate,Operations,Process Manager,2022-08-16,M321,Bangalore,Full-time
E100528,M,24,Postgraduate,Finance,Accountant,2023-08-21,M242,Bangalore,Full-time
E100529,M,43,Postgraduate,Finance,Financial Analyst,2019-03-20,M234,Chennai,Full-time
E100530,F,33,Postgraduate,Sales,Sales Executive,2021-03-19,M217,Bangalore,Full-time
E100531,F,36,Graduate,IT,QA Engineer,2018-12-15,M315,Chennai,Full-time
E100532,M,31,Postgraduate,HR,HR Executive,2023-08-13,M257,Chennai,Full-time
E100533,M,37,Graduate,IT,Software Engineer,2020-09-19,M298,Pune,Full-time
E100534,M,38,Graduate,Operations,Process Manager,2018-11-16,M263,Hyderabad,Contract
E100535,M,37,Graduate,HR,HR Business Partner,2022-10-03,M217,Pune,Full-time
E100536,F,32,Graduate,HR,HR Business Partner,2023-04-29,M247,Hyderabad,Full-time
E100537,M,36,Graduate,Operations,Process Manager,2021-11-17,M206,Chennai,Full-time
E100538,F,38,Graduate,Finance,Accountant,2017-05-21,M319,Delhi,Full-time
E100539,M,43,Graduate,Operations,Process Manager,2018-12-21,M275,Mumbai,Full-time
E100540,F,26,Postgraduate,HR,HR Executive,2022-07-22,M342,Delhi,Full-time
E100541,M,26,Postgraduate,Finance,Financial Analyst,2018-04-06,M228,Delhi,Full-time
E100542,F,26,Postgraduate,Finance,Accountant,2017-08-12,M229,Mumbai,Full-time
E100543,F,25,Postgraduate,HR,HR Executive,2019-04-10,M310,Delhi,Full-time
E100544,M,36,Postgraduate,Sales,Sales Executive,2021-04-23,M347,Bangalore,Full-time
E100545,F,32,Graduate,HR,HR Business Partner,2019-07-05,M267,Mumbai,Contract
E100546,M,25,Postgraduate,Operations,Process Manager,2018-09-10,M327,Pune,Full-time
E100547,F,23,Graduate,Operations,Operations Analyst,2020-09-24,M337,Hyderabad,Full-time
E100548,F,32,Graduate,IT,Data Analyst,2023-10-07,M338,Mumbai,Full-time
E100549,M,38,Postgraduate,HR,HR Executive,2017-11-02,M291,Bangalore,Full-time
E100550,M,25,Graduate,Operations,Process Manager,2020-11-10,M239,Hyderabad,Full-time
E100551,M,38,Postgraduate,Operations,Operations Analyst,2017-01-12,M248,Hyderabad,Full-time
E100552,M,31,Graduate,Finance,Accountant,2020-01-25,M276,Bangalore,Full-time
E100553,M,41,Postgraduate,Operations,Process Manager,2020-06-14,M226,Bangalore,Contract
E100554,M,33,Graduate,HR,HR Executive,2022-08-22,M209,Bangalore,Full-time
E100555,F,40,Graduate,Finance,Financial Analyst,2017-03-01,M329,Bangalore,Contract
E100556,M,42,Graduate,Operations,Operations Analyst,2022-12-13,M277,Mumbai,Full-time
E100557,M,27,Postgraduate,HR,HR Business Partner,2023-06-20,M221,Chennai,Full-time
E100558,F,22,Postgraduate,Operations,Process Manager,2018-03-16,M347,Hyderabad,Full-time
E100559,M,25,Graduate,Operations,Operations Analyst,2020-11-24,M339,Bangalore,Full-time
E100560,F,38,Postgraduate,Operations,Operations Analyst,2021-12-29,M243,Hyderabad,Full-time
E100561,M,35,Graduate,Sales,Account Manager,2018-09-08,M296,Mumbai,Full-time
E100562,M,44,Postgraduate,IT,QA Engineer,2020-02-08,M340,Pune,Full-time
E100563,F,43,Postgraduate,Operations,Operations Analyst,2017-11-22,M268,Delhi,Full-time
E100564,M,36,Postgraduate,IT,QA Engineer,2018-08-31,M253,Hyderabad,Full-time
E100565,F,42,Graduate,Finance,Accountant,2022-06-10,M280,Hyderabad,Full-time
E100566,F,26,Graduate,Operations,Process Manager,2022-12-19,M308,Delhi,Full-time
E100567,M,43,Graduate,Finance,Financial Analyst,2017-06-20,M310,Mumbai,Full-time
E100568,M,37,Graduate,Sales,Sales Executive,2022-07-29,M242,Mumbai,Full-time
E100569,F,40,Graduate,Finance,Accountant,2017-07-30,M210,Hyderabad,Full-time
E100570,M,27,Graduate,Sales,Account Manager,2018-03-03,M312,Hyderabad,Full-time
E100571,M,43,Postgraduate,Sales,Account Manager,2017-11-24,M206,Pune,Contract
E100572,M,32,Postgraduate,Finance,Financial Analyst,2022-03-09,M245,Mumbai,Full-time
E100573,F,43,Graduate,IT,Software Engineer,2018-08-24,M317,Delhi,Full-time
E100574,M,43,Graduate,IT,QA Engineer,2018-01-01,M222,Hyderabad,Full-time
E100575,M,40,Graduate,IT,Data Analyst,2019-07-10,M213,Chennai,Full-time
E100576,M,41,Graduate,Finance,Financial Analyst,2018-12-21,M278,Chennai,Contract
E100577,F,43,Graduate,Sales,Account Manager,2018-05-22,M263,Bangalore,Contract
E100578,M,28,Graduate,IT,Data Analyst,2020-04-07,M249,Chennai,Contract
E100579,M,23,Graduate,IT,Software Engineer,2021-11-07,M331,Pune,Full-time
E100580,M,30,Graduate,Finance,Financial Analyst,2022-10-20,M207,Mumbai,Full-time
E100581,M,35,Graduate,Finance,Accountant,2019-01-26,M215,Pune,Full-time
E100582,M,28,Postgraduate,Sales,Sales Executive,2023-04-27,M238,Bangalore,Full-time
E100583,F,25,Postgraduate,Sales,Account Manager,2022-11-26,M200,Hyderabad,Contract
E100584,F,29,Postgraduate,HR,HR Executive,2023-09-04,M218,Mumbai,Full-time
E100585,M,33,Postgraduate,Operations,Process Manager,2022-09-12,M336,Chennai,Full-time
E100586,M,36,Graduate,Operations,Operations Analyst,2019-01-17,M316,Delhi,Full-time
E100587,M,27,Graduate,Sales,Sales Executive,2021-09-03,M307,Pune,Full-time
E100588,M,38,Graduate,Sales,Account Manager,2019-06-10,M221,Hyderabad,Full-time
E100589,M,44,Graduate,HR,HR Executive,2023-12-26,M294,Chennai,Full-time
E100590,M,34,Postgraduate,Finance,Financial Analyst,2021-07-13,M241,Mumbai,Full-time
E100591,M,36,Graduate,HR,HR Executive,2019-06-09,M209,Delhi,Full-time
E100592,M,34,Postgraduate,Sales,Account Manager,2020-11-20,M266,Hyderabad,Full-time
E100593,M,29,Graduate,Finance,Financial Analyst,2018-08-20,M276,Pune,Contract
E100594,F,28,Graduate,Finance,Accountant,2019-10-14,M221,Bangalore,Full-time
E100595,M,29,Graduate,IT,Data Analyst,2021-02-23,M249,Delhi,Contract
E100596,M,30,Graduate,Finance,Accountant,2021-02-26,M222,Pune,Full-time
E100597,F,32,Graduate,Operations,Operations Analyst,2021-04-03,M345,Pune,Full-time
E100598,M,36,Graduate,IT,QA Engineer,2019-12-16,M267,Chennai,Contract
E100599,M,37,Graduate,Sales,Account Manager,2019-06-23,M212,Mumbai,Full-time
E100600,M,34,Graduate,HR,HR Executive,2019-12-26,M262,Delhi,Full-time
E100601,F,40,Postgraduate,HR,HR Executive,2021-11-20,M252,Hyderabad,Contract
E100602,M,40,Postgraduate,Operations,Process Manager,2021-10-18,M218,Hyderabad,Full-time
E100603,M,40,Graduate,Finance,Accountant,2022-06-03,M325,Bangalore,Contract
E100604,M,37,Postgraduate,Sales,Account Manager,2017-05-07,M325,Delhi,Contract
E100605,M,35,Graduate,Finance,Accountant,2018-02-23,M284,Hyderabad,Contract
E100606,M,40,Postgraduate,IT,Software Engineer,2022-10-14,M306,Chennai,Contract
E100607,M,44,Graduate,HR,HR Executive,2022-04-25,M287,Pune,Full-time
E100608,F,41,Postgraduate,Sales,Account Manager,2020-03-04,M290,Bangalore,Full-time
E100609,M,34,Graduate,IT,QA Engineer,2017-10-23,M347,Mumbai,Contract
E100610,M,39,Graduate,Finance,Financial Analyst,2017-01-28,M274,Bangalore,Full-time
E100611,M,24,Graduate,Operations,Operations Analyst,2021-08-05,M298,Bangalore,Full-time
E100612,M,34,Graduate,HR,HR Business Partner,2020-06-18,M200,Delhi,Full-time
E100613,M,37,Graduate,IT,Data Analyst,2018-05-06,M346,Pune,Full-time
E100614,M,22,Graduate,Sales,Sales Executive,2021-07-23,M303,Hyderabad,Full-time
E100615,M,30,Graduate,Operations,Operations Analyst,2022-08-31,M238,Hyderabad,Full-time
E100616,M,30,Graduate,IT,Data Analyst,2019-08-14,M203,Bangalore,Full-time
E100617,M,41,Postgraduate,HR,HR Business Partner,2017-09-29,M204,Delhi,Full-time
E100618,F,30,Postgraduate,HR,HR Executive,2019-07-27,M309,Bangalore,Full-time
E100619,M,34,Graduate,Sales,Sales Executive,2023-12-08,M340,Delhi,Full-time
E100620,F,23,Postgraduate,Finance,Accountant,2017-03-14,M259,Mumbai,Contract
E100621,F,39,Graduate,HR,HR Executive,2023-02-23,M329,Bangalore,Full-time
E100622,M,24,Graduate,Finance,Accountant,2021-05-25,M317,Delhi,Full-time
E100623,M,36,Postgraduate,Sales,Account Manager,2022-01-25,M327,Bangalore,Full-time
E100624,M,40,Postgraduate,IT,QA Engineer,2023-02-09,M206,Chennai,Full-time
E100625,M,29,Graduate,IT,QA Engineer,2019-10-11,M279,Delhi,Full-time
E100626,F,31,Postgraduate,IT,QA Engineer,2023-01-30,M205,Hyderabad,Contract
E100627,M,35,Graduate,Operations,Process Manager,2022-04-29,M225,Pune,Full-time
E100628,F,35,Graduate,Finance,Financial Analyst,2020-01-04,M220,Chennai,Full-time
E100629,F,43,Postgraduate,Sales,Account Manager,2023-02-05,M336,Mumbai,Full-time
E100630,F,34,Graduate,Finance,Financial Analyst,2018-01-14,M226,Bangalore,Full-time
E100631,F,42,Graduate,Finance,Financial Analyst,2020-02-21,M262,Delhi,Full-time
E100632,M,26,Postgraduate,Sales,Sales Executive,2023-03-07,M202,Delhi,Contract
E100633,F,38,Graduate,Sales,Account Manager,2018-03-23,M315,Hyderabad,Full-time
E100634,M,39,Graduate,HR,HR Executive,2021-05-25,M207,Pune,Full-time
E100635,F,41,Graduate,Operations,Operations Analyst,2019-09-11,M200,Hyderabad,Full-time
E100636,M,39,Graduate,Finance,Accountant,2019-06-08,M237,Chennai,Contract
E100637,F,41,Graduate,HR,HR Executive,2020-10-12,M221,Pune,Contract
E100638,M,44,Postgraduate,HR,HR Business Partner,2019-07-28,M284,Hyderabad,Full-time
E100639,M,37,Graduate,IT,QA Engineer,2023-07-01,M265,Bangalore,Full-time
E100640,M,35,Postgraduate,HR,HR Executive,2017-06-06,M270,Bangalore,Full-time
E100641,F,22,Postgraduate,IT,Software Engineer,2021-09-03,M304,Delhi,Contract
E100642,M,38,Graduate,HR,HR Executive,2022-03-21,M217,Chennai,Full-time
E100643,F,38,Postgraduate,Operations,Operations Analyst,2017-10-22,M229,Hyderabad,Full-time
E100644,M,31,Graduate,Finance,Financial Analyst,2022-10-20,M269,Chennai,Full-time
E100645,F,42,Graduate,Finance,Accountant,2017-02-21,M208,Pune,Full-time
E100646,M,29,Graduate,HR,HR Executive,2022-07-01,M312,Pune,Full-time
E100647,M,43,Postgraduate,IT,QA Engineer,2018-09-03,M325,Mumbai,Full-time
E100648,F,37,Postgraduate,HR,HR Business Partner,2022-06-08,M321,Bangalore,Full-time
E100649,F,24,Graduate,IT,QA Engineer,2020-02-08,M346,Bangalore,Full-time
E100650,M,42,Graduate,Sales,Account Manager,2022-04-01,M264,Pune,Full-time
E100651,M,43,Graduate,Operations,Operations Analyst,2021-04-01,M279,Delhi,Full-time
E100652,M,44,Postgraduate,HR,HR Business Partner,2023-01-28,M270,Delhi,Full-time
E100653,M,28,Graduate,Operations,Process Manager,2020-05-14,M201,Hyderabad,Full-time
E100654,F,30,Graduate,IT,Software Engineer,2022-02-05,M257,Chennai,Full-time
E100655,F,34,Postgraduate,Operations,Operations Analyst,2020-07-26,M243,Pune,Full-time
E100656,M,26,Graduate,Finance,Financial Analyst,2018-07-21,M254,Hyderabad,Full-time
E100657,F,23,Graduate,Operations,Process Manager,2022-10-28,M270,Pune,Full-time
E100658,F,35,Postgraduate,HR,HR Executive,2022-04-11,M205,Hyderabad,Full-time
E100659,M,38,Graduate,HR,HR Business Partner,2021-10-30,M314,Hyderabad,Full-time
E100660,F,36,Postgraduate,Finance,Accountant,2018-12-21,M227,Bangalore,Full-time
E100661,M,25,Graduate,Sales,Account Manager,2021-01-05,M212,Bangalore,Full-time
E100662,F,37,Graduate,HR,HR Executive,2022-10-23,M240,Mumbai,Full-time
E100663,F,23,Graduate,IT,Software Engineer,2018-12-29,M261,Bangalore,Full-time
E100664,M,32,Graduate,IT,Software Engineer,2023-08-13,M345,Mumbai,Full-time
E100665,F,41,Postgraduate,Operations,Operations Analyst,2023-05-11,M281,Bangalore,Full-time
E100666,M,41,Graduate,IT,Software Engineer,2019-01-05,M246,Pune,Full-time
E100667,M,26,Postgraduate,Operations,Operations Analyst,2017-06-04,M289,Delhi,Full-time
E100668,F,42,Graduate,HR,HR Business Partner,2017-04-02,M241,Pune,Full-time
E100669,M,44,Postgraduate,IT,Software Engineer,2018-10-05,M251,Delhi,Contract
E100670,F,22,Graduate,Finance,Accountant,2018-02-12,M209,Chennai,Full-time
E100671,M,37,Graduate,HR,HR Business Partner,2018-05-02,M270,Bangalore,Full-time
E100672,M,34,Graduate,HR,HR Business Partner,2020-09-19,M267,Mumbai,Full-time
E100673,M,33,Postgraduate,HR,HR Business Partner,2018-09-12,M212,Chennai,Full-time
E100674,M,37,Graduate,HR,HR Business Partner,2023-05-19,M265,Hyderabad,Contract
E100675,M,41,Postgraduate,Operations,Operations Analyst,2023-06-10,M245,Pune,Full-time
E100676,M,23,Postgraduate,HR,HR Business Partner,2017-03-19,M333,Mumbai,Contract
E100677,F,42,Graduate,HR,HR Business Partner,2017-06-29,M270,Pune,Full-time
E100678,F,26,Graduate,Sales,Sales Executive,2023-08-02,M330,Hyderabad,Full-time
E100679,F,27,Graduate,Operations,Operations Analyst,2019-10-30,M348,Mumbai,Full-time
E100680,M,44,Postgraduate,HR,HR Business Partner,2018-07-01,M339,Chennai,Full-time
E100681,M,24,Graduate,HR,HR Executive,2018-09-26,M314,Bangalore,Full-time
E100682,F,42,Graduate,Finance,Accountant,2020-11-21,M331,Hyderabad,Full-time
E100683,F,27,Graduate,HR,HR Business Partner,2020-01-10,M250,Pune,Full-time
E100684,M,32,Graduate,Finance,Financial Analyst,2019-10-23,M209,Mumbai,Full-time
E100685,M,35,Postgraduate,Finance,Financial Analyst,2019-05-24,M285,Mumbai,Full-time
E100686,M,27,Postgraduate,Finance,Accountant,2017-05-15,M243,Chennai,Full-time
E100687,F,27,Graduate,HR,HR Business Partner,2021-08-08,M209,Mumbai,Full-time
E100688,M,22,Graduate,Operations,Operations Analyst,2020-11-06,M256,Delhi,Full-time
E100689,M,41,Graduate,HR,HR Executive,2021-05-29,M225,Bangalore,Full-time
E100690,M,44,Graduate,HR,HR Executive,2017-06-29,M263,Bangalore,Full-time
E100691,M,24,Postgraduate,HR,HR Executive,2023-03-27,M345,Chennai,Full-time
E100692,M,41,Postgraduate,Operations,Process Manager,2017-11-05,M212,Bangalore,Full-time
E100693,M,44,Graduate,Sales,Account Manager,2019-01-11,M264,Delhi,Contract
E100694,M,37,Graduate,Operations,Operations Analyst,2022-04-12,M212,Pune,Full-time
E100695,F,23,Graduate,HR,HR Business Partner,2020-06-27,M281,Mumbai,Contract
E100696,M,33,Graduate,Finance,Accountant,2019-09-24,M272,Mumbai,Full-time
E100697,M,39,Postgraduate,Sales,Account Manager,2020-04-07,M326,Delhi,Full-time
E100698,M,26,Postgraduate,Finance,Financial Analyst,2019-06-19,M284,Mumbai,Full-time
E100699,M,37,Graduate,Sales,Sales Executive,2022-05-14,M267,Mumbai,Full-time
E100700,F,37,Graduate,Finance,Accountant,2021-06-14,M208,Delhi,Full-time
E100701,F,26,Postgraduate,Finance,Accountant,2017-10-11,M276,Hyderabad,Full-time
E100702,M,42,Graduate,HR,HR Business Partner,2019-12-02,M255,Bangalore,Full-time
E100703,F,27,Graduate,Sales,Account Manager,2021-09-03,M282,Chennai,Full-time
E100704,F,37,Postgraduate,Finance,Accountant,2022-08-14,M224,Delhi,Full-time
E100705,F,32,Postgraduate,Operations,Operations Analyst,2018-07-27,M262,Bangalore,Full-time
E100706,M,34,Graduate,IT,Data Analyst,2019-02-11,M227,Hyderabad,Contract
E100707,M,28,Postgraduate,Finance,Financial Analyst,2019-05-16,M216,Pune,Full-time
E100708,F,38,Graduate,Sales,Account Manager,2020-04-08,M349,Delhi,Full-time
E100709,M,29,Postgraduate,IT,QA Engineer,2023-03-13,M310,Pune,Full-time
E100710,F,25,Postgraduate,IT,Data Analyst,2021-01-24,M312,Chennai,Contract
E100711,M,44,Graduate,HR,HR Executive,2021-07-18,M294,Delhi,Full-time
E100712,F,37,Graduate,Operations,Process Manager,2017-07-26,M344,Hyderabad,Full-time
E100713,M,25,Graduate,Sales,Account Manager,2017-02-14,M251,Pune,Full-time
E100714,M,23,Graduate,IT,Software Engineer,2018-08-03,M209,Hyderabad,Full-time
E100715,M,40,Graduate,Operations,Process Manager,2023-09-08,M291,Bangalore,Full-time
E100716,M,26,Graduate,Operations,Process Manager,2017-02-18,M261,Delhi,Full-time
E100717,F,22,Graduate,Sales,Sales Executive,2023-01-04,M296,Chennai,Full-time
E100718,F,22,Postgraduate,IT,Data Analyst,2022-11-13,M220,Delhi,Contract
E100719,M,26,Graduate,Finance,Accountant,2023-12-09,M217,Chennai,Contract
E100720,M,31,Graduate,Sales,Account Manager,2020-05-01,M239,Pune,Full-time
E100721,M,33,Graduate,Operations,Process Manager,2022-10-04,M311,Chennai,Full-time
E100722,M,23,Postgraduate,Operations,Operations Analyst,2023-02-27,M334,Chennai,Full-time
E100723,M,36,Graduate,HR,HR Executive,2023-07-05,M261,Delhi,Full-time
E100724,M,28,Graduate,Operations,Operations Analyst,2021-01-29,M235,Mumbai,Full-time
E100725,F,30,Graduate,IT,Software Engineer,2017-07-23,M213,Mumbai,Full-time
E100726,M,32,Graduate,IT,QA Engineer,2019-02-19,M328,Delhi,Full-time
E100727,F,43,Postgraduate,Finance,Accountant,2021-09-20,M308,Delhi,Full-time
E100728,M,36,Graduate,Operations,Operations Analyst,2022-11-27,M295,Chennai,Full-time
E100729,F,28,Postgraduate,HR,HR Business Partner,2021-10-22,M281,Delhi,Full-time
E100730,M,27,Graduate,HR,HR Executive,2019-07-21,M336,Pune,Full-time
E100731,M,25,Postgraduate,Sales,Sales Executive,2018-08-17,M349,Delhi,Full-time
E100732,M,28,Graduate,Finance,Financial Analyst,2017-03-29,M339,Hyderabad,Full-time
E100733,F,28,Graduate,HR,HR Business Partner,2020-10-13,M273,Chennai,Full-time
E100734,M,40,Graduate,IT,QA Engineer,2017-11-14,M318,Hyderabad,Full-time
E100735,F,35,Postgraduate,Operations,Process Manager,2018-02-22,M300,Hyderabad,Full-time
E100736,M,33,Graduate,Sales,Account Manager,2017-03-15,M344,Mumbai,Full-time
E100737,M,40,Graduate,Finance,Accountant,2021-04-02,M336,Pune,Full-time
E100738,F,24,Graduate,Operations,Process Manager,2017-06-01,M300,Chennai,Full-time
E100739,F,35,Graduate,Finance,Financial Analyst,2023-11-14,M205,Bangalore,Full-time
E100740,F,34,Graduate,IT,QA Engineer,2022-02-16,M251,Delhi,Full-time
E100741,M,24,Graduate,HR,HR Business Partner,2020-10-22,M339,Mumbai,Full-time
E100742,F,33,Graduate,Operations,Operations Analyst,2022-01-23,M296,Bangalore,Full-time
E100743,M,32,Postgraduate,Operations,Operations Analyst,2017-09-16,M316,Hyderabad,Full-time
E100744,M,27,Graduate,HR,HR Executive,2019-04-19,M219,Bangalore,Full-time
E100745,F,32,Graduate,IT,QA Engineer,2021-04-24,M290,Chennai,Full-time
E100746,F,36,Graduate,HR,HR Business Partner,2023-03-12,M292,Mumbai,Full-time
E100747,M,28,Postgraduate,IT,Data Analyst,2021-07-08,M317,Mumbai,Contract
E100748,M,31,Graduate,Sales,Sales Executive,2019-04-12,M243,Hyderabad,Full-time
E100749,F,37,Graduate,Sales,Account Manager,2023-07-26,M318,Delhi,Contract
E100750,M,34,Graduate,Operations,Process Manager,2022-02-26,M327,Hyderabad,Contract
E100751,F,23,Postgraduate,Sales,Account Manager,2023-11-06,M247,Pune,Full-time
E100752,M,28,Postgraduate,Operations,Process Manager,2018-09-29,M202,Mumbai,Contract
E100753,M,22,Postgraduate,IT,Data Analyst,2021-01-05,M301,Chennai,Full-time
E100754,F,22,Graduate,Finance,Financial Analyst,2020-02-09,M234,Delhi,Contract
E100755,M,40,Graduate,IT,QA Engineer,2018-08-19,M325,Delhi,Full-time
E100756,M,27,Postgraduate,HR,HR Executive,2023-04-25,M209,Hyderabad,Full-time
E100757,F,26,Graduate,Operations,Operations Analyst,2018-11-20,M289,Chennai,Full-time
E100758,F,37,Graduate,HR,HR Business Partner,2021-11-25,M202,Delhi,Full-time
E100759,M,42,Postgraduate,Operations,Process Manager,2017-07-27,M289,Hyderabad,Full-time
E100760,M,42,Postgraduate,IT,QA Engineer,2018-04-01,M220,Pune,Full-time
E100761,M,35,Graduate,Operations,Process Manager,2017-09-05,M292,Bangalore,Full-time
E100762,F,25,Graduate,HR,HR Business Partner,2021-12-26,M317,Mumbai,Full-time
E100763,M,37,Graduate,IT,Software Engineer,2019-04-28,M213,Mumbai,Full-time
E100764,M,40,Graduate,IT,Software Engineer,2018-08-26,M271,Mumbai,Full-time
E100765,F,23,Postgraduate,HR,HR Business Partner,2017-10-10,M316,Pune,Contract
E100766,M,24,Graduate,HR,HR Business Partner,2019-08-06,M257,Chennai,Full-time
E100767,F,33,Postgraduate,HR,HR Business Partner,2020-01-11,M347,Delhi,Full-time
E100768,M,34,Graduate,IT,QA Engineer,2022-04-05,M202,Chennai,Full-time
E100769,M,31,Postgraduate,Finance,Financial Analyst,2023-11-02,M227,Delhi,Contract
E100770,M,37,Graduate,Sales,Sales Executive,2023-04-10,M210,Bangalore,Full-time
E100771,F,34,Postgraduate,Sales,Account Manager,2020-08-15,M302,Bangalore,Full-time
E100772,M,38,Postgraduate,Sales,Sales Executive,2017-09-16,M300,Hyderabad,Contract
E100773,F,34,Graduate,Finance,Accountant,2023-12-21,M255,Pune,Full-time
E100774,M,40,Postgraduate,Finance,Financial Analyst,2018-03-15,M327,Pune,Full-time
E100775,F,25,Graduate,Sales,Sales Executive,2020-10-27,M235,Delhi,Full-time
E100776,M,42,Graduate,HR,HR Business Partner,2019-07-03,M243,Mumbai,Full-time
E100777,M,30,Graduate,Operations,Operations Analyst,2020-04-26,M248,Mumbai,Full-time
E100778,M,36,Postgraduate,Sales,Sales Executive,2020-01-28,M201,Pune,Full-time
E100779,F,28,Graduate,Sales,Sales Executive,2020-11-12,M211,Pune,Full-time
E100780,F,38,Postgraduate,HR,HR Business Partner,2022-09-11,M305,Bangalore,Full-time
E100781,M,39,Postgraduate,Finance,Accountant,2021-08-09,M342,Chennai,Full-time
E100782,F,38,Postgraduate,Operations,Operations Analyst,2023-04-27,M274,Chennai,Contract
E100783,M,34,Graduate,HR,HR Business Partner,2019-05-24,M219,Hyderabad,Full-time
E100784,M,35,Postgraduate,IT,Data Analyst,2018-04-06,M251,Mumbai,Full-time
E100785,M,34,Postgraduate,HR,HR Business Partner,2022-04-09,M231,Bangalore,Full-time
E100786,F,30,Graduate,HR,HR Business Partner,2019-11-19,M261,Pune,Full-time
E100787,F,24,Postgraduate,IT,QA Engineer,2020-03-10,M336,Hyderabad,Full-time
E100788,F,39,Graduate,IT,QA Engineer,2017-02-16,M268,Hyderabad,Full-time
E100789,M,23,Graduate,HR,HR Business Partner,2018-11-14,M270,Chennai,Full-time
E100790,M,42,Graduate,Sales,Sales Executive,2021-03-19,M248,Hyderabad,Full-time
E100791,F,39,Graduate,Finance,Accountant,2022-03-10,M303,Delhi,Full-time
E100792,M,29,Postgraduate,Operations,Operations Analyst,2022-07-07,M310,Bangalore,Full-time
E100793,M,29,Postgraduate,IT,QA Engineer,2019-02-12,M239,Hyderabad,Full-time
E100794,M,30,Graduate,Sales,Account Manager,2023-09-27,M296,Hyderabad,Full-time
E100795,F,26,Graduate,Operations,Process Manager,2022-03-24,M212,Delhi,Full-time
E100796,M,37,Postgraduate,IT,QA Engineer,2017-01-18,M329,Bangalore,Contract
E100797,F,30,Graduate,HR,HR Business Partner,2017-04-16,M273,Bangalore,Full-time
E100798,F,43,Postgraduate,Operations,Process Manager,2022-10-19,M339,Pune,Full-time
E100799,M,39,Postgraduate,Sales,Sales Executive,2019-08-02,M337,Mumbai,Full-time
E100800,F,23,Postgraduate,IT,QA Engineer,2019-06-17,M233,Pune,Full-time
E100801,M,24,Graduate,HR,HR Business Partner,2018-12-05,M272,Delhi,Contract
E100802,F,26,Postgraduate,Sales,Sales Executive,2017-05-01,M291,Mumbai,Contract
E100803,M,37,Postgraduate,Operations,Operations Analyst,2020-02-28,M298,Chennai,Full-time
E100804,M,43,Graduate,HR,HR Business Partner,2017-01-29,M294,Hyderabad,Contract
E100805,F,40,Graduate,HR,HR Executive,2020-04-30,M265,Chennai,Contract
E100806,F,37,Graduate,HR,HR Executive,2020-05-03,M266,Chennai,Full-time
E100807,F,42,Postgraduate,IT,Data Analyst,2020-03-18,M322,Chennai,Full-time
E100808,F,29,Graduate,Finance,Accountant,2021-04-13,M330,Delhi,Full-time
E100809,F,26,Graduate,HR,HR Business Partner,2023-06-08,M210,Mumbai,Full-time
E100810,M,35,Graduate,IT,Data Analyst,2018-11-04,M230,Pune,Full-time
E100811,M,23,Postgraduate,HR,HR Business Partner,2018-09-09,M220,Hyderabad,Full-time
E100812,M,27,Postgraduate,Operations,Operations Analyst,2019-11-10,M224,Hyderabad,Full-time
E100813,M,22,Graduate,HR,HR Business Partner,2021-09-01,M204,Mumbai,Full-time
E100814,F,26,Graduate,IT,Software Engineer,2023-08-16,M302,Mumbai,Full-time
E100815,M,29,Postgraduate,Sales,Account Manager,2023-11-21,M215,Hyderabad,Full-time
E100816,F,37,Postgraduate,Operations,Operations Analyst,2018-07-05,M336,Hyderabad,Full-time
E100817,F,36,Graduate,HR,HR Executive,2023-12-30,M262,Mumbai,Full-time
E100818,M,28,Graduate,IT,Data Analyst,2019-09-05,M259,Pune,Full-time
E100819,M,42,Postgraduate,HR,HR Executive,2020-01-08,M256,Pune,Contract
E100820,F,28,Graduate,Operations,Process Manager,2023-01-15,M232,Hyderabad,Full-time
E100821,F,27,Postgraduate,Operations,Process Manager,2022-08-27,M300,Hyderabad,Full-time
E100822,F,32,Graduate,Finance,Accountant,2020-05-10,M326,Bangalore,Full-time
E100823,M,33,Graduate,Sales,Account Manager,2022-08-26,M220,Hyderabad,Full-time
E100824,F,23,Graduate,IT,Software Engineer,2020-07-30,M260,Chennai,Full-time
E100825,F,34,Postgraduate,IT,QA Engineer,2019-02-08,M225,Bangalore,Full-time
E100826,M,38,Graduate,HR,HR Executive,2019-09-18,M223,Mumbai,Full-time
E100827,M,35,Graduate,Sales,Sales Executive,2023-05-25,M225,Bangalore,Full-time
E100828,M,42,Graduate,Finance,Accountant,2022-03-13,M210,Bangalore,Full-time
E100829,M,36,Graduate,Finance,Accountant,2018-08-22,M300,Mumbai,Full-time
E100830,M,41,Graduate,HR,HR Executive,2022-04-30,M331,Chennai,Contract
E100831,M,23,Graduate,Sales,Account Manager,2019-04-23,M338,Mumbai,Full-time
E100832,M,30,Postgraduate,HR,HR Business Partner,2022-12-06,M307,Delhi,Full-time
E100833,M,31,Postgraduate,Finance,Financial Analyst,2017-10-22,M247,Chennai,Full-time
E100834,F,26,Graduate,Finance,Accountant,2019-03-29,M277,Bangalore,Full-time
E100835,M,22,Graduate,Sales,Sales Executive,2018-10-23,M280,Pune,Full-time
E100836,M,23,Graduate,Sales,Account Manager,2018-09-04,M280,Chennai,Contract
E100837,M,27,Graduate,Finance,Accountant,2019-09-04,M205,Pune,Full-time
E100838,M,29,Postgraduate,Operations,Process Manager,2023-05-17,M223,Bangalore,Contract
E100839,M,28,Graduate,Finance,Financial Analyst,2020-10-18,M338,Chennai,Full-time
E100840,M,39,Graduate,Finance,Financial Analyst,2019-12-02,M223,Hyderabad,Contract
E100841,F,38,Graduate,Operations,Process Manager,2022-11-18,M271,Hyderabad,Full-time
E100842,M,35,Graduate,HR,HR Executive,2022-05-13,M331,Hyderabad,Full-time
E100843,F,24,Graduate,IT,QA Engineer,2021-11-01,M310,Hyderabad,Contract
E100844,F,24,Graduate,Sales,Account Manager,2023-08-25,M309,Hyderabad,Full-time
E100845,M,30,Graduate,HR,HR Executive,2020-08-20,M224,Delhi,Full-time
E100846,M,29,Graduate,IT,QA Engineer,2022-12-07,M267,Pune,Full-time
E100847,F,22,Postgraduate,Finance,Financial Analyst,2021-07-17,M282,Chennai,Full-time
E100848,F,23,Graduate,Operations,Operations Analyst,2021-01-29,M205,Pune,Full-time
E100849,M,30,Postgraduate,Finance,Financial Analyst,2018-01-14,M292,Bangalore,Full-time
E100850,M,22,Postgraduate,Finance,Financial Analyst,2018-12-13,M326,Mumbai,Full-time
E100851,M,29,Graduate,Sales,Sales Executive,2023-04-02,M216,Chennai,Full-time
E100852,M,24,Postgraduate,HR,HR Business Partner,2017-05-17,M253,Delhi,Full-time
E100853,M,23,Graduate,Sales,Account Manager,2018-12-03,M338,Pune,Full-time
E100854,M,36,Postgraduate,Operations,Operations Analyst,2017-12-14,M216,Bangalore,Full-time
E100855,F,34,Graduate,Finance,Accountant,2021-12-30,M284,Mumbai,Full-time
E100856,M,36,Graduate,Sales,Sales Executive,2021-08-04,M209,Bangalore,Contract
E100857,M,32,Graduate,Sales,Sales Executive,2019-07-10,M238,Mumbai,Full-time
E100858,F,24,Graduate,IT,Data Analyst,2019-03-09,M301,Pune,Full-time
E100859,M,22,Graduate,Finance,Accountant,2017-01-22,M302,Delhi,Full-time
E100860,F,37,Graduate,Sales,Sales Executive,2017-08-19,M297,Mumbai,Full-time
E100861,M,39,Graduate,Finance,Financial Analyst,2018-10-19,M342,Bangalore,Full-time
E100862,M,37,Postgraduate,Finance,Financial Analyst,2021-10-03,M276,Mumbai,Full-time
E100863,F,26,Graduate,Operations,Process Manager,2022-03-29,M242,Bangalore,Full-time
E100864,M,44,Graduate,Sales,Account Manager,2020-02-07,M325,Bangalore,Full-time
E100865,F,37,Graduate,IT,Data Analyst,2023-07-13,M335,Delhi,Contract
E100866,M,41,Postgraduate,IT,QA Engineer,2017-09-11,M218,Chennai,Full-time
E100867,M,33,Graduate,Operations,Operations Analyst,2021-06-14,M278,Bangalore,Full-time
E100868,F,36,Graduate,Finance,Accountant,2022-02-24,M321,Delhi,Full-time
E100869,M,26,Postgraduate,Sales,Account Manager,2023-03-28,M335,Bangalore,Full-time
E100870,F,31,Postgraduate,HR,HR Business Partner,2020-01-15,M275,Mumbai,Full-time
E100871,M,37,Postgraduate,Sales,Account Manager,2017-05-13,M221,Pune,Full-time
E100872,F,29,Graduate,Operations,Process Manager,2017-06-11,M322,Chennai,Full-time
E100873,M,44,Postgraduate,HR,HR Executive,2019-06-09,M334,Chennai,Full-time
E100874,F,33,Postgraduate,Sales,Sales Executive,2020-12-12,M258,Hyderabad,Full-time
E100875,M,38,Postgraduate,HR,HR Executive,2023-03-17,M337,Pune,Full-time
E100876,F,25,Graduate,Sales,Sales Executive,2018-12-03,M303,Chennai,Full-time
E100877,F,40,Postgraduate,Sales,Sales Executive,2023-02-07,M215,Hyderabad,Full-time
E100878,F,33,Graduate,Sales,Sales Executive,2021-03-16,M270,Chennai,Full-time
E100879,F,44,Graduate,IT,Software Engineer,2017-10-20,M326,Hyderabad,Full-time
E100880,F,30,Graduate,IT,QA Engineer,2019-06-09,M340,Pune,Full-time
E100881,M,34,Postgraduate,IT,Data Analyst,2021-01-18,M302,Bangalore,Full-time
E100882,F,37,Postgraduate,Finance,Financial Analyst,2017-01-29,M236,Bangalore,Full-time
E100883,M,34,Postgraduate,Finance,Financial Analyst,2019-08-25,M240,Chennai,Full-time
E100884,F,40,Postgraduate,Operations,Process Manager,2021-05-26,M306,Hyderabad,Full-time
E100885,M,28,Postgraduate,HR,HR Business Partner,2017-06-14,M326,Bangalore,Full-time
E100886,F,22,Graduate,HR,HR Business Partner,2017-04-02,M283,Bangalore,Full-time
E100887,M,44,Graduate,HR,HR Executive,2019-03-10,M252,Bangalore,Full-time
E100888,F,25,Graduate,IT,Data Analyst,2021-03-07,M348,Mumbai,Full-time
E100889,M,25,Graduate,IT,Data Analyst,2023-11-21,M245,Chennai,Contract
E100890,F,24,Postgraduate,Finance,Financial Analyst,2021-10-22,M296,Hyderabad,Full-time
E100891,M,34,Graduate,Finance,Accountant,2021-08-13,M276,Pune,Full-time
E100892,F,24,Graduate,Sales,Sales Executive,2018-09-19,M211,Delhi,Full-time
E100893,M,44,Graduate,Sales,Sales Executive,2023-02-03,M320,Hyderabad,Full-time
E100894,F,33,Graduate,Sales,Account Manager,2023-11-07,M222,Pune,Full-time
E100895,F,39,Postgraduate,Operations,Operations Analyst,2017-05-14,M287,Bangalore,Full-time
E100896,M,27,Graduate,HR,HR Business Partner,2022-09-30,M305,Bangalore,Full-time
E100897,M,28,Graduate,Finance,Accountant,2023-05-05,M235,Delhi,Full-time
E100898,M,30,Postgraduate,Operations,Process Manager,2017-11-10,M254,Mumbai,Full-time
E100899,F,27,Postgraduate,Finance,Accountant,2017-09-28,M262,Pune,Full-time
E100900,M,39,Graduate,Finance,Accountant,2020-03-07,M342,Hyderabad,Full-time
E100901,M,32,Graduate,IT,Data Analyst,2022-03-11,M293,Hyderabad,Full-time
E100902,M,23,Graduate,IT,Data Analyst,2023-08-21,M260,Mumbai,Full-time
E100903,M,22,Graduate,Finance,Accountant,2021-07-23,M235,Mumbai,Full-time
E100904,F,34,Graduate,Finance,Financial Analyst,2017-11-07,M225,Hyderabad,Full-time
E100905,M,26,Graduate,IT,Software Engineer,2019-08-05,M253,Hyderabad,Full-time
E100906,F,31,Graduate,Sales,Sales Executive,2022-07-29,M241,Chennai,Full-time
E100907,F,31,Graduate,HR,HR Business Partner,2022-09-05,M319,Delhi,Full-time
E100908,F,42,Graduate,HR,HR Business Partner,2021-07-23,M323,Mumbai,Full-time
E100909,F,32,Graduate,IT,Data Analyst,2017-05-26,M333,Pune,Full-time
E100910,F,28,Postgraduate,Operations,Process Manager,2019-06-16,M324,Bangalore,Full-time
E100911,M,39,Graduate,Operations,Operations Analyst,2019-03-09,M331,Mumbai,Full-time
E100912,F,23,Graduate,IT,Software Engineer,2020-11-26,M257,Pune,Full-time
E100913,M,22,Postgraduate,Sales,Sales Executive,2022-07-16,M336,Delhi,Full-time
E100914,M,43,Graduate,Sales,Sales Executive,2022-02-04,M270,Delhi,Full-time
E100915,F,38,Graduate,IT,Data Analyst,2020-03-31,M269,Mumbai,Full-time
E100916,F,25,Graduate,IT,Data Analyst,2021-01-05,M207,Hyderabad,Full-time
E100917,F,43,Graduate,Operations,Process Manager,2021-09-28,M250,Chennai,Full-time
E100918,M,28,Graduate,Operations,Operations Analyst,2019-04-30,M238,Mumbai,Full-time
E100919,F,30,Postgraduate,Finance,Accountant,2022-04-24,M309,Bangalore,Full-time
E100920,M,22,Postgraduate,Operations,Process Manager,2022-02-19,M214,Bangalore,Full-time
E100921,M,38,Postgraduate,Operations,Operations Analyst,2022-01-08,M209,Mumbai,Full-time
E100922,F,37,Graduate,HR,HR Executive,2022-04-21,M236,Bangalore,Full-time
E100923,F,33,Graduate,HR,HR Executive,2023-05-02,M242,Hyderabad,Contract
E100924,M,31,Graduate,HR,HR Business Partner,2017-12-16,M200,Mumbai,Full-time
E100925,M,31,Postgraduate,HR,HR Executive,2022-10-02,M313,Pune,Full-time
E100926,F,42,Graduate,Sales,Sales Executive,2017-10-26,M273,Hyderabad,Full-time
E100927,F,44,Graduate,IT,Data Analyst,2020-02-13,M269,Chennai,Contract
E100928,M,32,Postgraduate,IT,QA Engineer,2020-04-17,M303,Pune,Full-time
E100929,F,31,Graduate,HR,HR Business Partner,2021-12-19,M222,Mumbai,Full-time
E100930,M,30,Graduate,HR,HR Business Partner,2018-10-30,M284,Chennai,Full-time
E100931,M,29,Postgraduate,Sales,Sales Executive,2020-06-07,M304,Bangalore,Full-time
E100932,F,32,Postgraduate,Finance,Financial Analyst,2018-01-17,M339,Mumbai,Full-time
E100933,M,24,Graduate,Sales,Account Manager,2020-09-16,M219,Chennai,Full-time
E100934,M,40,Postgraduate,HR,HR Business Partner,2017-07-05,M335,Pune,Full-time
E100935,F,42,Graduate,IT,Software Engineer,2021-08-05,M338,Delhi,Full-time
E100936,M,33,Postgraduate,Sales,Account Manager,2019-05-20,M290,Mumbai,Contract
E100937,F,25,Graduate,Finance,Accountant,2017-07-24,M276,Hyderabad,Full-time
E100938,F,34,Graduate,Operations,Operations Analyst,2022-11-06,M227,Mumbai,Full-time
E100939,F,37,Graduate,Operations,Process Manager,2021-10-03,M295,Bangalore,Full-time
E100940,F,37,Postgraduate,Operations,Process Manager,2019-02-02,M242,Delhi,Full-time
E100941,M,32,Graduate,Finance,Accountant,2019-10-10,M232,Chennai,Contract
E100942,F,22,Postgraduate,HR,HR Executive,2021-03-14,M214,Delhi,Full-time
E100943,M,41,Postgraduate,IT,Data Analyst,2019-07-29,M256,Pune,Full-time
E100944,F,23,Graduate,Finance,Financial Analyst,2021-12-22,M332,Mumbai,Full-time
E100945,M,24,Graduate,Operations,Process Manager,2021-12-12,M213,Delhi,Full-time
E100946,M,36,Graduate,IT,Data Analyst,2017-01-10,M256,Pune,Full-time
E100947,M,36,Graduate,Operations,Operations Analyst,2022-11-01,M300,Delhi,Full-time
E100948,F,28,Graduate,Operations,Operations Analyst,2017-11-25,M222,Pune,Contract
E100949,M,41,Graduate,IT,Software Engineer,2019-07-13,M299,Bangalore,Full-time
E100950,M,34,Graduate,Sales,Sales Executive,2018-10-15,M243,Chennai,Full-time
E100951,M,30,Graduate,Finance,Financial Analyst,2020-10-11,M339,Chennai,Full-time
E100952,F,33,Graduate,Finance,Accountant,2017-08-17,M210,Bangalore,Full-time
E100953,M,22,Graduate,IT,QA Engineer,2020-10-07,M271,Mumbai,Full-time
E100954,M,39,Postgraduate,Sales,Sales Executive,2018-06-05,M329,Chennai,Full-time
E100955,M,36,Postgraduate,HR,HR Business Partner,2020-11-24,M213,Mumbai,Full-time
E100956,F,44,Graduate,Sales,Account Manager,2020-07-30,M222,Delhi,Contract
E100957,M,22,Graduate,Operations,Process Manager,2022-11-11,M280,Delhi,Full-time
E100958,M,34,Postgraduate,Finance,Accountant,2020-11-04,M214,Hyderabad,Full-time
E100959,F,22,Graduate,Finance,Financial Analyst,2019-12-12,M337,Mumbai,Full-time
E100960,F,29,Graduate,HR,HR Executive,2019-01-13,M318,Hyderabad,Full-time
E100961,M,26,Postgraduate,HR,HR Executive,2017-09-10,M242,Mumbai,Full-time
E100962,M,31,Postgraduate,Finance,Accountant,2021-11-10,M222,Mumbai,Full-time
E100963,M,22,Graduate,Finance,Accountant,2022-04-28,M256,Chennai,Full-time
E100964,F,28,Postgraduate,HR,HR Executive,2021-05-27,M285,Hyderabad,Contract
E100965,F,34,Postgraduate,Operations,Operations Analyst,2021-12-28,M234,Bangalore,Full-time
E100966,F,36,Postgraduate,Finance,Accountant,2021-02-12,M205,Chennai,Full-time
E100967,M,42,Postgraduate,IT,QA Engineer,2020-06-02,M278,Chennai,Full-time
E100968,F,39,Graduate,Finance,Financial Analyst,2018-04-13,M272,Pune,Full-time
E100969,M,34,Postgraduate,Sales,Account Manager,2021-06-02,M250,Pune,Full-time
E100970,M,35,Postgraduate,HR,HR Executive,2020-07-27,M299,Hyderabad,Full-time
E100971,M,25,Graduate,Finance,Accountant,2021-05-16,M266,Hyderabad,Full-time
E100972,F,39,Graduate,IT,Data Analyst,2019-03-05,M302,Pune,Full-time
E100973,F,39,Postgraduate,IT,Software Engineer,2017-09-28,M302,Hyderabad,Full-time
E100974,M,44,Graduate,IT,Software Engineer,2020-09-24,M230,Delhi,Full-time
E100975,M,29,Postgraduate,HR,HR Executive,2019-11-13,M299,Pune,Full-time
E100976,M,36,Postgraduate,IT,Software Engineer,2023-04-11,M309,Mumbai,Full-time
E100977,F,25,Graduate,Operations,Process Manager,2020-05-29,M217,Pune,Full-time
E100978,M,24,Postgraduate,Operations,Operations Analyst,2017-05-04,M213,Hyderabad,Full-time
E100979,F,28,Graduate,HR,HR Business Partner,2021-10-08,M223,Pune,Full-time
E100980,M,25,Postgraduate,Sales,Sales Executive,2017-07-26,M200,Pune,Full-time
E100981,M,25,Postgraduate,Sales,Account Manager,2017-07-06,M220,Mumbai,Full-time
E100982,F,34,Graduate,Sales,Account Manager,2018-01-20,M230,Chennai,Full-time
E100983,M,36,Postgraduate,Sales,Account Manager,2022-07-29,M235,Hyderabad,Full-time
E100984,F,42,Graduate,HR,HR Business Partner,2018-12-15,M200,Bangalore,Full-time
E100985,M,22,Graduate,IT,Data Analyst,2018-04-06,M240,Chennai,Contract
E100986,F,26,Postgraduate,IT,QA Engineer,2017-02-25,M333,Bangalore,Full-time
E100987,F,32,Graduate,IT,Data Analyst,2022-09-28,M201,Bangalore,Full-time
E100988,M,38,Graduate,Finance,Accountant,2018-02-24,M347,Hyderabad,Full-time
E100989,M,26,Postgraduate,IT,Data Analyst,2019-08-22,M214,Bangalore,Full-time
E100990,F,43,Graduate,Finance,Accountant,2019-03-03,M264,Bangalore,Full-time
E100991,M,36,Graduate,IT,Data Analyst,2018-08-24,M226,Chennai,Full-time
E100992,M,30,Graduate,HR,HR Executive,2020-05-27,M260,Chennai,Contract
E100993,M,37,Graduate,Finance,Financial Analyst,2018-04-18,M253,Bangalore,Full-time
E100994,M,32,Postgraduate,Sales,Sales Executive,2021-02-18,M226,Mumbai,Full-time
E100995,M,25,Postgraduate,Sales,Account Manager,2020-09-21,M280,Mumbai,Full-time
E100996,M,33,Graduate,HR,HR Executive,2018-05-19,M265,Bangalore,Full-time
E100997,M,37,Postgraduate,Operations,Operations Analyst,2021-07-31,M201,Hyderabad,Full-time
E100998,M,38,Graduate,Sales,Account Manager,2020-04-08,M340,Pune,Full-time
E100999,F,44,Graduate,Sales,Sales Executive,2018-09-08,M230,Bangalore,Contract
E101000,M,37,Postgraduate,Sales,Sales Executive,2019-02-05,M246,Chennai,Full-time
E101001,F,27,Postgraduate,Sales,Account Manager,2022-02-16,M272,Hyderabad,Full-time
E101002,M,26,Graduate,Finance,Financial Analyst,2018-07-20,M258,Delhi,Full-time
E101003,M,34,Graduate,IT,Software Engineer,2020-01-19,M220,Pune,Full-time
E101004,M,31,Graduate,HR,HR Executive,2021-07-07,M268,Delhi,Full-time
E101005,M,36,Graduate,Operations,Process Manager,2019-12-11,M273,Hyderabad,Full-time
E101006,M,33,Postgraduate,HR,HR Executive,2023-05-28,M266,Mumbai,Contract
E101007,M,25,Graduate,IT,Software Engineer,2020-01-29,M349,Pune,Full-time
E101008,F,32,Graduate,IT,QA Engineer,2018-03-28,M225,Bangalore,Full-time
E101009,M,24,Graduate,Sales,Sales Executive,2022-07-24,M260,Chennai,Full-time
E101010,M,35,Postgraduate,IT,Data Analyst,2023-07-10,M296,Mumbai,Contract
E101011,M,22,Graduate,Finance,Financial Analyst,2020-08-23,M268,Chennai,Full-time
E101012,M,31,Graduate,IT,Data Analyst,2019-05-15,M240,Mumbai,Full-time
E101013,M,34,Postgraduate,HR,HR Business Partner,2018-04-12,M268,Pune,Contract
E101014,M,42,Graduate,Operations,Operations Analyst,2023-05-23,M312,Delhi,Contract
E101015,F,26,Postgraduate,Finance,Accountant,2019-07-19,M321,Hyderabad,Full-time
E101016,M,37,Postgraduate,HR,HR Executive,2017-10-16,M326,Hyderabad,Full-time
E101017,F,30,Graduate,Finance,Accountant,2017-01-12,M314,Hyderabad,Full-time
E101018,F,24,Postgraduate,Sales,Account Manager,2021-02-04,M340,Hyderabad,Full-time
E101019,M,42,Postgraduate,Operations,Operations Analyst,2019-07-07,M271,Hyderabad,Full-time
E101020,M,35,Graduate,IT,Software Engineer,2019-09-20,M269,Bangalore,Full-time
E101021,M,39,Graduate,Finance,Accountant,2018-01-22,M207,Bangalore,Full-time
E101022,M,25,Graduate,Operations,Operations Analyst,2019-09-20,M309,Pune,Full-time
E101023,F,29,Graduate,IT,QA Engineer,2018-01-16,M285,Hyderabad,Full-time
E101024,F,25,Graduate,Finance,Accountant,2018-06-29,M324,Pune,Contract
E101025,M,43,Graduate,Finance,Financial Analyst,2023-12-19,M226,Bangalore,Full-time
E101026,F,22,Graduate,Operations,Process Manager,2017-07-27,M205,Bangalore,Full-time
E101027,M,40,Postgraduate,Sales,Account Manager,2018-11-20,M335,Pune,Full-time
E101028,F,39,Postgraduate,HR,HR Executive,2021-09-15,M294,Bangalore,Contract
E101029,M,37,Postgraduate,Operations,Operations Analyst,2020-06-08,M334,Chennai,Full-time
E101030,M,26,Postgraduate,IT,Data Analyst,2023-01-01,M288,Mumbai,Contract
E101031,F,22,Graduate,Operations,Process Manager,2023-01-26,M249,Delhi,Full-time
E101032,M,34,Graduate,HR,HR Business Partner,2022-09-18,M245,Pune,Full-time
E101033,M,34,Graduate,Sales,Sales Executive,2019-09-26,M253,Hyderabad,Full-time
E101034,M,43,Postgraduate,IT,Data Analyst,2018-11-26,M317,Delhi,Full-time
E101035,M,42,Postgraduate,Finance,Accountant,2021-02-12,M276,Pune,Full-time
E101036,F,30,Graduate,Finance,Accountant,2022-06-20,M206,Mumbai,Full-time
E101037,M,42,Postgraduate,IT,Data Analyst,2017-03-30,M343,Mumbai,Full-time
E101038,M,29,Graduate,Operations,Process Manager,2019-10-02,M319,Delhi,Full-time
E101039,M,44,Postgraduate,IT,Software Engineer,2020-07-08,M266,Delhi,Full-time
E101040,F,32,Graduate,Sales,Sales Executive,2018-06-26,M259,Chennai,Full-time
E101041,F,40,Postgraduate,Operations,Process Manager,2021-10-22,M242,Bangalore,Full-time
E101042,F,22,Graduate,Sales,Sales Executive,2017-03-31,M204,Mumbai,Full-time
E101043,M,43,Postgraduate,Finance,Financial Analyst,2022-07-29,M294,Bangalore,Full-time
E101044,M,44,Graduate,Finance,Accountant,2018-09-16,M308,Mumbai,Contract
E101045,M,43,Graduate,HR,HR Business Partner,2017-01-19,M239,Chennai,Full-time
E101046,M,29,Graduate,Sales,Sales Executive,2020-04-21,M274,Bangalore,Full-time
E101047,M,29,Graduate,Operations,Operations Analyst,2018-08-25,M311,Delhi,Full-time
E101048,M,30,Graduate,HR,HR Executive,2017-06-28,M315,Delhi,Full-time
E101049,M,30,Postgraduate,HR,HR Executive,2018-02-24,M237,Bangalore,Full-time
E101050,F,41,Graduate,IT,Software Engineer,2019-11-08,M212,Pune,Full-time
E101051,M,43,Graduate,IT,QA Engineer,2018-06-13,M212,Chennai,Full-time
E101052,F,24,Graduate,IT,Software Engineer,2018-07-14,M300,Chennai,Contract
E101053,F,25,Postgraduate,Operations,Process Manager,2018-08-01,M259,Chennai,Full-time
E101054,M,40,Graduate,Operations,Operations Analyst,2018-06-17,M232,Delhi,Full-time
E101055,F,33,Graduate,Sales,Account Manager,2017-03-11,M343,Mumbai,Contract
E101056,M,39,Graduate,Operations,Operations Analyst,2023-07-01,M298,Hyderabad,Full-time
E101057,M,26,Graduate,IT,QA Engineer,2022-01-26,M329,Bangalore,Full-time
E101058,M,38,Graduate,Sales,Sales Executive,2020-04-29,M270,Hyderabad,Full-time
E101059,F,33,Graduate,Sales,Account Manager,2022-10-25,M224,Delhi,Full-time
E101060,M,36,Graduate,Finance,Accountant,2020-04-04,M285,Chennai,Full-time
E101061,M,24,Graduate,IT,Data Analyst,2022-01-01,M310,Mumbai,Full-time
E101062,F,30,Graduate,Sales,Account Manager,2018-01-26,M334,Delhi,Full-time
E101063,M,44,Graduate,Sales,Sales Executive,2018-12-07,M304,Pune,Full-time
E101064,M,33,Graduate,HR,HR Executive,2018-08-15,M231,Delhi,Full-time
E101065,M,32,Postgraduate,HR,HR Business Partner,2017-05-15,M239,Pune,Full-time
E101066,M,25,Graduate,Operations,Process Manager,2023-08-13,M333,Chennai,Full-time
E101067,F,34,Postgraduate,HR,HR Executive,2018-12-29,M343,Pune,Contract
E101068,M,30,Graduate,Operations,Process Manager,2019-04-10,M315,Mumbai,Full-time
E101069,F,33,Graduate,Finance,Financial Analyst,2023-08-26,M251,Pune,Full-time
E101070,F,33,Graduate,Sales,Sales Executive,2022-10-04,M292,Bangalore,Full-time
E101071,F,32,Graduate,Finance,Financial Analyst,2017-08-23,M200,Bangalore,Full-time
E101072,M,32,Graduate,IT,Software Engineer,2018-06-22,M301,Bangalore,Full-time
E101073,M,22,Graduate,Finance,Financial Analyst,2017-03-22,M310,Bangalore,Full-time
E101074,M,36,Graduate,Finance,Financial Analyst,2021-02-03,M218,Mumbai,Full-time
E101075,M,33,Postgraduate,HR,HR Business Partner,2019-07-02,M254,Pune,Full-time
E101076,M,27,Postgraduate,Finance,Financial Analyst,2018-10-28,M294,Delhi,Contract
E101077,F,41,Postgraduate,Sales,Account Manager,2017-07-09,M327,Mumbai,Full-time
E101078,M,40,Postgraduate,Operations,Process Manager,2018-11-01,M314,Mumbai,Full-time
E101079,F,38,Postgraduate,Sales,Account Manager,2017-10-26,M240,Hyderabad,Full-time
E101080,F,29,Graduate,Operations,Operations Analyst,2019-09-22,M263,Hyderabad,Full-time
E101081,F,30,Postgraduate,Operations,Operations Analyst,2022-10-10,M348,Delhi,Full-time
E101082,M,37,Graduate,HR,HR Executive,2023-02-20,M286,Bangalore,Full-time
E101083,M,38,Postgraduate,IT,Data Analyst,2022-03-13,M222,Delhi,Full-time
E101084,M,35,Graduate,Operations,Process Manager,2019-07-12,M340,Delhi,Full-time
E101085,M,42,Graduate,HR,HR Business Partner,2021-03-06,M222,Pune,Full-time
E101086,M,35,Graduate,HR,HR Executive,2020-10-16,M283,Mumbai,Full-time
E101087,M,42,Graduate,Sales,Account Manager,2023-11-19,M281,Chennai,Full-time
E101088,M,39,Postgraduate,Finance,Financial Analyst,2018-03-25,M232,Chennai,Full-time
E101089,F,43,Graduate,Sales,Sales Executive,2021-01-19,M224,Bangalore,Contract
E101090,M,29,Graduate,Finance,Financial Analyst,2022-08-11,M285,Delhi,Contract
E101091,M,26,Graduate,Finance,Accountant,2017-06-24,M265,Pune,Full-time
E101092,M,22,Postgraduate,IT,Data Analyst,2020-10-09,M324,Bangalore,Full-time
E101093,M,31,Graduate,HR,HR Business Partner,2019-04-27,M216,Delhi,Full-time
E101094,M,40,Postgraduate,Finance,Financial Analyst,2021-01-27,M294,Chennai,Full-time
E101095,M,41,Graduate,Finance,Accountant,2022-04-26,M205,Hyderabad,Full-time
E101096,M,22,Graduate,Operations,Operations Analyst,2022-01-18,M275,Chennai,Full-time
E101097,M,40,Graduate,Sales,Account Manager,2021-08-19,M265,Hyderabad,Full-time
E101098,F,38,Graduate,HR,HR Business Partner,2019-08-08,M267,Pune,Full-time
E101099,F,44,Graduate,IT,QA Engineer,2018-02-13,M338,Bangalore,Full-time
E101100,M,23,Postgraduate,Operations,Operations Analyst,2019-12-21,M201,Chennai,Contract
E101101,M,25,Graduate,Operations,Process Manager,2019-10-21,M292,Chennai,Full-time
E101102,F,27,Graduate,HR,HR Executive,2021-05-16,M332,Hyderabad,Full-time
E101103,M,40,Postgraduate,Sales,Account Manager,2020-04-25,M331,Pune,Contract
E101104,F,27,Graduate,Sales,Account Manager,2022-02-09,M215,Pune,Contract
E101105,M,28,Graduate,HR,HR Executive,2021-06-05,M294,Pune,Full-time
E101106,F,29,Graduate,Operations,Operations Analyst,2018-08-03,M318,Delhi,Contract
E101107,M,36,Graduate,IT,Software Engineer,2018-07-17,M282,Mumbai,Contract
E101108,M,31,Graduate,Finance,Financial Analyst,2018-09-24,M269,Bangalore,Full-time
E101109,M,37,Postgraduate,HR,HR Business Partner,2021-10-20,M279,Pune,Full-time
E101110,F,34,Graduate,Sales,Sales Executive,2021-12-30,M289,Chennai,Full-time
E101111,M,31,Postgraduate,IT,QA Engineer,2023-03-15,M206,Mumbai,Contract
E101112,M,37,Postgraduate,Finance,Financial Analyst,2022-01-14,M211,Mumbai,Full-time
E101113,M,34,Postgraduate,HR,HR Executive,2022-05-28,M224,Hyderabad,Contract
E101114,M,42,Graduate,Sales,Account Manager,2020-04-18,M292,Chennai,Full-time
E101115,F,25,Graduate,Operations,Operations Analyst,2019-10-19,M280,Hyderabad,Full-time
E101116,M,26,Graduate,HR,HR Executive,2020-09-03,M236,Mumbai,Full-time
E101117,F,39,Graduate,Sales,Account Manager,2022-03-31,M247,Bangalore,Contract
E101118,M,33,Graduate,IT,Software Engineer,2023-01-16,M307,Pune,Full-time
E101119,F,43,Postgraduate,Finance,Accountant,2020-06-10,M228,Hyderabad,Contract
E101120,M,38,Graduate,Finance,Accountant,2017-11-26,M296,Hyderabad,Full-time
E101121,F,27,Graduate,IT,QA Engineer,2021-08-07,M338,Mumbai,Full-time
E101122,M,41,Postgraduate,HR,HR Business Partner,2023-04-22,M291,Mumbai,Full-time
E101123,F,28,Graduate,Finance,Accountant,2020-04-16,M327,Chennai,Full-time
E101124,M,40,Postgraduate,Finance,Financial Analyst,2018-10-24,M314,Pune,Full-time
E101125,F,44,Graduate,Sales,Account Manager,2017-05-26,M288,Pune,Full-time
E101126,M,29,Graduate,Sales,Account Manager,2021-02-19,M293,Mumbai,Full-time
E101127,F,36,Postgraduate,Finance,Financial Analyst,2022-03-07,M268,Chennai,Full-time
E101128,M,29,Graduate,HR,HR Business Partner,2018-12-02,M216,Hyderabad,Full-time
E101129,M,37,Graduate,HR,HR Executive,2019-03-27,M316,Bangalore,Full-time
E101130,M,42,Postgraduate,Finance,Accountant,2019-04-19,M315,Bangalore,Full-time
E101131,F,27,Graduate,IT,Data Analyst,2023-04-02,M223,Bangalore,Full-time
E101132,F,30,Postgraduate,Operations,Operations Analyst,2023-12-05,M341,Chennai,Full-time
E101133,M,23,Graduate,Operations,Process Manager,2023-11-19,M226,Pune,Full-time
E101134,M,44,Postgraduate,Sales,Account Manager,2019-12-05,M291,Chennai,Contract
E101135,M,28,Postgraduate,Operations,Operations Analyst,2020-10-19,M223,Pune,Full-time
E101136,M,37,Postgraduate,Sales,Sales Executive,2021-08-31,M318,Mumbai,Full-time
E101137,M,39,Graduate,Operations,Process Manager,2020-11-15,M237,Pune,Full-time
E101138,F,41,Postgraduate,Sales,Account Manager,2019-03-26,M207,Pune,Full-time
E101139,M,36,Graduate,Sales,Account Manager,2022-06-27,M250,Pune,Contract
E101140,M,29,Graduate,IT,Software Engineer,2022-05-28,M231,Delhi,Full-time
E101141,F,36,Graduate,Sales,Account Manager,2021-11-26,M226,Mumbai,Full-time
E101142,M,35,Graduate,Finance,Financial Analyst,2023-04-01,M341,Chennai,Full-time
E101143,F,34,Postgraduate,HR,HR Executive,2020-11-07,M255,Bangalore,Full-time
E101144,F,29,Graduate,IT,Software Engineer,2017-08-03,M213,Pune,Contract
E101145,M,40,Graduate,Operations,Operations Analyst,2017-06-04,M243,Hyderabad,Full-time
E101146,F,43,Postgraduate,Finance,Financial Analyst,2023-03-30,M246,Mumbai,Full-time
E101147,F,34,Graduate,Operations,Process Manager,2017-01-24,M300,Mumbai,Full-time
E101148,F,38,Graduate,HR,HR Business Partner,2023-08-17,M325,Pune,Full-time
E101149,M,28,Graduate,HR,HR Business Partner,2023-07-20,M202,Delhi,Full-time
E101150,F,38,Graduate,HR,HR Business Partner,2021-07-17,M349,Mumbai,Contract
E101151,F,31,Graduate,Sales,Account Manager,2018-10-13,M247,Mumbai,Contract
E101152,M,34,Graduate,HR,HR Executive,2019-07-05,M261,Mumbai,Full-time
E101153,F,25,Graduate,HR,HR Business Partner,2022-07-25,M348,Bangalore,Contract
E101154,F,31,Graduate,Operations,Operations Analyst,2018-07-09,M260,Chennai,Contract
E101155,F,41,Postgraduate,Finance,Accountant,2022-10-25,M229,Pune,Full-time
E101156,F,35,Postgraduate,Finance,Accountant,2019-09-03,M342,Mumbai,Full-time
E101157,M,33,Graduate,IT,Software Engineer,2023-05-08,M262,Delhi,Full-time
E101158,M,30,Postgraduate,Operations,Operations Analyst,2017-11-05,M319,Delhi,Full-time
E101159,F,32,Graduate,Operations,Process Manager,2020-07-07,M279,Bangalore,Full-time
E101160,M,39,Graduate,Finance,Financial Analyst,2018-05-29,M242,Mumbai,Full-time
E101161,M,39,Postgraduate,Operations,Operations Analyst,2023-03-10,M272,Delhi,Full-time
E101162,M,23,Postgraduate,IT,Software Engineer,2022-10-12,M268,Pune,Full-time
E101163,F,34,Graduate,Sales,Account Manager,2021-08-22,M208,Bangalore,Full-time
E101164,M,44,Postgraduate,Sales,Sales Executive,2021-12-23,M271,Delhi,Full-time
E101165,F,41,Graduate,Sales,Sales Executive,2018-11-27,M286,Mumbai,Full-time
E101166,F,33,Postgraduate,HR,HR Business Partner,2018-04-07,M228,Chennai,Full-time
E101167,M,40,Graduate,IT,QA Engineer,2017-08-08,M259,Hyderabad,Full-time
E101168,M,43,Postgraduate,IT,Data Analyst,2023-03-29,M221,Mumbai,Full-time
E101169,F,24,Postgraduate,Operations,Process Manager,2019-03-14,M342,Pune,Full-time
E101170,M,25,Graduate,Sales,Account Manager,2020-09-18,M297,Mumbai,Contract
E101171,F,33,Graduate,IT,Data Analyst,2018-10-14,M307,Delhi,Full-time
E101172,M,41,Graduate,HR,HR Executive,2017-09-10,M343,Hyderabad,Contract
E101173,M,42,Graduate,Sales,Sales Executive,2022-04-10,M207,Chennai,Full-time
E101174,M,40,Postgraduate,Operations,Operations Analyst,2018-06-19,M209,Delhi,Full-time
E101175,M,31,Graduate,Sales,Sales Executive,2017-02-24,M280,Delhi,Full-time
E101176,F,37,Graduate,Finance,Financial Analyst,2017-11-29,M249,Delhi,Full-time
E101177,M,29,Postgraduate,Operations,Operations Analyst,2023-07-29,M329,Pune,Full-time
E101178,M,41,Graduate,IT,Data Analyst,2023-11-08,M291,Bangalore,Full-time
E101179,F,34,Postgraduate,IT,Software Engineer,2020-05-22,M278,Chennai,Full-time
E101180,M,37,Graduate,Operations,Process Manager,2023-08-09,M305,Pune,Full-time
E101181,F,25,Graduate,IT,Software Engineer,2022-07-05,M348,Hyderabad,Full-time
E101182,M,41,Graduate,IT,Data Analyst,2019-03-30,M338,Mumbai,Full-time
E101183,F,30,Postgraduate,HR,HR Business Partner,2018-03-24,M227,Hyderabad,Full-time
E101184,M,35,Graduate,Operations,Operations Analyst,2019-09-15,M329,Mumbai,Full-time
E101185,M,36,Postgraduate,IT,QA Engineer,2017-11-21,M277,Delhi,Contract
E101186,M,43,Graduate,HR,HR Executive,2020-12-14,M246,Chennai,Full-time
E101187,M,32,Postgraduate,Finance,Financial Analyst,2019-06-08,M200,Mumbai,Full-time
E101188,M,43,Graduate,IT,Software Engineer,2023-12-02,M205,Mumbai,Full-time
E101189,F,31,Postgraduate,Operations,Operations Analyst,2017-08-20,M315,Hyderabad,Full-time
E101190,M,42,Graduate,Operations,Operations Analyst,2019-03-26,M252,Pune,Full-time
E101191,M,41,Graduate,Operations,Process Manager,2020-07-20,M319,Hyderabad,Full-time
E101192,M,40,Graduate,HR,HR Executive,2022-10-07,M205,Delhi,Full-time
E101193,F,29,Graduate,Finance,Accountant,2022-08-24,M244,Pune,Full-time
E101194,F,42,Postgraduate,Finance,Financial Analyst,2021-04-18,M206,Pune,Full-time
E101195,M,27,Postgraduate,HR,HR Business Partner,2020-08-04,M252,Pune,Full-time
E101196,F,34,Graduate,Sales,Account Manager,2023-06-24,M276,Mumbai,Full-time
E101197,F,23,Graduate,Operations,Operations Analyst,2021-08-04,M345,Mumbai,Contract
E101198,F,31,Postgraduate,HR,HR Business Partner,2022-12-09,M285,Mumbai,Full-time
E101199,F,26,Graduate,IT,Data Analyst,2022-09-25,M293,Pune,Full-time
E101200,F,29,Graduate,Finance,Accountant,2022-06-18,M324,Mumbai,Full-time
E101201,M,28,Postgraduate,Sales,Sales Executive,2018-11-18,M258,Pune,Full-time
E101202,M,38,Postgraduate,HR,HR Executive,2019-09-18,M288,Bangalore,Contract
E101203,F,33,Graduate,Finance,Accountant,2018-01-11,M203,Delhi,Full-time
E101204,M,28,Graduate,Sales,Sales Executive,2018-07-22,M304,Chennai,Contract
E101205,M,39,Graduate,Operations,Operations Analyst,2021-11-22,M322,Chennai,Full-time
E101206,F,23,Graduate,Finance,Financial Analyst,2019-09-25,M213,Chennai,Full-time
E101207,F,38,Postgraduate,IT,Software Engineer,2021-05-16,M288,Pune,Full-time
E101208,M,44,Graduate,IT,Data Analyst,2019-07-28,M222,Chennai,Contract
E101209,M,27,Graduate,Finance,Financial Analyst,2020-02-01,M239,Mumbai,Full-time
E101210,M,24,Graduate,IT,Data Analyst,2023-04-03,M286,Mumbai,Contract
E101211,M,37,Graduate,Operations,Operations Analyst,2023-12-29,M286,Hyderabad,Full-time
E101212,M,43,Postgraduate,Operations,Operations Analyst,2021-05-23,M286,Chennai,Full-time
E101213,M,38,Graduate,Sales,Sales Executive,2021-07-01,M349,Pune,Full-time
E101214,M,41,Graduate,Finance,Financial Analyst,2019-02-22,M299,Delhi,Full-time
E101215,F,37,Graduate,Finance,Financial Analyst,2019-05-25,M230,Delhi,Full-time
E101216,M,24,Graduate,Sales,Account Manager,2019-03-29,M263,Mumbai,Full-time
E101217,M,42,Postgraduate,Finance,Accountant,2023-06-25,M340,Delhi,Contract
E101218,M,38,Graduate,Operations,Process Manager,2021-06-03,M233,Chennai,Full-time
E101219,M,27,Postgraduate,IT,Software Engineer,2019-12-29,M344,Bangalore,Full-time
E101220,F,27,Postgraduate,IT,Software Engineer,2022-05-01,M309,Pune,Full-time
E101221,M,41,Graduate,Sales,Sales Executive,2021-02-08,M256,Hyderabad,Full-time
E101222,M,43,Graduate,Operations,Operations Analyst,2020-04-16,M260,Delhi,Full-time
E101223,F,34,Graduate,HR,HR Business Partner,2023-04-13,M264,Chennai,Full-time
E101224,F,43,Graduate,HR,HR Business Partner,2017-06-21,M293,Delhi,Contract
E101225,M,32,Graduate,HR,HR Business Partner,2020-03-07,M318,Bangalore,Full-time
E101226,F,37,Graduate,Sales,Sales Executive,2022-04-19,M269,Hyderabad,Full-time
E101227,F,38,Postgraduate,Finance,Financial Analyst,2019-02-16,M285,Pune,Full-time
E101228,F,22,Graduate,HR,HR Business Partner,2020-07-15,M286,Chennai,Full-time
E101229,M,34,Graduate,HR,HR Executive,2018-12-06,M317,Mumbai,Full-time
E101230,M,42,Graduate,Sales,Sales Executive,2018-10-02,M303,Mumbai,Contract
E101231,F,25,Postgraduate,Finance,Financial Analyst,2022-04-04,M269,Delhi,Full-time
E101232,M,38,Postgraduate,HR,HR Executive,2022-06-23,M269,Mumbai,Full-time
E101233,M,28,Graduate,Finance,Financial Analyst,2023-10-18,M311,Bangalore,Full-time
E101234,M,36,Postgraduate,Finance,Financial Analyst,2021-07-30,M312,Mumbai,Contract
E101235,M,44,Postgraduate,Operations,Operations Analyst,2020-03-07,M216,Delhi,Full-time
E101236,M,32,Postgraduate,Finance,Accountant,2020-04-12,M247,Mumbai,Full-time
E101237,M,42,Postgraduate,Finance,Accountant,2018-08-04,M330,Chennai,Full-time
E101238,F,31,Graduate,Operations,Process Manager,2019-04-14,M241,Delhi,Full-time
E101239,F,26,Graduate,Operations,Process Manager,2021-07-19,M323,Mumbai,Full-time
E101240,M,38,Postgraduate,HR,HR Business Partner,2017-10-02,M292,Hyderabad,Contract
E101241,M,25,Graduate,Sales,Account Manager,2022-10-14,M332,Delhi,Full-time
E101242,M,36,Postgraduate,IT,Software Engineer,2019-11-10,M335,Mumbai,Full-time
E101243,M,38,Postgraduate,IT,Software Engineer,2020-12-09,M336,Chennai,Contract
E101244,F,36,Graduate,Operations,Operations Analyst,2022-02-12,M209,Delhi,Full-time
E101245,F,24,Graduate,Sales,Account Manager,2020-09-03,M273,Delhi,Full-time
E101246,M,24,Postgraduate,Sales,Sales Executive,2023-12-24,M218,Pune,Full-time
E101247,F,24,Graduate,Operations,Process Manager,2023-12-12,M311,Chennai,Full-time
E101248,F,33,Graduate,Sales,Account Manager,2023-01-25,M298,Delhi,Full-time
E101249,F,33,Graduate,Finance,Accountant,2019-09-30,M339,Pune,Full-time
E101250,F,37,Graduate,HR,HR Executive,2017-03-25,M306,Chennai,Full-time
E101251,M,39,Postgraduate,Finance,Financial Analyst,2017-10-04,M234,Chennai,Full-time
E101252,M,35,Graduate,HR,HR Executive,2020-02-08,M259,Delhi,Full-time
E101253,F,41,Graduate,Finance,Financial Analyst,2023-10-15,M226,Bangalore,Full-time
E101254,M,24,Graduate,Finance,Financial Analyst,2021-10-23,M319,Bangalore,Full-time
E101255,M,35,Graduate,Sales,Account Manager,2017-11-21,M271,Mumbai,Full-time
E101256,M,38,Graduate,Operations,Process Manager,2022-12-20,M269,Mumbai,Full-time
E101257,F,30,Postgraduate,Operations,Process Manager,2021-07-15,M203,Delhi,Full-time
E101258,F,39,Graduate,Finance,Accountant,2021-11-08,M278,Chennai,Contract
E101259,M,33,Graduate,Operations,Process Manager,2021-11-01,M235,Bangalore,Full-time
E101260,F,23,Postgraduate,Sales,Sales Executive,2023-04-15,M216,Pune,Full-time
E101261,F,31,Graduate,Operations,Process Manager,2021-06-20,M262,Bangalore,Contract
E101262,M,43,Graduate,Operations,Operations Analyst,2019-03-31,M204,Hyderabad,Full-time
E101263,M,35,Postgraduate,IT,Data Analyst,2017-04-25,M310,Bangalore,Full-time
E101264,M,42,Graduate,Operations,Process Manager,2017-07-04,M269,Chennai,Full-time
E101265,M,24,Graduate,Operations,Operations Analyst,2018-08-24,M299,Bangalore,Full-time
E101266,M,44,Graduate,Sales,Account Manager,2021-01-22,M252,Hyderabad,Full-time
E101267,F,38,Graduate,Sales,Account Manager,2021-08-13,M224,Chennai,Full-time
E101268,M,35,Graduate,Finance,Accountant,2018-03-10,M305,Delhi,Full-time
E101269,F,29,Graduate,HR,HR Executive,2022-11-22,M339,Pune,Full-time
E101270,M,38,Graduate,Sales,Account Manager,2019-01-19,M336,Bangalore,Full-time
E101271,M,31,Graduate,Finance,Financial Analyst,2020-09-21,M300,Bangalore,Full-time
E101272,M,44,Graduate,IT,Data Analyst,2019-08-08,M202,Pune,Full-time
E101273,M,38,Graduate,IT,QA Engineer,2017-05-18,M252,Chennai,Full-time
E101274,M,34,Graduate,IT,Software Engineer,2021-07-29,M215,Chennai,Full-time
E101275,M,38,Postgraduate,Operations,Operations Analyst,2022-06-14,M224,Mumbai,Contract
E101276,M,26,Postgraduate,Operations,Process Manager,2022-01-24,M256,Bangalore,Full-time
E101277,F,37,Graduate,IT,Software Engineer,2023-07-18,M247,Chennai,Full-time
E101278,M,39,Graduate,Finance,Financial Analyst,2017-10-30,M320,Delhi,Contract
E101279,M,31,Graduate,Sales,Account Manager,2022-06-03,M220,Pune,Full-time
E101280,M,25,Graduate,HR,HR Business Partner,2020-11-29,M331,Bangalore,Contract
E101281,M,34,Graduate,Sales,Sales Executive,2022-08-14,M221,Mumbai,Full-time
E101282,M,26,Postgraduate,IT,QA Engineer,2020-06-07,M250,Bangalore,Full-time
E101283,F,31,Graduate,Operations,Process Manager,2020-04-13,M247,Pune,Full-time
E101284,M,42,Graduate,IT,Data Analyst,2020-05-07,M219,Mumbai,Full-time
E101285,M,28,Graduate,Finance,Financial Analyst,2021-11-25,M306,Chennai,Full-time
E101286,F,35,Postgraduate,Operations,Operations Analyst,2018-08-17,M309,Chennai,Full-time
E101287,M,33,Graduate,HR,HR Executive,2018-09-06,M276,Hyderabad,Full-time
E101288,F,23,Graduate,IT,Software Engineer,2018-06-06,M315,Hyderabad,Full-time
E101289,M,33,Postgraduate,Sales,Account Manager,2021-10-20,M201,Mumbai,Full-time
E101290,F,34,Graduate,HR,HR Executive,2019-12-18,M274,Bangalore,Full-time
E101291,M,37,Graduate,IT,Data Analyst,2021-11-26,M318,Delhi,Full-time
E101292,M,44,Graduate,HR,HR Business Partner,2020-04-29,M305,Delhi,Contract
E101293,F,23,Graduate,IT,QA Engineer,2023-11-28,M296,Hyderabad,Full-time
E101294,F,29,Graduate,HR,HR Executive,2017-11-10,M211,Mumbai,Full-time
E101295,F,25,Graduate,Sales,Account Manager,2021-02-06,M214,Hyderabad,Contract
E101296,M,43,Postgraduate,HR,HR Executive,2018-11-15,M229,Hyderabad,Full-time
E101297,M,34,Postgraduate,Operations,Process Manager,2019-03-20,M259,Pune,Full-time
E101298,M,39,Graduate,Operations,Process Manager,2018-11-11,M309,Chennai,Full-time
E101299,M,30,Graduate,HR,HR Business Partner,2018-09-11,M223,Mumbai,Full-time
E101300,F,40,Graduate,Operations,Operations Analyst,2019-04-27,M207,Bangalore,Full-time
E101301,F,23,Postgraduate,Operations,Process Manager,2021-07-01,M261,Chennai,Contract
E101302,M,40,Graduate,IT,QA Engineer,2020-07-24,M212,Mumbai,Full-time
E101303,M,34,Postgraduate,Sales,Sales Executive,2020-09-22,M263,Mumbai,Full-time
E101304,M,26,Postgraduate,HR,HR Executive,2021-06-11,M223,Bangalore,Full-time
E101305,M,42,Graduate,HR,HR Business Partner,2022-04-27,M234,Bangalore,Contract
E101306,M,31,Postgraduate,Operations,Operations Analyst,2022-10-25,M223,Hyderabad,Full-time
E101307,F,23,Graduate,Operations,Process Manager,2023-06-01,M272,Hyderabad,Contract
E101308,M,31,Graduate,Sales,Sales Executive,2022-06-29,M290,Bangalore,Full-time
E101309,F,34,Graduate,Operations,Operations Analyst,2018-03-30,M220,Delhi,Full-time
E101310,M,44,Postgraduate,Finance,Accountant,2019-12-31,M331,Bangalore,Contract
E101311,M,39,Graduate,Finance,Financial Analyst,2019-10-24,M330,Bangalore,Full-time
E101312,F,36,Postgraduate,IT,QA Engineer,2022-08-24,M202,Pune,Full-time
E101313,M,36,Postgraduate,Finance,Financial Analyst,2019-01-17,M316,Delhi,Full-time
E101314,M,35,Postgraduate,Sales,Sales Executive,2017-05-22,M209,Mumbai,Full-time
E101315,M,34,Graduate,IT,Software Engineer,2018-10-02,M205,Mumbai,Full-time
E101316,F,34,Graduate,Finance,Financial Analyst,2018-01-30,M249,Mumbai,Full-time
E101317,F,27,Graduate,Operations,Process Manager,2021-11-23,M299,Delhi,Full-time
E101318,F,39,Postgraduate,Finance,Accountant,2021-10-31,M272,Pune,Full-time
E101319,M,42,Graduate,Finance,Accountant,2020-04-10,M241,Chennai,Full-time
E101320,M,25,Graduate,Operations,Operations Analyst,2017-11-28,M321,Delhi,Full-time
E101321,M,38,Graduate,Finance,Financial Analyst,2018-04-03,M258,Bangalore,Contract
E101322,M,44,Graduate,IT,QA Engineer,2023-07-07,M347,Pune,Full-time
E101323,M,40,Graduate,IT,QA Engineer,2023-05-27,M239,Chennai,Contract
E101324,M,26,Graduate,Operations,Process Manager,2022-03-30,M257,Delhi,Contract
E101325,M,22,Graduate,Finance,Accountant,2020-10-28,M336,Delhi,Full-time
E101326,F,22,Postgraduate,HR,HR Business Partner,2021-04-15,M204,Pune,Contract
E101327,M,35,Graduate,IT,Data Analyst,2017-06-01,M224,Hyderabad,Full-time
E101328,M,25,Postgraduate,HR,HR Executive,2021-03-02,M271,Pune,Full-time
E101329,M,24,Graduate,Operations,Operations Analyst,2019-12-31,M305,Delhi,Full-time
E101330,M,40,Postgraduate,Operations,Process Manager,2017-09-03,M217,Hyderabad,Full-time
E101331,M,22,Graduate,IT,Data Analyst,2019-12-16,M221,Mumbai,Full-time
E101332,M,43,Graduate,Operations,Operations Analyst,2018-02-04,M279,Pune,Full-time
E101333,F,22,Postgraduate,Finance,Accountant,2018-05-16,M304,Pune,Full-time
E101334,M,36,Postgraduate,Finance,Financial Analyst,2018-10-14,M348,Chennai,Full-time
E101335,M,22,Graduate,Operations,Operations Analyst,2019-08-24,M205,Delhi,Contract
E101336,M,28,Postgraduate,IT,Software Engineer,2021-08-05,M239,Pune,Full-time
E101337,M,23,Graduate,HR,HR Executive,2019-07-23,M224,Delhi,Full-time
E101338,M,23,Graduate,IT,Data Analyst,2017-06-07,M268,Pune,Full-time
E101339,M,37,Graduate,HR,HR Executive,2019-06-03,M260,Delhi,Full-time
E101340,F,41,Graduate,HR,HR Executive,2023-05-21,M336,Hyderabad,Full-time
E101341,M,35,Graduate,Operations,Operations Analyst,2020-04-02,M321,Bangalore,Full-time
E101342,M,37,Graduate,Sales,Account Manager,2018-07-23,M255,Bangalore,Full-time
E101343,M,33,Graduate,Sales,Account Manager,2019-09-21,M214,Hyderabad,Full-time
E101344,M,24,Graduate,Operations,Operations Analyst,2021-08-31,M297,Bangalore,Full-time
E101345,M,39,Graduate,Finance,Accountant,2020-03-30,M229,Bangalore,Full-time
E101346,M,41,Graduate,Operations,Process Manager,2020-09-22,M347,Mumbai,Full-time
E101347,M,36,Postgraduate,HR,HR Business Partner,2022-01-16,M246,Hyderabad,Full-time
E101348,M,31,Postgraduate,Finance,Accountant,2018-12-25,M240,Delhi,Contract
E101349,M,27,Graduate,HR,HR Executive,2022-02-09,M316,Mumbai,Full-time
E101350,M,32,Graduate,HR,HR Executive,2019-07-31,M258,Hyderabad,Contract
E101351,M,24,Graduate,IT,Software Engineer,2023-02-25,M230,Pune,Full-time
E101352,M,38,Postgraduate,Finance,Financial Analyst,2017-12-14,M246,Chennai,Full-time
E101353,M,27,Graduate,Sales,Account Manager,2017-02-11,M213,Bangalore,Contract
E101354,F,25,Graduate,Operations,Operations Analyst,2019-05-22,M213,Pune,Full-time
E101355,M,25,Postgraduate,IT,Data Analyst,2022-02-16,M274,Chennai,Full-time
E101356,F,43,Graduate,Sales,Account Manager,2020-07-14,M220,Chennai,Full-time
E101357,F,29,Graduate,HR,HR Executive,2021-07-30,M343,Bangalore,Full-time
E101358,M,38,Postgraduate,Finance,Financial Analyst,2023-09-20,M201,Mumbai,Contract
E101359,F,22,Postgraduate,HR,HR Business Partner,2018-08-18,M207,Chennai,Contract
E101360,M,29,Graduate,Finance,Financial Analyst,2021-05-22,M245,Mumbai,Full-time
E101361,F,41,Postgraduate,Finance,Financial Analyst,2021-07-15,M254,Mumbai,Full-time
E101362,M,37,Postgraduate,Finance,Accountant,2020-11-02,M344,Mumbai,Full-time
E101363,M,36,Graduate,Finance,Financial Analyst,2022-01-19,M215,Chennai,Contract
E101364,F,34,Postgraduate,Finance,Accountant,2019-03-26,M253,Chennai,Full-time
E101365,F,28,Graduate,Sales,Sales Executive,2019-01-10,M201,Hyderabad,Full-time
E101366,M,35,Graduate,Finance,Financial Analyst,2019-11-14,M333,Chennai,Full-time
E101367,F,28,Graduate,Finance,Financial Analyst,2018-04-10,M323,Delhi,Full-time
E101368,M,38,Graduate,Finance,Financial Analyst,2020-04-29,M280,Hyderabad,Contract
E101369,M,43,Graduate,HR,HR Business Partner,2018-02-11,M222,Bangalore,Full-time
E101370,M,40,Graduate,HR,HR Executive,2018-07-12,M214,Pune,Full-time
E101371,F,42,Postgraduate,HR,HR Executive,2019-11-08,M226,Hyderabad,Full-time
E101372,M,23,Postgraduate,Sales,Sales Executive,2018-06-09,M227,Hyderabad,Full-time
E101373,M,25,Graduate,IT,QA Engineer,2022-09-20,M287,Delhi,Full-time
E101374,F,33,Graduate,HR,HR Executive,2017-05-16,M219,Chennai,Contract
E101375,F,25,Graduate,HR,HR Executive,2020-02-18,M238,Mumbai,Full-time
E101376,M,37,Graduate,Finance,Accountant,2017-03-13,M343,Pune,Contract
E101377,F,39,Graduate,IT,QA Engineer,2019-03-31,M247,Chennai,Contract
E101378,M,29,Graduate,IT,QA Engineer,2020-11-09,M293,Pune,Full-time
E101379,M,27,Postgraduate,HR,HR Executive,2020-11-02,M314,Hyderabad,Full-time
E101380,F,30,Graduate,Finance,Financial Analyst,2022-09-26,M348,Bangalore,Full-time
E101381,F,42,Postgraduate,Finance,Accountant,2022-02-20,M218,Pune,Full-time
E101382,F,37,Graduate,Sales,Sales Executive,2020-10-27,M271,Pune,Full-time
E101383,F,27,Postgraduate,Operations,Operations Analyst,2020-12-30,M206,Hyderabad,Contract
E101384,M,22,Postgraduate,Operations,Process Manager,2022-12-13,M278,Hyderabad,Full-time
E101385,M,30,Postgraduate,Operations,Operations Analyst,2022-03-24,M264,Delhi,Full-time
E101386,F,24,Postgraduate,Operations,Operations Analyst,2018-08-07,M244,Delhi,Full-time
E101387,M,28,Graduate,HR,HR Business Partner,2022-10-14,M243,Pune,Full-time
E101388,M,26,Graduate,IT,QA Engineer,2023-05-02,M240,Hyderabad,Full-time
E101389,M,30,Graduate,IT,Software Engineer,2020-08-16,M255,Chennai,Full-time
E101390,M,34,Postgraduate,Sales,Sales Executive,2019-01-17,M244,Bangalore,Contract
E101391,F,33,Graduate,Finance,Financial Analyst,2018-12-04,M241,Pune,Contract
E101392,M,41,Graduate,Operations,Operations Analyst,2018-10-29,M348,Bangalore,Full-time
E101393,F,34,Postgraduate,HR,HR Business Partner,2022-09-05,M271,Mumbai,Full-time
E101394,M,32,Postgraduate,Finance,Accountant,2018-12-19,M210,Mumbai,Full-time
E101395,F,43,Graduate,HR,HR Executive,2020-06-24,M214,Pune,Full-time
E101396,F,30,Postgraduate,Sales,Account Manager,2019-04-14,M294,Mumbai,Full-time
E101397,F,37,Graduate,Finance,Accountant,2022-08-19,M239,Pune,Full-time
E101398,M,43,Postgraduate,Finance,Financial Analyst,2022-09-12,M277,Bangalore,Full-time
E101399,F,36,Graduate,Finance,Financial Analyst,2023-07-22,M345,Chennai,Full-time
E101400,F,36,Graduate,Operations,Process Manager,2023-05-23,M224,Hyderabad,Contract
E101401,M,30,Graduate,Finance,Accountant,2020-08-02,M263,Bangalore,Full-time
E101402,M,37,Graduate,HR,HR Business Partner,2017-09-27,M254,Delhi,Full-time
E101403,F,29,Graduate,IT,Software Engineer,2020-01-31,M206,Chennai,Full-time
E101404,M,35,Graduate,Sales,Sales Executive,2018-05-03,M227,Chennai,Full-time
E101405,M,36,Graduate,Finance,Financial Analyst,2017-01-06,M242,Pune,Full-time
E101406,F,23,Postgraduate,Operations,Process Manager,2021-08-17,M209,Chennai,Contract
E101407,M,42,Graduate,Operations,Operations Analyst,2023-08-13,M204,Bangalore,Full-time
E101408,M,29,Graduate,Operations,Process Manager,2017-06-18,M237,Delhi,Full-time
E101409,M,44,Graduate,Sales,Sales Executive,2019-04-23,M242,Hyderabad,Full-time
E101410,F,34,Graduate,IT,QA Engineer,2019-09-26,M267,Delhi,Full-time
E101411,M,27,Graduate,HR,HR Business Partner,2019-11-13,M237,Pune,Full-time
E101412,M,32,Postgraduate,Operations,Operations Analyst,2019-11-28,M203,Mumbai,Full-time
E101413,F,32,Postgraduate,Sales,Sales Executive,2017-12-02,M341,Pune,Full-time
E101414,F,27,Postgraduate,Sales,Account Manager,2022-04-20,M335,Chennai,Full-time
E101415,M,43,Postgraduate,Sales,Sales Executive,2023-10-14,M286,Pune,Full-time
E101416,M,35,Graduate,IT,Data Analyst,2021-10-24,M301,Bangalore,Full-time
E101417,M,29,Postgraduate,Operations,Operations Analyst,2017-05-22,M253,Pune,Full-time
E101418,M,39,Graduate,IT,QA Engineer,2018-06-15,M245,Bangalore,Full-time
E101419,M,40,Graduate,Sales,Account Manager,2020-10-01,M346,Bangalore,Full-time
E101420,M,38,Postgraduate,Operations,Operations Analyst,2021-09-03,M335,Hyderabad,Full-time
E101421,M,41,Postgraduate,Operations,Process Manager,2020-07-21,M343,Mumbai,Full-time
E101422,M,34,Graduate,Sales,Sales Executive,2021-03-10,M222,Pune,Full-time
E101423,F,44,Graduate,Finance,Financial Analyst,2022-01-20,M272,Mumbai,Full-time
E101424,M,38,Graduate,Operations,Process Manager,2023-02-10,M272,Bangalore,Full-time
E101425,F,36,Postgraduate,IT,Data Analyst,2019-03-05,M237,Delhi,Full-time
E101426,M,42,Postgraduate,HR,HR Executive,2020-04-28,M237,Mumbai,Full-time
E101427,M,42,Graduate,HR,HR Business Partner,2019-03-08,M345,Bangalore,Full-time
E101428,M,41,Graduate,Finance,Accountant,2021-08-03,M328,Hyderabad,Full-time
E101429,M,44,Graduate,Operations,Operations Analyst,2021-11-17,M315,Pune,Full-time
E101430,M,44,Graduate,Sales,Sales Executive,2020-12-17,M233,Bangalore,Full-time
E101431,M,27,Graduate,HR,HR Business Partner,2019-01-09,M240,Bangalore,Full-time
E101432,M,35,Graduate,Operations,Process Manager,2021-12-13,M297,Delhi,Contract
E101433,F,37,Graduate,Sales,Account Manager,2021-10-22,M230,Bangalore,Full-time
E101434,F,26,Graduate,IT,Data Analyst,2019-07-02,M316,Chennai,Full-time
E101435,M,30,Postgraduate,Finance,Financial Analyst,2023-08-02,M229,Delhi,Full-time
E101436,M,30,Postgraduate,HR,HR Business Partner,2022-05-19,M276,Hyderabad,Full-time
E101437,F,43,Postgraduate,HR,HR Executive,2022-04-01,M254,Mumbai,Contract
E101438,M,32,Postgraduate,Sales,Sales Executive,2022-04-13,M227,Delhi,Contract
E101439,M,28,Graduate,HR,HR Executive,2020-12-13,M214,Hyderabad,Full-time
E101440,M,36,Graduate,Finance,Accountant,2020-08-28,M201,Delhi,Contract
E101441,F,25,Graduate,IT,Data Analyst,2021-08-18,M264,Hyderabad,Contract
E101442,M,30,Graduate,IT,Data Analyst,2022-02-21,M288,Hyderabad,Contract
E101443,F,36,Postgraduate,Sales,Account Manager,2020-04-05,M300,Delhi,Full-time
E101444,M,31,Postgraduate,HR,HR Business Partner,2020-11-05,M201,Mumbai,Full-time
E101445,F,44,Graduate,HR,HR Business Partner,2022-12-06,M272,Pune,Full-time
E101446,F,41,Graduate,IT,QA Engineer,2017-04-02,M239,Chennai,Full-time
E101447,F,37,Graduate,Sales,Sales Executive,2020-09-27,M261,Bangalore,Full-time
E101448,M,23,Graduate,Finance,Accountant,2022-01-26,M247,Mumbai,Full-time
E101449,F,25,Graduate,Finance,Accountant,2022-01-21,M330,Bangalore,Full-time
E101450,M,38,Graduate,Operations,Operations Analyst,2023-08-11,M290,Bangalore,Contract
E101451,M,35,Graduate,HR,HR Executive,2020-12-04,M331,Hyderabad,Full-time
E101452,M,29,Graduate,IT,Data Analyst,2023-03-14,M232,Delhi,Full-time
E101453,M,40,Graduate,Operations,Process Manager,2020-12-01,M338,Delhi,Full-time
E101454,M,22,Graduate,Operations,Operations Analyst,2021-09-22,M207,Mumbai,Full-time
E101455,M,42,Graduate,Finance,Accountant,2017-12-25,M241,Hyderabad,Full-time
E101456,F,42,Graduate,Operations,Process Manager,2018-03-25,M218,Mumbai,Full-time
E101457,F,38,Postgraduate,Operations,Operations Analyst,2020-02-02,M280,Bangalore,Full-time
E101458,F,37,Postgraduate,HR,HR Business Partner,2018-07-25,M236,Delhi,Contract
E101459,F,31,Graduate,Operations,Process Manager,2021-04-05,M263,Mumbai,Contract
E101460,F,35,Graduate,Sales,Sales Executive,2020-12-03,M258,Mumbai,Contract
E101461,M,26,Postgraduate,Operations,Operations Analyst,2020-09-14,M328,Mumbai,Full-time
E101462,M,35,Postgraduate,HR,HR Business Partner,2020-04-20,M349,Hyderabad,Full-time
E101463,F,23,Graduate,Sales,Account Manager,2023-12-18,M307,Chennai,Full-time
E101464,F,24,Graduate,Finance,Financial Analyst,2022-04-15,M295,Pune,Full-time
E101465,M,23,Graduate,Operations,Process Manager,2017-07-11,M250,Delhi,Full-time
E101466,M,34,Postgraduate,IT,Data Analyst,2021-01-15,M316,Pune,Full-time
E101467,M,35,Graduate,Operations,Operations Analyst,2023-12-21,M206,Chennai,Full-time
E101468,M,38,Graduate,Finance,Accountant,2017-12-26,M347,Hyderabad,Full-time
E101469,F,29,Graduate,HR,HR Executive,2021-03-30,M204,Bangalore,Full-time
E101470,M,23,Graduate,Finance,Financial Analyst,2020-07-22,M216,Hyderabad,Full-time
E101471,M,35,Postgraduate,IT,Data Analyst,2018-05-14,M249,Hyderabad,Full-time
E101472,F,26,Graduate,IT,QA Engineer,2022-02-11,M282,Mumbai,Full-time
E101473,M,24,Graduate,Finance,Financial Analyst,2023-12-22,M347,Pune,Full-time
E101474,M,34,Graduate,Sales,Account Manager,2022-02-03,M297,Chennai,Full-time
E101475,M,40,Postgraduate,Finance,Financial Analyst,2023-07-06,M346,Bangalore,Full-time
E101476,M,26,Graduate,Finance,Accountant,2023-04-27,M286,Mumbai,Full-time
E101477,F,39,Graduate,Sales,Sales Executive,2021-08-05,M281,Hyderabad,Full-time
E101478,M,23,Graduate,HR,HR Business Partner,2020-03-11,M281,Delhi,Full-time
E101479,F,31,Postgraduate,Finance,Financial Analyst,2023-08-15,M314,Delhi,Contract
E101480,F,28,Graduate,Sales,Account Manager,2023-10-08,M333,Delhi,Contract
E101481,M,44,Graduate,Finance,Accountant,2023-08-11,M329,Pune,Full-time
E101482,M,32,Graduate,Sales,Sales Executive,2020-02-20,M291,Bangalore,Contract
E101483,M,31,Graduate,Finance,Financial Analyst,2019-08-13,M217,Mumbai,Full-time
E101484,F,39,Graduate,Finance,Accountant,2018-10-01,M227,Hyderabad,Full-time
E101485,M,25,Postgraduate,IT,Data Analyst,2022-05-17,M322,Delhi,Full-time
E101486,M,33,Graduate,HR,HR Business Partner,2021-07-31,M294,Delhi,Full-time
E101487,F,26,Graduate,HR,HR Executive,2020-12-03,M207,Bangalore,Full-time
E101488,M,36,Postgraduate,IT,Software Engineer,2019-02-14,M282,Chennai,Full-time
E101489,M,32,Postgraduate,IT,Software Engineer,2018-05-05,M306,Pune,Full-time
E101490,M,43,Postgraduate,HR,HR Executive,2018-09-11,M278,Hyderabad,Contract
E101491,M,36,Postgraduate,Finance,Financial Analyst,2021-03-16,M331,Delhi,Full-time
E101492,M,22,Graduate,Sales,Sales Executive,2022-10-02,M296,Chennai,Full-time
E101493,M,34,Graduate,Finance,Financial Analyst,2021-05-20,M211,Chennai,Full-time
E101494,F,31,Postgraduate,Finance,Accountant,2021-11-07,M262,Mumbai,Full-time
E101495,M,26,Graduate,HR,HR Executive,2019-12-01,M278,Bangalore,Full-time
E101496,F,37,Postgraduate,Operations,Process Manager,2021-04-18,M273,Chennai,Full-time
E101497,F,38,Graduate,Operations,Process Manager,2020-03-14,M324,Chennai,Full-time
E101498,M,44,Graduate,HR,HR Business Partner,2020-03-22,M312,Mumbai,Contract
E101499,M,41,Graduate,Sales,Account Manager,2019-01-08,M282,Bangalore,Full-time
E101500,F,34,Graduate,Operations,Operations Analyst,2019-08-17,M208,Mumbai,Full-time
E101501,F,40,Graduate,Finance,Financial Analyst,2021-02-20,M303,Bangalore,Contract
E101502,M,24,Graduate,IT,Software Engineer,2020-03-11,M309,Mumbai,Full-time
E101503,F,27,Graduate,Finance,Accountant,2019-07-01,M230,Chennai,Full-time
E101504,M,39,Postgraduate,Operations,Operations Analyst,2018-01-22,M279,Pune,Full-time
E101505,M,33,Postgraduate,Finance,Financial Analyst,2019-08-23,M256,Mumbai,Full-time
E101506,M,40,Graduate,Finance,Financial Analyst,2021-10-06,M325,Mumbai,Full-time
E101507,M,23,Graduate,IT,Data Analyst,2018-01-25,M202,Hyderabad,Full-time
E101508,M,31,Postgraduate,Finance,Financial Analyst,2017-09-15,M269,Delhi,Full-time
E101509,M,33,Graduate,Operations,Operations Analyst,2023-06-11,M230,Bangalore,Full-time
E101510,M,40,Postgraduate,Finance,Financial Analyst,2017-06-21,M338,Mumbai,Full-time
E101511,F,31,Graduate,Finance,Financial Analyst,2020-02-08,M285,Chennai,Full-time
E101512,M,36,Graduate,Operations,Operations Analyst,2021-01-26,M275,Hyderabad,Full-time
E101513,M,43,Graduate,HR,HR Business Partner,2021-03-13,M277,Pune,Full-time
E101514,M,29,Graduate,Finance,Financial Analyst,2023-04-13,M257,Chennai,Full-time
E101515,M,37,Graduate,HR,HR Business Partner,2023-10-30,M335,Bangalore,Full-time
E101516,F,36,Graduate,Finance,Financial Analyst,2020-05-11,M204,Chennai,Full-time
E101517,F,37,Postgraduate,HR,HR Business Partner,2021-05-24,M339,Delhi,Full-time
E101518,M,38,Graduate,Operations,Process Manager,2018-10-25,M348,Hyderabad,Full-time
E101519,M,44,Postgraduate,Sales,Sales Executive,2020-04-27,M254,Chennai,Full-time
E101520,M,22,Graduate,Sales,Account Manager,2021-12-07,M244,Pune,Full-time
E101521,M,24,Graduate,Operations,Operations Analyst,2017-08-02,M261,Mumbai,Full-time
E101522,M,27,Graduate,Sales,Account Manager,2019-09-14,M348,Pune,Full-time
E101523,F,28,Graduate,IT,QA Engineer,2023-03-31,M348,Bangalore,Full-time
E101524,M,38,Graduate,Sales,Sales Executive,2019-11-20,M258,Chennai,Full-time
E101525,M,43,Postgraduate,Finance,Financial Analyst,2020-01-06,M238,Mumbai,Full-time
E101526,M,34,Graduate,Finance,Financial Analyst,2023-08-13,M234,Delhi,Full-time
E101527,F,27,Graduate,HR,HR Business Partner,2023-06-08,M231,Hyderabad,Full-time
E101528,M,43,Graduate,Finance,Accountant,2017-02-19,M252,Mumbai,Full-time
E101529,M,30,Postgraduate,Operations,Operations Analyst,2021-08-14,M334,Bangalore,Full-time
E101530,M,23,Postgraduate,HR,HR Business Partner,2023-07-10,M341,Delhi,Full-time
E101531,M,29,Graduate,IT,QA Engineer,2022-05-20,M215,Hyderabad,Full-time
E101532,M,36,Graduate,IT,Data Analyst,2019-11-25,M290,Bangalore,Full-time
E101533,M,26,Graduate,IT,Data Analyst,2017-01-31,M297,Hyderabad,Full-time
E101534,F,22,Graduate,Sales,Sales Executive,2017-10-29,M331,Mumbai,Full-time
E101535,M,39,Postgraduate,Finance,Accountant,2022-02-25,M215,Hyderabad,Contract
E101536,F,41,Graduate,Finance,Accountant,2018-06-12,M226,Pune,Full-time
E101537,F,31,Graduate,IT,Software Engineer,2020-08-26,M278,Pune,Full-time
E101538,F,28,Postgraduate,Finance,Accountant,2017-03-20,M257,Hyderabad,Full-time
E101539,M,36,Graduate,Sales,Account Manager,2018-01-22,M316,Bangalore,Contract
E101540,M,26,Graduate,HR,HR Business Partner,2019-03-17,M339,Delhi,Full-time
E101541,F,23,Graduate,Sales,Sales Executive,2021-07-10,M216,Hyderabad,Full-time
E101542,M,25,Graduate,Sales,Account Manager,2017-01-01,M230,Hyderabad,Full-time
E101543,F,43,Graduate,Finance,Accountant,2017-04-05,M342,Hyderabad,Full-time
E101544,M,29,Postgraduate,Finance,Financial Analyst,2018-07-06,M342,Mumbai,Full-time
E101545,M,25,Graduate,IT,QA Engineer,2020-08-13,M277,Bangalore,Full-time
E101546,F,32,Graduate,Operations,Process Manager,2022-05-01,M211,Mumbai,Full-time
E101547,F,41,Postgraduate,Operations,Process Manager,2021-12-30,M228,Bangalore,Full-time
E101548,M,41,Postgraduate,Sales,Account Manager,2021-09-22,M312,Bangalore,Full-time
E101549,F,43,Graduate,HR,HR Business Partner,2022-03-25,M233,Pune,Full-time
E101550,M,39,Graduate,Sales,Sales Executive,2022-02-02,M231,Bangalore,Full-time
E101551,M,33,Postgraduate,Finance,Accountant,2022-04-24,M315,Delhi,Full-time
E101552,M,44,Graduate,IT,Data Analyst,2022-11-13,M209,Chennai,Contract
E101553,M,30,Graduate,HR,HR Business Partner,2019-08-21,M241,Delhi,Full-time
E101554,M,38,Graduate,IT,QA Engineer,2017-06-05,M214,Chennai,Full-time
E101555,M,34,Postgraduate,Finance,Financial Analyst,2017-11-04,M252,Mumbai,Full-time
E101556,M,30,Graduate,HR,HR Executive,2017-04-22,M324,Pune,Full-time
E101557,F,36,Graduate,Operations,Operations Analyst,2018-05-12,M231,Hyderabad,Contract
E101558,M,44,Graduate,IT,Data Analyst,2019-09-28,M201,Hyderabad,Contract
E101559,M,28,Graduate,Sales,Sales Executive,2023-08-25,M318,Mumbai,Contract
E101560,M,23,Postgraduate,Finance,Financial Analyst,2018-06-12,M321,Chennai,Full-time
E101561,M,29,Postgraduate,IT,Software Engineer,2021-12-07,M203,Delhi,Full-time
E101562,M,25,Graduate,Finance,Accountant,2020-05-24,M211,Bangalore,Full-time
E101563,M,38,Graduate,IT,Software Engineer,2020-09-24,M208,Mumbai,Full-time
E101564,F,42,Graduate,IT,QA Engineer,2017-02-06,M295,Mumbai,Full-time
E101565,M,27,Postgraduate,Sales,Sales Executive,2022-01-24,M292,Hyderabad,Full-time
E101566,F,28,Postgraduate,Finance,Financial Analyst,2022-11-03,M238,Delhi,Full-time
E101567,F,41,Graduate,Sales,Account Manager,2020-12-07,M229,Hyderabad,Contract
E101568,F,41,Graduate,Operations,Operations Analyst,2020-06-19,M235,Pune,Full-time
E101569,M,36,Graduate,Operations,Operations Analyst,2020-10-20,M315,Delhi,Full-time
E101570,M,44,Postgraduate,HR,HR Executive,2017-01-30,M310,Bangalore,Contract
E101571,F,30,Graduate,HR,HR Executive,2017-09-26,M285,Pune,Full-time
E101572,M,26,Postgraduate,Sales,Account Manager,2022-07-05,M298,Chennai,Full-time
E101573,M,22,Graduate,HR,HR Business Partner,2023-09-29,M294,Hyderabad,Full-time
E101574,M,25,Graduate,Operations,Process Manager,2021-01-29,M215,Hyderabad,Full-time
E101575,M,33,Postgraduate,Sales,Account Manager,2019-10-22,M244,Hyderabad,Full-time
E101576,M,28,Graduate,Sales,Account Manager,2022-10-23,M313,Pune,Full-time
E101577,M,23,Postgraduate,Sales,Account Manager,2020-04-11,M249,Mumbai,Contract
E101578,F,33,Graduate,HR,HR Executive,2023-08-18,M259,Pune,Contract
E101579,M,41,Postgraduate,Operations,Process Manager,2018-09-06,M330,Mumbai,Full-time
E101580,M,38,Graduate,Operations,Operations Analyst,2019-01-01,M213,Chennai,Full-time
E101581,M,23,Postgraduate,IT,QA Engineer,2019-05-16,M294,Bangalore,Full-time
E101582,M,33,Postgraduate,Operations,Operations Analyst,2022-08-05,M302,Chennai,Full-time
E101583,M,41,Graduate,IT,Software Engineer,2019-02-23,M302,Mumbai,Full-time
E101584,F,42,Graduate,Finance,Financial Analyst,2023-12-14,M312,Chennai,Full-time
E101585,M,44,Graduate,HR,HR Executive,2018-05-23,M233,Delhi,Full-time
E101586,M,34,Graduate,Finance,Accountant,2023-01-19,M254,Hyderabad,Full-time
E101587,M,24,Graduate,Operations,Operations Analyst,2022-06-11,M217,Mumbai,Full-time
E101588,M,22,Graduate,Operations,Operations Analyst,2020-08-03,M217,Mumbai,Full-time
E101589,F,34,Graduate,Operations,Process Manager,2020-02-14,M248,Bangalore,Full-time
E101590,M,43,Postgraduate,Finance,Financial Analyst,2020-04-06,M247,Bangalore,Full-time
E101591,F,22,Graduate,Operations,Process Manager,2023-09-02,M279,Hyderabad,Full-time
E101592,F,43,Postgraduate,HR,HR Executive,2022-06-11,M250,Bangalore,Full-time
E101593,M,36,Postgraduate,IT,Data Analyst,2023-08-08,M233,Pune,Contract
E101594,M,42,Postgraduate,HR,HR Business Partner,2021-03-21,M307,Chennai,Full-time
E101595,M,30,Postgraduate,IT,Software Engineer,2017-11-16,M344,Delhi,Contract
E101596,F,32,Graduate,Sales,Sales Executive,2022-01-10,M324,Delhi,Full-time
E101597,F,25,Graduate,Finance,Accountant,2023-11-24,M228,Pune,Full-time
E101598,F,44,Postgraduate,Finance,Financial Analyst,2023-08-17,M207,Hyderabad,Full-time
E101599,M,37,Graduate,IT,Software Engineer,2022-07-29,M235,Mumbai,Full-time
E101600,M,43,Graduate,HR,HR Business Partner,2018-03-31,M257,Chennai,Full-time
E101601,M,28,Graduate,HR,HR Business Partner,2019-04-22,M264,Chennai,Full-time
E101602,M,37,Graduate,IT,Data Analyst,2021-06-26,M283,Pune,Contract
E101603,M,36,Postgraduate,IT,QA Engineer,2023-12-02,M321,Delhi,Full-time
E101604,M,27,Graduate,Operations,Process Manager,2023-05-07,M288,Mumbai,Full-time
E101605,F,25,Postgraduate,HR,HR Business Partner,2020-03-30,M228,Hyderabad,Full-time
E101606,M,26,Graduate,HR,HR Business Partner,2018-10-18,M224,Delhi,Full-time
E101607,F,38,Graduate,IT,QA Engineer,2020-02-26,M203,Mumbai,Full-time
E101608,M,25,Graduate,Sales,Sales Executive,2017-06-10,M305,Hyderabad,Full-time
E101609,M,38,Graduate,Sales,Account Manager,2020-03-22,M340,Pune,Full-time
E101610,M,31,Postgraduate,Sales,Account Manager,2019-02-20,M218,Delhi,Full-time
E101611,F,32,Graduate,Operations,Process Manager,2023-03-02,M247,Chennai,Contract
E101612,F,33,Graduate,Finance,Financial Analyst,2017-08-17,M301,Mumbai,Full-time
E101613,F,38,Graduate,Finance,Accountant,2019-09-17,M335,Hyderabad,Full-time
E101614,M,37,Postgraduate,IT,QA Engineer,2017-09-26,M289,Hyderabad,Full-time
E101615,M,42,Postgraduate,HR,HR Business Partner,2023-05-25,M347,Bangalore,Full-time
E101616,M,43,Postgraduate,Operations,Process Manager,2022-05-18,M292,Pune,Full-time
E101617,M,31,Postgraduate,Sales,Sales Executive,2017-03-09,M295,Hyderabad,Full-time
E101618,M,25,Postgraduate,Operations,Operations Analyst,2018-10-29,M287,Delhi,Contract
E101619,M,39,Graduate,IT,Software Engineer,2020-09-15,M224,Delhi,Full-time
E101620,M,41,Graduate,IT,Data Analyst,2017-07-17,M318,Delhi,Full-time
E101621,F,24,Graduate,Operations,Operations Analyst,2019-07-13,M206,Delhi,Contract
E101622,F,23,Graduate,Operations,Operations Analyst,2020-02-23,M206,Chennai,Contract
E101623,M,41,Graduate,HR,HR Business Partner,2019-07-10,M332,Bangalore,Full-time
E101624,M,31,Postgraduate,Sales,Account Manager,2018-01-12,M268,Pune,Full-time
E101625,M,37,Graduate,IT,Data Analyst,2020-05-15,M336,Pune,Contract
E101626,M,39,Postgraduate,HR,HR Business Partner,2017-10-21,M316,Mumbai,Full-time
E101627,M,32,Postgraduate,Sales,Account Manager,2019-12-26,M313,Bangalore,Full-time
E101628,F,37,Graduate,IT,QA Engineer,2021-04-22,M211,Pune,Full-time
E101629,F,28,Postgraduate,HR,HR Executive,2020-08-06,M330,Chennai,Full-time
E101630,F,31,Graduate,Finance,Financial Analyst,2021-02-28,M310,Hyderabad,Full-time
E101631,M,35,Postgraduate,HR,HR Business Partner,2023-11-10,M296,Delhi,Full-time
E101632,M,24,Graduate,HR,HR Business Partner,2018-03-29,M250,Bangalore,Full-time
E101633,M,28,Graduate,Finance,Financial Analyst,2017-07-29,M281,Mumbai,Full-time
E101634,M,44,Postgraduate,Sales,Sales Executive,2020-12-29,M287,Chennai,Full-time
E101635,M,38,Graduate,IT,Software Engineer,2019-11-30,M318,Chennai,Full-time
E101636,F,42,Graduate,HR,HR Executive,2022-11-10,M252,Chennai,Full-time
E101637,F,39,Postgraduate,Sales,Sales Executive,2023-04-01,M224,Pune,Contract
E101638,M,39,Graduate,Finance,Accountant,2017-08-11,M200,Chennai,Full-time
E101639,M,22,Graduate,Sales,Sales Executive,2018-03-20,M241,Bangalore,Contract
E101640,F,39,Graduate,Finance,Financial Analyst,2023-04-30,M319,Pune,Full-time
E101641,M,22,Postgraduate,Sales,Account Manager,2018-08-10,M287,Hyderabad,Contract
E101642,M,23,Graduate,Sales,Sales Executive,2021-09-13,M209,Hyderabad,Full-time
E101643,M,31,Postgraduate,Sales,Account Manager,2019-09-30,M266,Bangalore,Full-time
E101644,F,42,Graduate,HR,HR Business Partner,2021-06-06,M268,Bangalore,Full-time
E101645,M,38,Graduate,IT,Software Engineer,2022-02-08,M334,Chennai,Full-time
E101646,M,39,Postgraduate,IT,QA Engineer,2023-02-20,M209,Chennai,Full-time
E101647,F,25,Graduate,Sales,Account Manager,2022-05-18,M332,Delhi,Full-time
E101648,F,37,Postgraduate,HR,HR Business Partner,2022-03-10,M258,Mumbai,Full-time
E101649,M,42,Postgraduate,HR,HR Executive,2019-06-23,M314,Mumbai,Full-time
E101650,F,22,Postgraduate,IT,QA Engineer,2017-05-09,M332,Bangalore,Full-time
E101651,M,29,Postgraduate,IT,Data Analyst,2021-06-01,M327,Mumbai,Full-time
E101652,F,42,Graduate,IT,Software Engineer,2021-06-17,M286,Mumbai,Contract
E101653,M,24,Graduate,Sales,Account Manager,2022-08-17,M255,Bangalore,Full-time
E101654,F,27,Graduate,HR,HR Business Partner,2018-11-18,M288,Chennai,Full-time
E101655,M,38,Graduate,Sales,Sales Executive,2020-11-07,M288,Chennai,Full-time
E101656,M,43,Graduate,Operations,Operations Analyst,2017-04-25,M338,Delhi,Full-time
E101657,M,25,Graduate,Operations,Operations Analyst,2020-08-08,M279,Bangalore,Full-time
E101658,M,22,Graduate,Operations,Operations Analyst,2017-05-09,M256,Pune,Full-time
E101659,M,43,Graduate,Operations,Operations Analyst,2019-03-12,M339,Bangalore,Full-time
E101660,F,33,Graduate,HR,HR Executive,2018-01-10,M209,Hyderabad,Full-time
E101661,M,30,Postgraduate,IT,Data Analyst,2021-06-10,M306,Chennai,Full-time
E101662,M,44,Graduate,IT,QA Engineer,2018-10-26,M329,Pune,Full-time
E101663,M,27,Graduate,Finance,Financial Analyst,2023-04-27,M309,Pune,Contract
E101664,M,36,Graduate,HR,HR Business Partner,2019-01-16,M217,Pune,Full-time
E101665,M,36,Graduate,Operations,Process Manager,2023-07-23,M326,Delhi,Full-time
E101666,M,26,Postgraduate,Finance,Accountant,2017-02-10,M335,Chennai,Full-time
E101667,M,44,Graduate,Operations,Process Manager,2022-10-28,M204,Hyderabad,Full-time
E101668,M,29,Postgraduate,Operations,Process Manager,2017-10-05,M293,Pune,Full-time
E101669,M,41,Graduate,HR,HR Business Partner,2021-10-23,M296,Pune,Full-time
E101670,M,26,Postgraduate,HR,HR Executive,2019-11-09,M258,Hyderabad,Full-time
E101671,M,30,Postgraduate,Sales,Account Manager,2017-12-23,M338,Bangalore,Full-time
E101672,M,40,Graduate,IT,Data Analyst,2018-06-27,M337,Bangalore,Full-time
E101673,M,41,Graduate,HR,HR Business Partner,2023-07-07,M214,Hyderabad,Full-time
E101674,F,42,Postgraduate,IT,Software Engineer,2023-12-16,M284,Delhi,Full-time
E101675,F,27,Graduate,IT,QA Engineer,2020-04-28,M279,Hyderabad,Full-time
E101676,M,38,Graduate,Finance,Financial Analyst,2022-06-09,M264,Delhi,Contract
E101677,M,31,Postgraduate,IT,Data Analyst,2020-12-21,M211,Bangalore,Full-time
E101678,M,44,Graduate,HR,HR Business Partner,2023-06-23,M235,Delhi,Full-time
E101679,F,26,Graduate,HR,HR Executive,2018-02-07,M282,Delhi,Full-time
E101680,M,32,Postgraduate,Finance,Accountant,2019-10-06,M296,Bangalore,Full-time
E101681,F,27,Postgraduate,Operations,Operations Analyst,2022-11-27,M325,Pune,Full-time
E101682,M,36,Graduate,HR,HR Executive,2023-10-15,M333,Mumbai,Full-time
E101683,M,37,Graduate,HR,HR Business Partner,2021-12-20,M200,Delhi,Full-time
E101684,F,43,Graduate,HR,HR Business Partner,2019-11-26,M295,Pune,Full-time
E101685,M,24,Postgraduate,IT,QA Engineer,2017-03-03,M290,Mumbai,Full-time
E101686,M,43,Graduate,Sales,Account Manager,2023-11-08,M206,Delhi,Full-time
E101687,M,39,Postgraduate,IT,Data Analyst,2021-09-19,M331,Bangalore,Full-time
E101688,M,23,Graduate,HR,HR Executive,2018-06-18,M343,Pune,Full-time
E101689,F,40,Graduate,HR,HR Executive,2019-02-04,M233,Hyderabad,Full-time
E101690,F,35,Postgraduate,Finance,Accountant,2017-12-06,M311,Mumbai,Full-time
E101691,M,40,Graduate,Sales,Sales Executive,2021-08-29,M314,Chennai,Full-time
E101692,F,35,Postgraduate,Sales,Sales Executive,2018-12-04,M279,Hyderabad,Contract
E101693,F,40,Postgraduate,Finance,Financial Analyst,2023-06-23,M299,Mumbai,Full-time
E101694,M,25,Postgraduate,Operations,Operations Analyst,2018-06-26,M273,Pune,Full-time
E101695,M,29,Postgraduate,Operations,Process Manager,2017-03-26,M278,Delhi,Full-time
E101696,M,26,Postgraduate,Sales,Sales Executive,2021-12-29,M224,Mumbai,Full-time
E101697,M,42,Graduate,Finance,Financial Analyst,2022-02-07,M225,Chennai,Full-time
E101698,M,40,Postgraduate,Operations,Operations Analyst,2018-06-07,M286,Mumbai,Full-time
E101699,F,43,Graduate,Sales,Account Manager,2020-11-22,M342,Chennai,Full-time
E101700,M,29,Graduate,IT,QA Engineer,2021-11-12,M294,Mumbai,Full-time
E101701,M,42,Graduate,Operations,Operations Analyst,2020-03-24,M336,Delhi,Full-time
E101702,F,35,Postgraduate,Sales,Sales Executive,2020-01-25,M212,Pune,Full-time
E101703,M,39,Graduate,Sales,Account Manager,2017-06-08,M256,Chennai,Full-time
E101704,M,24,Graduate,Finance,Financial Analyst,2023-12-27,M299,Delhi,Full-time
E101705,F,41,Graduate,Sales,Sales Executive,2021-12-17,M330,Chennai,Full-time
E101706,F,43,Postgraduate,IT,Data Analyst,2022-03-20,M220,Bangalore,Full-time
E101707,M,31,Graduate,HR,HR Executive,2023-02-10,M272,Chennai,Contract
E101708,M,31,Graduate,IT,Software Engineer,2020-06-07,M340,Delhi,Full-time
E101709,M,28,Postgraduate,Finance,Financial Analyst,2021-10-24,M272,Hyderabad,Contract
E101710,F,38,Graduate,Finance,Accountant,2018-08-31,M220,Hyderabad,Full-time
E101711,M,42,Graduate,HR,HR Business Partner,2023-12-15,M294,Hyderabad,Full-time
E101712,M,23,Graduate,Sales,Sales Executive,2019-02-17,M335,Mumbai,Full-time
E101713,M,32,Postgraduate,Operations,Process Manager,2021-01-31,M305,Bangalore,Full-time
E101714,M,23,Postgraduate,HR,HR Business Partner,2023-10-25,M309,Mumbai,Full-time
E101715,M,34,Graduate,Operations,Operations Analyst,2018-02-03,M267,Chennai,Full-time
E101716,M,40,Graduate,Sales,Account Manager,2020-07-18,M208,Hyderabad,Full-time
E101717,M,40,Graduate,Operations,Process Manager,2018-07-24,M274,Hyderabad,Full-time
E101718,F,39,Graduate,HR,HR Business Partner,2022-05-09,M258,Delhi,Full-time
E101719,M,43,Graduate,HR,HR Executive,2018-02-19,M250,Mumbai,Full-time
E101720,M,33,Postgraduate,HR,HR Business Partner,2021-04-26,M230,Pune,Full-time
E101721,M,23,Graduate,HR,HR Business Partner,2018-10-19,M223,Pune,Full-time
E101722,M,23,Postgraduate,HR,HR Executive,2020-09-07,M284,Pune,Full-time
E101723,M,22,Graduate,Sales,Account Manager,2020-07-10,M344,Chennai,Full-time
E101724,M,36,Postgraduate,Finance,Financial Analyst,2020-09-20,M318,Mumbai,Full-time
E101725,F,29,Graduate,IT,Software Engineer,2023-06-14,M200,Mumbai,Full-time
E101726,M,41,Graduate,Operations,Operations Analyst,2018-08-04,M211,Delhi,Contract
E101727,M,24,Graduate,IT,QA Engineer,2022-10-20,M253,Pune,Full-time
E101728,F,44,Graduate,HR,HR Business Partner,2023-04-01,M319,Hyderabad,Full-time
E101729,M,42,Graduate,Operations,Process Manager,2021-08-14,M216,Pune,Full-time
E101730,M,27,Postgraduate,Sales,Sales Executive,2019-03-29,M205,Mumbai,Full-time
E101731,F,34,Graduate,IT,Software Engineer,2022-05-25,M315,Pune,Full-time
E101732,F,43,Postgraduate,IT,Software Engineer,2018-11-16,M228,Chennai,Full-time
E101733,M,39,Graduate,Sales,Account Manager,2020-02-15,M236,Pune,Full-time
E101734,M,31,Graduate,Operations,Process Manager,2022-09-28,M222,Bangalore,Full-time
E101735,M,43,Graduate,Finance,Financial Analyst,2020-11-23,M269,Delhi,Full-time
E101736,M,41,Postgraduate,Finance,Financial Analyst,2021-06-19,M266,Chennai,Full-time
E101737,M,38,Graduate,Sales,Sales Executive,2021-05-15,M272,Delhi,Full-time
E101738,M,39,Graduate,IT,Software Engineer,2019-06-16,M229,Bangalore,Full-time
E101739,M,27,Graduate,Finance,Financial Analyst,2017-09-16,M214,Pune,Full-time
E101740,M,40,Graduate,IT,QA Engineer,2021-05-16,M287,Delhi,Full-time
E101741,F,35,Graduate,Operations,Operations Analyst,2022-09-10,M296,Bangalore,Full-time
E101742,M,41,Postgraduate,Finance,Financial Analyst,2017-10-14,M342,Hyderabad,Full-time
E101743,F,36,Graduate,Finance,Accountant,2017-04-08,M329,Bangalore,Full-time
E101744,F,40,Graduate,HR,HR Executive,2023-11-03,M254,Delhi,Contract
E101745,M,22,Postgraduate,Finance,Financial Analyst,2023-12-21,M337,Mumbai,Contract
E101746,F,26,Postgraduate,HR,HR Business Partner,2021-07-31,M320,Hyderabad,Full-time
E101747,F,31,Graduate,Finance,Financial Analyst,2020-10-23,M261,Hyderabad,Full-time
E101748,F,36,Graduate,Finance,Financial Analyst,2018-07-04,M332,Chennai,Contract
E101749,M,41,Graduate,Finance,Accountant,2021-05-01,M251,Bangalore,Full-time
E101750,M,26,Graduate,Finance,Accountant,2022-01-30,M324,Chennai,Full-time
E101751,M,30,Postgraduate,Finance,Financial Analyst,2021-04-29,M233,Delhi,Full-time
E101752,F,42,Graduate,Sales,Sales Executive,2019-12-30,M334,Hyderabad,Full-time
E101753,M,30,Graduate,IT,Data Analyst,2018-02-11,M303,Mumbai,Full-time
E101754,M,35,Graduate,HR,HR Executive,2021-06-18,M310,Bangalore,Full-time
E101755,M,34,Postgraduate,Operations,Process Manager,2021-02-28,M264,Mumbai,Full-time
E101756,F,40,Graduate,Sales,Sales Executive,2019-03-09,M253,Pune,Contract
E101757,M,23,Graduate,IT,QA Engineer,2022-05-12,M278,Delhi,Full-time
E101758,M,24,Postgraduate,HR,HR Business Partner,2023-04-13,M200,Hyderabad,Full-time
E101759,M,28,Graduate,HR,HR Business Partner,2022-01-24,M266,Delhi,Full-time
E101760,F,32,Graduate,HR,HR Business Partner,2017-10-05,M335,Bangalore,Full-time
E101761,M,30,Graduate,Operations,Operations Analyst,2017-09-26,M218,Chennai,Full-time
E101762,F,32,Graduate,Operations,Process Manager,2019-11-21,M219,Hyderabad,Full-time
E101763,M,23,Graduate,Sales,Account Manager,2020-01-11,M254,Hyderabad,Full-time
E101764,M,41,Postgraduate,IT,Software Engineer,2023-07-31,M232,Delhi,Full-time
E101765,M,33,Graduate,Finance,Financial Analyst,2018-01-27,M214,Bangalore,Full-time
E101766,F,29,Postgraduate,HR,HR Business Partner,2022-05-27,M349,Hyderabad,Full-time
E101767,M,25,Graduate,Finance,Financial Analyst,2019-12-20,M317,Hyderabad,Full-time
E101768,F,42,Graduate,Finance,Accountant,2022-04-04,M278,Chennai,Full-time
E101769,M,38,Graduate,Finance,Accountant,2023-09-19,M230,Hyderabad,Full-time
E101770,F,33,Graduate,Sales,Account Manager,2022-02-07,M289,Delhi,Contract
E101771,M,43,Graduate,Operations,Operations Analyst,2023-09-12,M277,Chennai,Contract
E101772,F,23,Graduate,Sales,Account Manager,2017-12-21,M311,Mumbai,Full-time
E101773,M,36,Graduate,Finance,Accountant,2021-06-08,M260,Hyderabad,Full-time
E101774,F,38,Graduate,Sales,Sales Executive,2023-02-25,M292,Hyderabad,Full-time
E101775,F,24,Postgraduate,IT,Data Analyst,2021-08-01,M270,Hyderabad,Full-time
E101776,M,39,Postgraduate,IT,QA Engineer,2022-04-02,M222,Delhi,Full-time
E101777,M,22,Postgraduate,HR,HR Business Partner,2017-06-11,M346,Pune,Full-time
E101778,M,36,Graduate,Operations,Operations Analyst,2020-03-03,M320,Bangalore,Contract
E101779,M,27,Graduate,Sales,Account Manager,2023-01-29,M333,Chennai,Contract
E101780,M,29,Graduate,Finance,Financial Analyst,2020-02-10,M257,Bangalore,Full-time
E101781,M,31,Postgraduate,Operations,Operations Analyst,2020-08-03,M318,Pune,Full-time
E101782,M,43,Postgraduate,Operations,Process Manager,2022-10-06,M218,Mumbai,Contract
E101783,M,43,Graduate,IT,Software Engineer,2023-04-04,M202,Delhi,Contract
E101784,M,36,Graduate,Sales,Sales Executive,2019-04-21,M269,Bangalore,Full-time
E101785,M,24,Graduate,Finance,Financial Analyst,2023-03-24,M324,Bangalore,Full-time
E101786,M,40,Graduate,IT,QA Engineer,2020-05-26,M306,Chennai,Contract
E101787,F,37,Postgraduate,HR,HR Executive,2020-01-18,M205,Hyderabad,Full-time
E101788,F,36,Graduate,Finance,Financial Analyst,2019-09-06,M284,Hyderabad,Full-time
E101789,M,22,Graduate,HR,HR Executive,2023-01-13,M241,Delhi,Full-time
E101790,M,23,Postgraduate,Finance,Accountant,2020-08-25,M233,Bangalore,Full-time
E101791,M,35,Graduate,Finance,Accountant,2018-04-02,M216,Hyderabad,Full-time
E101792,M,43,Graduate,Sales,Sales Executive,2017-04-22,M335,Pune,Full-time
E101793,M,41,Graduate,Finance,Financial Analyst,2021-03-07,M309,Pune,Full-time
E101794,M,24,Graduate,HR,HR Executive,2017-01-31,M228,Hyderabad,Contract
E101795,M,24,Graduate,Finance,Accountant,2022-11-06,M273,Hyderabad,Full-time
E101796,M,42,Graduate,Operations,Process Manager,2019-03-08,M289,Delhi,Full-time
E101797,F,36,Graduate,Operations,Process Manager,2017-05-16,M250,Pune,Full-time
E101798,M,38,Graduate,HR,HR Business Partner,2023-12-12,M319,Hyderabad,Full-time
E101799,F,38,Postgraduate,IT,Software Engineer,2020-08-28,M253,Chennai,Full-time
E101800,M,42,Graduate,HR,HR Executive,2023-06-24,M203,Bangalore,Full-time
E101801,M,34,Postgraduate,Sales,Account Manager,2020-03-06,M241,Bangalore,Full-time
E101802,M,24,Graduate,HR,HR Executive,2022-01-08,M298,Hyderabad,Full-time
E101803,M,38,Graduate,Operations,Operations Analyst,2021-08-10,M321,Mumbai,Contract
E101804,M,23,Postgraduate,Operations,Operations Analyst,2021-09-02,M240,Bangalore,Full-time
E101805,M,23,Graduate,HR,HR Business Partner,2023-02-21,M299,Hyderabad,Full-time
E101806,F,38,Graduate,HR,HR Executive,2018-07-25,M320,Chennai,Full-time
E101807,M,26,Graduate,HR,HR Business Partner,2022-11-14,M249,Hyderabad,Full-time
E101808,F,34,Graduate,Operations,Process Manager,2018-05-21,M235,Hyderabad,Full-time
E101809,F,44,Postgraduate,HR,HR Executive,2018-06-11,M292,Pune,Full-time
E101810,F,27,Graduate,HR,HR Business Partner,2017-03-05,M216,Pune,Contract
E101811,F,42,Postgraduate,Finance,Accountant,2023-10-10,M294,Chennai,Full-time
E101812,M,39,Graduate,Finance,Financial Analyst,2018-01-28,M337,Delhi,Contract
E101813,M,33,Graduate,Finance,Accountant,2020-08-08,M246,Bangalore,Contract
E101814,M,35,Postgraduate,Finance,Financial Analyst,2019-06-11,M296,Bangalore,Full-time
E101815,M,26,Postgraduate,Operations,Process Manager,2023-04-16,M212,Delhi,Full-time
E101816,F,42,Postgraduate,Sales,Account Manager,2017-02-28,M329,Hyderabad,Full-time
E101817,M,36,Graduate,IT,Data Analyst,2020-11-30,M348,Mumbai,Full-time
E101818,M,43,Postgraduate,IT,Software Engineer,2022-11-09,M272,Mumbai,Full-time
E101819,F,29,Postgraduate,HR,HR Executive,2021-03-09,M284,Hyderabad,Full-time
E101820,F,28,Graduate,HR,HR Business Partner,2019-08-07,M276,Hyderabad,Full-time
E101821,F,29,Graduate,Sales,Account Manager,2023-03-30,M234,Mumbai,Full-time
E101822,M,23,Graduate,Operations,Operations Analyst,2020-12-02,M203,Bangalore,Full-time
E101823,M,28,Graduate,Sales,Sales Executive,2023-09-29,M264,Mumbai,Full-time
E101824,M,24,Postgraduate,Finance,Accountant,2020-01-11,M294,Pune,Full-time
E101825,M,35,Graduate,Sales,Account Manager,2018-11-15,M272,Chennai,Full-time
E101826,M,38,Postgraduate,IT,Software Engineer,2018-01-28,M281,Mumbai,Contract
E101827,F,29,Graduate,Sales,Account Manager,2023-02-10,M309,Mumbai,Full-time
E101828,M,27,Graduate,Sales,Account Manager,2022-12-06,M218,Pune,Full-time
E101829,M,23,Postgraduate,Operations,Operations Analyst,2020-05-25,M240,Hyderabad,Contract
E101830,M,27,Postgraduate,Finance,Financial Analyst,2017-03-21,M299,Pune,Full-time
E101831,M,34,Graduate,Sales,Account Manager,2020-11-04,M288,Delhi,Contract
E101832,M,39,Graduate,Operations,Operations Analyst,2022-05-04,M220,Chennai,Full-time
E101833,M,40,Postgraduate,HR,HR Executive,2022-01-16,M229,Hyderabad,Full-time
E101834,F,35,Graduate,Operations,Process Manager,2021-06-11,M255,Mumbai,Full-time
E101835,F,44,Graduate,HR,HR Executive,2017-03-20,M259,Mumbai,Full-time
E101836,M,42,Postgraduate,Finance,Accountant,2021-10-04,M316,Hyderabad,Full-time
E101837,M,41,Postgraduate,IT,Data Analyst,2021-12-04,M257,Pune,Full-time
E101838,M,29,Graduate,Sales,Sales Executive,2018-09-27,M301,Delhi,Full-time
E101839,F,23,Graduate,HR,HR Business Partner,2022-02-17,M233,Bangalore,Full-time
E101840,F,24,Graduate,Sales,Sales Executive,2022-09-02,M229,Bangalore,Full-time
E101841,M,31,Postgraduate,Sales,Sales Executive,2017-05-12,M237,Bangalore,Full-time
E101842,M,24,Graduate,IT,Data Analyst,2020-06-14,M234,Bangalore,Contract
E101843,M,33,Postgraduate,Operations,Operations Analyst,2022-05-24,M220,Delhi,Full-time
E101844,F,25,Graduate,IT,Software Engineer,2022-12-11,M270,Chennai,Full-time
E101845,M,24,Graduate,Finance,Financial Analyst,2018-10-10,M294,Delhi,Full-time
E101846,M,32,Graduate,HR,HR Executive,2021-10-20,M278,Chennai,Full-time
E101847,M,23,Graduate,Sales,Account Manager,2021-12-31,M218,Hyderabad,Full-time
E101848,M,37,Graduate,Finance,Accountant,2018-04-03,M299,Mumbai,Full-time
E101849,M,32,Graduate,HR,HR Business Partner,2023-05-16,M308,Delhi,Full-time
E101850,M,44,Graduate,HR,HR Business Partner,2022-05-18,M300,Mumbai,Full-time
E101851,M,33,Graduate,IT,QA Engineer,2022-02-13,M289,Hyderabad,Full-time
E101852,F,23,Postgraduate,IT,QA Engineer,2020-02-28,M212,Mumbai,Full-time
E101853,F,36,Graduate,HR,HR Business Partner,2022-11-06,M256,Bangalore,Full-time
E101854,M,38,Graduate,HR,HR Business Partner,2021-09-19,M236,Delhi,Full-time
E101855,M,44,Postgraduate,Finance,Financial Analyst,2019-06-26,M329,Chennai,Contract
E101856,F,34,Graduate,Sales,Account Manager,2020-08-19,M258,Chennai,Full-time
E101857,M,39,Graduate,Sales,Sales Executive,2023-10-20,M231,Mumbai,Full-time
E101858,F,37,Postgraduate,Finance,Accountant,2018-04-25,M245,Chennai,Full-time
E101859,F,24,Graduate,IT,Software Engineer,2019-03-25,M244,Chennai,Contract
E101860,F,26,Postgraduate,HR,HR Executive,2019-07-19,M206,Hyderabad,Full-time
E101861,F,32,Graduate,Finance,Accountant,2018-02-01,M311,Hyderabad,Full-time
E101862,M,39,Graduate,IT,QA Engineer,2023-04-09,M328,Pune,Full-time
E101863,F,23,Postgraduate,Operations,Operations Analyst,2022-11-05,M305,Chennai,Contract
E101864,M,38,Postgraduate,Operations,Process Manager,2022-12-23,M202,Delhi,Full-time
E101865,M,24,Postgraduate,Sales,Account Manager,2023-10-19,M345,Hyderabad,Full-time
E101866,F,22,Postgraduate,IT,Software Engineer,2019-09-10,M209,Delhi,Contract
E101867,F,34,Postgraduate,IT,Data Analyst,2023-08-20,M317,Chennai,Contract
E101868,M,43,Graduate,HR,HR Executive,2022-03-08,M211,Chennai,Full-time
E101869,M,31,Graduate,Operations,Operations Analyst,2020-10-23,M266,Hyderabad,Full-time
E101870,M,31,Graduate,IT,QA Engineer,2023-02-12,M217,Chennai,Full-time
E101871,M,36,Graduate,Finance,Financial Analyst,2023-07-24,M323,Pune,Full-time
E101872,M,22,Graduate,Finance,Financial Analyst,2017-12-22,M280,Chennai,Full-time
E101873,M,40,Graduate,HR,HR Executive,2022-03-19,M202,Delhi,Contract
E101874,M,28,Graduate,IT,Data Analyst,2021-04-17,M257,Mumbai,Full-time
E101875,F,32,Postgraduate,Sales,Sales Executive,2019-04-19,M254,Pune,Full-time
E101876,F,25,Graduate,Finance,Financial Analyst,2023-01-25,M209,Pune,Full-time
E101877,M,33,Graduate,Operations,Operations Analyst,2019-02-12,M285,Mumbai,Full-time
E101878,M,32,Graduate,Sales,Sales Executive,2020-08-25,M327,Chennai,Full-time
E101879,F,44,Postgraduate,Sales,Account Manager,2018-06-02,M305,Chennai,Full-time
E101880,M,35,Graduate,IT,Data Analyst,2023-05-02,M312,Chennai,Full-time
E101881,F,44,Graduate,Finance,Accountant,2021-10-10,M345,Bangalore,Full-time
E101882,F,29,Graduate,Sales,Account Manager,2023-03-14,M346,Hyderabad,Full-time
E101883,M,41,Graduate,Sales,Account Manager,2017-06-22,M268,Chennai,Full-time
E101884,M,37,Graduate,Operations,Operations Analyst,2022-10-02,M312,Hyderabad,Full-time
E101885,M,27,Graduate,Operations,Process Manager,2017-10-20,M215,Bangalore,Full-time
E101886,M,32,Graduate,IT,QA Engineer,2022-03-05,M299,Bangalore,Contract
E101887,F,22,Graduate,Sales,Sales Executive,2021-06-15,M217,Chennai,Full-time
E101888,F,32,Postgraduate,HR,HR Executive,2023-08-17,M259,Bangalore,Full-time
E101889,F,40,Graduate,Operations,Process Manager,2018-02-21,M284,Bangalore,Full-time
E101890,F,29,Graduate,Sales,Sales Executive,2020-07-23,M342,Pune,Full-time
E101891,F,43,Postgraduate,Operations,Operations Analyst,2017-08-08,M345,Bangalore,Full-time
E101892,M,32,Postgraduate,HR,HR Business Partner,2018-01-02,M294,Hyderabad,Full-time
E101893,M,23,Postgraduate,Operations,Process Manager,2018-12-13,M334,Pune,Full-time
E101894,M,27,Graduate,IT,Software Engineer,2020-07-06,M299,Mumbai,Contract
E101895,M,43,Graduate,Finance,Financial Analyst,2022-08-20,M249,Hyderabad,Full-time
E101896,F,42,Postgraduate,Operations,Operations Analyst,2021-10-06,M328,Mumbai,Full-time
E101897,M,32,Graduate,HR,HR Executive,2021-07-31,M225,Chennai,Full-time
E101898,M,27,Graduate,Operations,Operations Analyst,2017-07-08,M260,Hyderabad,Full-time
E101899,M,24,Graduate,IT,Data Analyst,2022-07-05,M282,Hyderabad,Full-time
E101900,M,26,Graduate,IT,Software Engineer,2017-12-24,M305,Hyderabad,Full-time
E101901,M,43,Graduate,IT,Data Analyst,2022-09-08,M342,Delhi,Full-time
E101902,M,29,Graduate,Finance,Financial Analyst,2018-02-25,M244,Bangalore,Full-time
E101903,F,39,Postgraduate,Operations,Process Manager,2022-12-14,M321,Hyderabad,Contract
E101904,F,39,Postgraduate,Sales,Account Manager,2023-09-05,M304,Bangalore,Full-time
E101905,M,39,Postgraduate,Operations,Process Manager,2022-12-18,M336,Pune,Full-time
E101906,M,36,Postgraduate,HR,HR Business Partner,2019-11-20,M289,Hyderabad,Full-time
E101907,M,26,Postgraduate,Operations,Operations Analyst,2023-09-15,M287,Bangalore,Full-time
E101908,M,34,Postgraduate,Finance,Accountant,2021-09-11,M208,Delhi,Full-time
E101909,M,37,Graduate,Operations,Process Manager,2023-04-25,M333,Mumbai,Full-time
E101910,M,32,Graduate,HR,HR Executive,2017-09-27,M223,Chennai,Contract
E101911,M,27,Graduate,Sales,Sales Executive,2019-04-22,M242,Pune,Full-time
E101912,F,38,Graduate,Finance,Financial Analyst,2018-05-02,M331,Chennai,Full-time
E101913,F,34,Graduate,IT,Data Analyst,2023-07-04,M279,Chennai,Full-time
E101914,F,26,Graduate,Finance,Financial Analyst,2018-12-09,M274,Chennai,Full-time
E101915,F,30,Postgraduate,Sales,Sales Executive,2019-08-07,M257,Bangalore,Full-time
E101916,F,40,Postgraduate,HR,HR Executive,2020-01-02,M262,Pune,Full-time
E101917,F,39,Graduate,Finance,Accountant,2018-11-05,M264,Pune,Full-time
E101918,M,44,Postgraduate,Operations,Process Manager,2019-06-07,M254,Chennai,Full-time
E101919,M,42,Graduate,Finance,Accountant,2021-08-07,M254,Delhi,Full-time
E101920,M,24,Graduate,IT,Data Analyst,2018-09-07,M308,Delhi,Full-time
E101921,M,25,Postgraduate,Sales,Sales Executive,2021-09-09,M242,Pune,Full-time
E101922,M,36,Graduate,Finance,Accountant,2019-01-20,M339,Chennai,Contract
E101923,M,35,Graduate,HR,HR Business Partner,2022-12-02,M340,Bangalore,Full-time
E101924,F,36,Graduate,HR,HR Executive,2019-07-29,M202,Pune,Full-time
E101925,F,38,Postgraduate,Sales,Sales Executive,2017-03-02,M238,Bangalore,Full-time
E101926,M,27,Graduate,HR,HR Business Partner,2022-12-01,M348,Bangalore,Full-time
E101927,F,31,Postgraduate,Operations,Process Manager,2020-06-16,M209,Pune,Full-time
E101928,M,33,Postgraduate,Operations,Operations Analyst,2018-01-26,M272,Pune,Full-time
E101929,M,33,Graduate,Finance,Accountant,2019-12-22,M326,Hyderabad,Full-time
E101930,F,41,Postgraduate,Finance,Financial Analyst,2023-08-12,M337,Hyderabad,Full-time
E101931,F,25,Postgraduate,IT,QA Engineer,2023-07-19,M314,Pune,Contract
E101932,M,43,Postgraduate,Sales,Sales Executive,2023-02-05,M211,Bangalore,Full-time
E101933,M,41,Graduate,Sales,Sales Executive,2020-08-13,M200,Bangalore,Full-time
E101934,M,36,Postgraduate,HR,HR Business Partner,2018-08-23,M270,Bangalore,Full-time
E101935,M,22,Postgraduate,Sales,Sales Executive,2018-11-18,M311,Hyderabad,Full-time
E101936,M,40,Graduate,Sales,Sales Executive,2020-08-30,M285,Hyderabad,Full-time
E101937,M,22,Postgraduate,Operations,Operations Analyst,2019-04-02,M336,Mumbai,Full-time
E101938,M,41,Postgraduate,HR,HR Business Partner,2023-12-11,M315,Hyderabad,Full-time
E101939,M,23,Graduate,Operations,Operations Analyst,2022-12-04,M270,Pune,Contract
E101940,M,39,Graduate,IT,Software Engineer,2019-09-18,M326,Bangalore,Contract
E101941,M,41,Graduate,Sales,Account Manager,2018-11-26,M277,Delhi,Contract
E101942,F,31,Graduate,Sales,Sales Executive,2022-05-30,M233,Delhi,Full-time
E101943,F,36,Graduate,Finance,Accountant,2020-09-20,M242,Pune,Full-time
E101944,M,33,Postgraduate,IT,QA Engineer,2020-09-10,M257,Pune,Contract
E101945,M,31,Graduate,Sales,Sales Executive,2021-07-06,M314,Pune,Full-time
E101946,F,32,Postgraduate,Operations,Operations Analyst,2018-11-03,M302,Chennai,Contract
E101947,F,41,Graduate,Operations,Process Manager,2020-04-17,M301,Bangalore,Full-time
E101948,F,30,Postgraduate,Operations,Operations Analyst,2022-01-08,M240,Pune,Full-time
E101949,F,34,Graduate,Sales,Account Manager,2021-11-23,M239,Mumbai,Contract
E101950,F,23,Postgraduate,Finance,Financial Analyst,2022-10-14,M321,Pune,Full-time
E101951,M,35,Graduate,HR,HR Business Partner,2022-11-07,M339,Bangalore,Full-time
E101952,F,26,Postgraduate,Operations,Process Manager,2020-02-10,M337,Bangalore,Full-time
E101953,F,44,Postgraduate,Operations,Process Manager,2017-06-23,M260,Pune,Full-time
E101954,M,28,Graduate,Operations,Process Manager,2018-09-16,M314,Chennai,Contract
E101955,M,32,Postgraduate,HR,HR Executive,2018-11-19,M212,Delhi,Full-time
E101956,F,29,Postgraduate,HR,HR Executive,2019-05-19,M218,Chennai,Full-time
E101957,M,44,Postgraduate,IT,Software Engineer,2022-10-14,M211,Mumbai,Full-time
E101958,F,43,Graduate,Operations,Operations Analyst,2019-07-05,M272,Chennai,Full-time
E101959,F,36,Postgraduate,Sales,Account Manager,2021-10-15,M325,Chennai,Full-time
E101960,M,27,Graduate,Sales,Sales Executive,2023-11-25,M202,Hyderabad,Full-time
E101961,M,42,Graduate,HR,HR Executive,2018-02-25,M310,Delhi,Full-time
E101962,F,35,Graduate,Operations,Operations Analyst,2022-01-23,M284,Chennai,Full-time
E101963,F,26,Postgraduate,HR,HR Executive,2019-05-09,M346,Chennai,Full-time
E101964,M,24,Graduate,HR,HR Business Partner,2023-09-19,M207,Bangalore,Contract
E101965,M,39,Graduate,Sales,Sales Executive,2022-07-15,M291,Bangalore,Full-time
E101966,F,32,Graduate,Operations,Process Manager,2021-08-13,M276,Chennai,Full-time
E101967,F,32,Postgraduate,Sales,Sales Executive,2020-01-21,M284,Bangalore,Full-time
E101968,M,34,Graduate,IT,QA Engineer,2018-03-25,M229,Bangalore,Contract
E101969,M,35,Postgraduate,HR,HR Business Partner,2021-03-03,M335,Pune,Full-time
E101970,F,33,Graduate,IT,Data Analyst,2022-11-27,M243,Chennai,Full-time
E101971,F,30,Graduate,IT,Software Engineer,2020-06-11,M339,Pune,Contract
E101972,F,37,Graduate,IT,Data Analyst,2019-05-28,M349,Bangalore,Full-time
E101973,M,35,Graduate,HR,HR Business Partner,2019-04-25,M316,Chennai,Contract
E101974,M,27,Graduate,Sales,Account Manager,2020-07-17,M331,Pune,Contract
E101975,F,36,Postgraduate,HR,HR Executive,2021-06-16,M313,Pune,Contract
E101976,M,22,Graduate,Operations,Process Manager,2020-03-27,M272,Bangalore,Full-time
E101977,F,41,Graduate,HR,HR Business Partner,2022-06-18,M339,Mumbai,Full-time
E101978,M,34,Postgraduate,Operations,Operations Analyst,2023-01-20,M260,Hyderabad,Full-time
E101979,F,30,Postgraduate,IT,Software Engineer,2017-10-23,M291,Mumbai,Full-time
E101980,M,39,Graduate,Finance,Accountant,2020-07-16,M291,Chennai,Full-time
E101981,M,43,Postgraduate,Operations,Process Manager,2020-08-06,M348,Mumbai,Full-time
E101982,M,37,Graduate,Operations,Process Manager,2023-05-23,M349,Delhi,Full-time
E101983,M,33,Graduate,Operations,Process Manager,2023-05-09,M336,Bangalore,Contract
E101984,M,31,Graduate,Finance,Financial Analyst,2021-07-13,M279,Delhi,Full-time
E101985,M,22,Graduate,HR,HR Business Partner,2018-06-24,M313,Mumbai,Full-time
E101986,M,44,Graduate,HR,HR Business Partner,2022-05-10,M305,Bangalore,Full-time
E101987,M,43,Postgraduate,HR,HR Business Partner,2020-05-07,M329,Pune,Full-time
E101988,F,35,Graduate,Finance,Financial Analyst,2019-05-29,M270,Hyderabad,Contract
E101989,M,30,Graduate,HR,HR Business Partner,2022-10-23,M268,Bangalore,Full-time
E101990,F,27,Graduate,Finance,Financial Analyst,2023-09-24,M324,Mumbai,Full-time
E101991,M,38,Postgraduate,Operations,Process Manager,2023-06-08,M297,Mumbai,Full-time
E101992,M,29,Postgraduate,HR,HR Business Partner,2020-07-19,M245,Bangalore,Full-time
E101993,M,23,Graduate,HR,HR Executive,2021-06-18,M228,Bangalore,Full-time
E101994,F,39,Graduate,Operations,Process Manager,2017-04-06,M281,Bangalore,Full-time
E101995,M,29,Postgraduate,Operations,Process Manager,2017-05-12,M325,Pune,Full-time
E101996,M,29,Graduate,Sales,Sales Executive,2020-03-27,M342,Delhi,Full-time
E101997,F,44,Graduate,Operations,Process Manager,2023-11-27,M344,Bangalore,Full-time
E101998,F,28,Graduate,Sales,Account Manager,2017-10-05,M277,Mumbai,Full-time
E101999,M,35,Postgraduate,Finance,Financial Analyst,2022-06-17,M227,Hyderabad,Full-time
E102000,F,40,Graduate,Sales,Account Manager,2017-03-18,M304,Pune,Full-time
E102001,M,32,Postgraduate,Finance,Accountant,2020-03-07,M258,Bangalore,Full-time
E102002,M,25,Graduate,Finance,Financial Analyst,2021-04-15,M334,Hyderabad,Full-time
E102003,M,39,Graduate,IT,Software Engineer,2019-04-07,M337,Mumbai,Full-time
E102004,M,44,Graduate,Finance,Accountant,2023-05-07,M303,Mumbai,Full-time
E102005,M,25,Graduate,Finance,Accountant,2018-07-16,M339,Mumbai,Full-time
E102006,M,43,Graduate,Finance,Accountant,2021-08-17,M268,Bangalore,Full-time
E102007,M,25,Postgraduate,HR,HR Executive,2017-04-29,M274,Hyderabad,Full-time
E102008,M,41,Graduate,HR,HR Business Partner,2022-02-14,M332,Hyderabad,Full-time
E102009,F,36,Graduate,Operations,Operations Analyst,2022-08-26,M320,Pune,Full-time
E102010,M,43,Graduate,Operations,Operations Analyst,2021-01-19,M300,Chennai,Full-time
E102011,M,43,Graduate,Finance,Financial Analyst,2020-05-17,M252,Mumbai,Full-time
E102012,F,28,Graduate,Sales,Account Manager,2018-04-09,M254,Delhi,Full-time
E102013,F,22,Graduate,IT,Software Engineer,2021-04-13,M228,Delhi,Full-time
E102014,M,42,Graduate,HR,HR Business Partner,2020-11-20,M336,Hyderabad,Contract
E102015,M,41,Postgraduate,Finance,Financial Analyst,2017-06-09,M208,Chennai,Full-time
E102016,F,37,Graduate,Finance,Accountant,2022-07-10,M217,Mumbai,Full-time
E102017,M,25,Graduate,Finance,Accountant,2017-03-01,M254,Hyderabad,Full-time
E102018,M,35,Graduate,IT,Data Analyst,2020-03-27,M278,Hyderabad,Full-time
E102019,F,41,Postgraduate,HR,HR Business Partner,2018-09-01,M307,Chennai,Contract
E102020,M,25,Graduate,Operations,Operations Analyst,2018-06-04,M293,Chennai,Full-time
E102021,M,23,Postgraduate,Sales,Account Manager,2022-06-01,M345,Chennai,Full-time
E102022,F,40,Graduate,Operations,Operations Analyst,2018-02-04,M263,Bangalore,Contract
E102023,M,26,Graduate,Finance,Accountant,2020-08-05,M293,Bangalore,Full-time
E102024,M,36,Postgraduate,Operations,Operations Analyst,2021-03-16,M282,Chennai,Full-time
E102025,F,29,Graduate,HR,HR Business Partner,2019-02-22,M205,Pune,Full-time
E102026,M,28,Graduate,Sales,Account Manager,2023-01-06,M335,Chennai,Full-time
E102027,F,34,Postgraduate,HR,HR Business Partner,2019-06-28,M285,Mumbai,Full-time
E102028,F,30,Postgraduate,Sales,Account Manager,2021-02-13,M206,Bangalore,Full-time
E102029,M,22,Postgraduate,Sales,Account Manager,2019-03-22,M301,Pune,Full-time
E102030,M,43,Postgraduate,HR,HR Business Partner,2023-12-05,M212,Delhi,Full-time
E102031,M,40,Postgraduate,Sales,Sales Executive,2020-01-07,M232,Pune,Full-time
E102032,M,22,Postgraduate,Sales,Account Manager,2018-01-15,M274,Bangalore,Full-time
E102033,F,22,Postgraduate,IT,Data Analyst,2018-07-22,M205,Delhi,Contract
E102034,M,26,Graduate,HR,HR Business Partner,2019-03-11,M338,Pune,Full-time
E102035,M,38,Graduate,HR,HR Executive,2021-07-17,M218,Hyderabad,Full-time
E102036,M,24,Graduate,Sales,Sales Executive,2017-11-13,M302,Hyderabad,Full-time
E102037,M,25,Postgraduate,Finance,Financial Analyst,2023-08-20,M220,Pune,Contract
E102038,M,24,Postgraduate,Finance,Accountant,2022-10-17,M201,Bangalore,Full-time
E102039,M,39,Postgraduate,Sales,Sales Executive,2021-06-12,M232,Hyderabad,Full-time
E102040,F,44,Graduate,IT,Software Engineer,2018-03-31,M243,Chennai,Contract
E102041,F,30,Graduate,Finance,Accountant,2020-01-17,M224,Chennai,Contract
E102042,M,39,Graduate,Finance,Accountant,2022-03-01,M266,Hyderabad,Full-time
E102043,M,42,Graduate,HR,HR Business Partner,2019-11-25,M214,Pune,Full-time
E102044,M,36,Graduate,Operations,Process Manager,2017-07-18,M234,Hyderabad,Full-time
E102045,M,44,Graduate,HR,HR Executive,2023-11-03,M333,Pune,Full-time
E102046,M,43,Postgraduate,HR,HR Executive,2019-05-26,M253,Mumbai,Contract
E102047,M,34,Graduate,HR,HR Executive,2017-09-22,M257,Chennai,Full-time
E102048,M,22,Graduate,IT,Data Analyst,2018-07-01,M296,Chennai,Contract
E102049,F,36,Graduate,Sales,Account Manager,2021-06-01,M213,Pune,Full-time
E102050,F,37,Postgraduate,Operations,Process Manager,2023-04-06,M216,Mumbai,Full-time
E102051,F,36,Graduate,HR,HR Business Partner,2021-04-22,M289,Pune,Full-time
E102052,M,42,Graduate,IT,Software Engineer,2021-10-27,M335,Chennai,Full-time
E102053,M,40,Graduate,HR,HR Executive,2017-01-18,M267,Pune,Full-time
E102054,M,28,Graduate,Sales,Sales Executive,2023-12-02,M334,Hyderabad,Full-time
E102055,M,25,Graduate,Sales,Account Manager,2019-06-20,M224,Mumbai,Full-time
E102056,M,37,Graduate,Finance,Accountant,2021-11-04,M324,Hyderabad,Full-time
E102057,M,32,Graduate,Sales,Sales Executive,2020-11-06,M324,Bangalore,Full-time
E102058,M,43,Graduate,Operations,Process Manager,2020-02-16,M302,Pune,Full-time
E102059,M,44,Postgraduate,Sales,Account Manager,2019-08-31,M288,Bangalore,Full-time
E102060,F,42,Postgraduate,Sales,Account Manager,2022-03-23,M337,Delhi,Full-time
E102061,F,36,Postgraduate,Finance,Financial Analyst,2018-07-10,M289,Delhi,Full-time
E102062,M,44,Postgraduate,Operations,Process Manager,2023-08-20,M314,Delhi,Contract
E102063,M,36,Postgraduate,Sales,Account Manager,2017-11-29,M252,Mumbai,Full-time
E102064,M,26,Postgraduate,Sales,Sales Executive,2021-12-11,M289,Bangalore,Full-time
E102065,M,44,Graduate,Finance,Accountant,2017-12-21,M292,Mumbai,Contract
E102066,F,24,Graduate,HR,HR Executive,2020-08-31,M204,Chennai,Full-time
E102067,F,33,Graduate,Operations,Process Manager,2017-12-02,M213,Chennai,Full-time
E102068,M,43,Graduate,Sales,Account Manager,2018-03-02,M297,Bangalore,Full-time
E102069,M,30,Postgraduate,IT,Data Analyst,2018-04-24,M257,Hyderabad,Full-time
E102070,M,35,Postgraduate,Sales,Sales Executive,2018-01-30,M328,Mumbai,Contract
E102071,M,22,Postgraduate,IT,Software Engineer,2021-12-19,M262,Delhi,Full-time
E102072,F,36,Postgraduate,Finance,Accountant,2017-11-21,M343,Delhi,Full-time
E102073,M,25,Graduate,IT,Software Engineer,2019-09-28,M247,Hyderabad,Full-time
E102074,M,32,Graduate,Operations,Operations Analyst,2020-03-13,M331,Bangalore,Full-time
E102075,F,28,Postgraduate,IT,Software Engineer,2023-07-10,M209,Bangalore,Full-time
E102076,M,28,Graduate,Sales,Account Manager,2023-04-08,M339,Bangalore,Full-time
E102077,M,44,Postgraduate,HR,HR Executive,2022-06-24,M336,Pune,Full-time
E102078,M,25,Graduate,Operations,Process Manager,2017-02-07,M341,Mumbai,Full-time
E102079,M,31,Graduate,HR,HR Executive,2022-10-15,M340,Hyderabad,Contract
E102080,M,35,Graduate,IT,QA Engineer,2023-01-08,M235,Bangalore,Full-time
E102081,F,27,Graduate,IT,QA Engineer,2021-01-28,M303,Mumbai,Full-time
E102082,F,26,Postgraduate,Operations,Operations Analyst,2021-02-13,M331,Pune,Contract
E102083,M,27,Postgraduate,Finance,Accountant,2019-09-03,M290,Mumbai,Full-time
E102084,M,42,Graduate,Operations,Operations Analyst,2022-09-12,M217,Delhi,Full-time
E102085,M,43,Graduate,HR,HR Business Partner,2022-03-12,M266,Bangalore,Full-time
E102086,M,36,Graduate,HR,HR Executive,2017-06-10,M327,Chennai,Full-time
E102087,M,29,Graduate,IT,Data Analyst,2021-06-03,M202,Delhi,Full-time
E102088,M,40,Graduate,HR,HR Business Partner,2022-11-30,M229,Mumbai,Full-time
E102089,M,25,Postgraduate,Finance,Accountant,2017-02-28,M247,Chennai,Full-time
E102090,F,30,Graduate,Sales,Account Manager,2017-11-29,M215,Pune,Full-time
E102091,F,35,Graduate,IT,Data Analyst,2023-06-14,M283,Mumbai,Full-time
E102092,M,31,Graduate,IT,Data Analyst,2022-06-02,M209,Bangalore,Full-time
E102093,F,31,Postgraduate,IT,Data Analyst,2019-02-25,M219,Delhi,Full-time
E102094,F,37,Postgraduate,Finance,Financial Analyst,2019-08-11,M294,Hyderabad,Full-time
E102095,M,33,Graduate,Operations,Process Manager,2020-07-13,M312,Hyderabad,Contract
E102096,F,33,Graduate,Finance,Accountant,2020-08-31,M256,Hyderabad,Full-time
E102097,M,39,Graduate,IT,Data Analyst,2017-04-16,M330,Bangalore,Full-time
E102098,M,34,Graduate,IT,Data Analyst,2020-07-11,M262,Bangalore,Full-time
E102099,M,29,Postgraduate,Sales,Sales Executive,2021-08-01,M248,Chennai,Full-time
E102100,F,33,Graduate,IT,QA Engineer,2020-03-22,M207,Hyderabad,Full-time
E102101,F,30,Postgraduate,Finance,Financial Analyst,2019-12-10,M266,Mumbai,Full-time
E102102,F,36,Graduate,Sales,Sales Executive,2019-04-01,M285,Chennai,Full-time
E102103,M,43,Graduate,Finance,Accountant,2021-04-22,M332,Chennai,Contract
E102104,M,35,Graduate,HR,HR Business Partner,2020-04-06,M286,Pune,Full-time
E102105,M,29,Graduate,IT,Software Engineer,2018-12-04,M340,Bangalore,Full-time
E102106,F,32,Postgraduate,IT,Data Analyst,2019-12-25,M267,Mumbai,Contract
E102107,M,23,Postgraduate,Finance,Financial Analyst,2019-06-20,M253,Delhi,Full-time
E102108,F,35,Graduate,Finance,Financial Analyst,2023-09-23,M310,Mumbai,Full-time
E102109,M,29,Graduate,Operations,Process Manager,2017-12-10,M277,Delhi,Full-time
E102110,M,31,Graduate,HR,HR Executive,2018-03-30,M253,Delhi,Full-time
E102111,M,33,Postgraduate,HR,HR Business Partner,2017-05-25,M341,Bangalore,Full-time
E102112,M,33,Graduate,IT,Data Analyst,2018-06-15,M329,Pune,Full-time
E102113,M,34,Graduate,Sales,Account Manager,2020-07-22,M313,Hyderabad,Full-time
E102114,F,44,Postgraduate,IT,QA Engineer,2020-12-17,M301,Bangalore,Contract
E102115,M,26,Graduate,HR,HR Executive,2023-10-12,M256,Hyderabad,Full-time
E102116,F,26,Graduate,HR,HR Business Partner,2022-07-12,M212,Pune,Full-time
E102117,M,25,Graduate,Sales,Account Manager,2020-10-13,M236,Pune,Full-time
E102118,F,40,Postgraduate,Finance,Accountant,2020-06-05,M222,Delhi,Full-time
E102119,M,36,Graduate,IT,Data Analyst,2022-06-06,M205,Pune,Full-time
E102120,M,29,Postgraduate,IT,QA Engineer,2022-01-31,M242,Hyderabad,Full-time
E102121,F,22,Graduate,IT,Software Engineer,2019-01-29,M202,Chennai,Full-time
E102122,M,37,Graduate,HR,HR Executive,2017-03-25,M209,Pune,Contract
E102123,M,38,Graduate,Finance,Financial Analyst,2020-11-17,M300,Pune,Full-time
E102124,M,37,Graduate,HR,HR Business Partner,2020-10-28,M338,Chennai,Contract
E102125,M,38,Postgraduate,Operations,Operations Analyst,2019-11-25,M275,Chennai,Full-time
E102126,F,44,Graduate,Sales,Account Manager,2023-05-11,M220,Pune,Full-time
E102127,M,24,Graduate,IT,Data Analyst,2017-06-25,M205,Pune,Full-time
E102128,M,36,Graduate,Sales,Sales Executive,2020-05-05,M245,Delhi,Full-time
E102129,M,31,Postgraduate,Finance,Financial Analyst,2022-09-13,M209,Chennai,Full-time
E102130,F,30,Graduate,IT,QA Engineer,2022-03-17,M283,Bangalore,Full-time
E102131,F,29,Graduate,Finance,Accountant,2018-01-29,M337,Bangalore,Full-time
E102132,F,23,Graduate,Operations,Process Manager,2022-01-11,M261,Chennai,Full-time
E102133,F,42,Postgraduate,Finance,Financial Analyst,2021-06-28,M278,Bangalore,Full-time
E102134,F,40,Postgraduate,Finance,Financial Analyst,2022-08-03,M210,Pune,Contract
E102135,M,37,Postgraduate,IT,Data Analyst,2017-06-19,M206,Chennai,Full-time
E102136,F,22,Postgraduate,Operations,Operations Analyst,2019-04-03,M229,Bangalore,Full-time
E102137,F,39,Graduate,Finance,Accountant,2017-05-30,M337,Bangalore,Full-time
E102138,F,37,Graduate,Finance,Financial Analyst,2023-07-03,M280,Hyderabad,Full-time
E102139,F,24,Graduate,Finance,Accountant,2017-05-03,M201,Chennai,Full-time
E102140,M,30,Graduate,Operations,Process Manager,2020-08-01,M261,Pune,Full-time
E102141,M,43,Graduate,Finance,Accountant,2020-04-29,M275,Mumbai,Full-time
E102142,F,39,Graduate,Finance,Accountant,2023-10-17,M296,Pune,Full-time
E102143,F,43,Graduate,IT,Data Analyst,2019-05-06,M322,Delhi,Full-time
E102144,M,22,Graduate,Finance,Financial Analyst,2021-07-26,M236,Pune,Full-time
E102145,M,36,Postgraduate,Sales,Sales Executive,2023-08-26,M347,Chennai,Contract
E102146,M,24,Postgraduate,Finance,Accountant,2018-01-10,M337,Bangalore,Full-time
E102147,M,23,Graduate,HR,HR Executive,2022-10-27,M319,Delhi,Full-time
E102148,M,33,Graduate,HR,HR Executive,2020-05-09,M240,Hyderabad,Full-time
E102149,M,41,Graduate,Finance,Accountant,2017-02-09,M307,Delhi,Full-time
E102150,M,35,Postgraduate,Operations,Process Manager,2020-06-01,M339,Chennai,Full-time
E102151,M,41,Graduate,HR,HR Business Partner,2017-05-16,M244,Mumbai,Contract
E102152,M,41,Postgraduate,Sales,Sales Executive,2019-05-21,M216,Mumbai,Full-time
E102153,M,26,Graduate,Sales,Sales Executive,2020-06-15,M223,Chennai,Full-time
E102154,M,39,Graduate,Operations,Operations Analyst,2021-05-08,M319,Bangalore,Full-time
E102155,F,41,Graduate,HR,HR Business Partner,2018-11-07,M292,Bangalore,Full-time
E102156,F,41,Graduate,IT,Software Engineer,2019-12-10,M301,Delhi,Full-time
E102157,M,27,Postgraduate,Operations,Operations Analyst,2019-12-21,M244,Pune,Full-time
E102158,F,31,Graduate,Operations,Operations Analyst,2017-01-29,M295,Pune,Full-time
E102159,M,22,Postgraduate,HR,HR Business Partner,2021-05-22,M283,Bangalore,Full-time
E102160,M,34,Graduate,Sales,Account Manager,2019-09-22,M253,Hyderabad,Full-time
E102161,F,34,Postgraduate,HR,HR Business Partner,2017-06-15,M302,Mumbai,Full-time
E102162,M,24,Postgraduate,Operations,Operations Analyst,2022-05-07,M253,Hyderabad,Full-time
E102163,M,36,Graduate,Finance,Accountant,2021-02-05,M293,Mumbai,Full-time
E102164,M,23,Graduate,Operations,Process Manager,2017-08-03,M258,Chennai,Contract
E102165,M,31,Postgraduate,Finance,Accountant,2022-07-22,M333,Mumbai,Full-time
E102166,F,38,Postgraduate,IT,Data Analyst,2022-04-21,M260,Mumbai,Full-time
E102167,M,24,Graduate,Operations,Process Manager,2019-08-15,M284,Hyderabad,Full-time
E102168,M,24,Graduate,Finance,Accountant,2023-10-10,M270,Pune,Contract
E102169,F,26,Postgraduate,Sales,Sales Executive,2018-06-27,M316,Hyderabad,Full-time
E102170,M,44,Postgraduate,Sales,Account Manager,2021-10-27,M245,Bangalore,Full-time
E102171,F,34,Postgraduate,Operations,Operations Analyst,2020-09-22,M265,Hyderabad,Full-time
E102172,F,44,Postgraduate,IT,QA Engineer,2022-06-25,M330,Mumbai,Full-time
E102173,F,25,Postgraduate,HR,HR Executive,2021-11-11,M248,Hyderabad,Full-time
E102174,M,23,Graduate,HR,HR Business Partner,2018-01-05,M292,Delhi,Contract
E102175,M,40,Graduate,IT,QA Engineer,2020-03-05,M347,Delhi,Contract
E102176,F,22,Graduate,HR,HR Business Partner,2022-02-24,M200,Pune,Full-time
E102177,M,38,Graduate,Finance,Financial Analyst,2018-01-29,M225,Hyderabad,Full-time
E102178,M,27,Graduate,IT,Software Engineer,2020-02-28,M314,Delhi,Full-time
E102179,F,33,Graduate,Finance,Accountant,2022-09-27,M327,Pune,Full-time
E102180,M,31,Graduate,IT,QA Engineer,2020-12-14,M332,Bangalore,Contract
E102181,M,27,Graduate,Operations,Operations Analyst,2020-08-01,M323,Hyderabad,Full-time
E102182,F,34,Graduate,Sales,Account Manager,2023-01-12,M261,Delhi,Full-time
E102183,M,44,Graduate,Finance,Financial Analyst,2019-09-02,M228,Mumbai,Full-time
E102184,M,44,Graduate,HR,HR Executive,2018-03-11,M255,Delhi,Full-time
E102185,M,44,Graduate,Operations,Process Manager,2022-03-16,M263,Delhi,Full-time
E102186,F,43,Postgraduate,Sales,Account Manager,2019-01-14,M289,Hyderabad,Full-time
E102187,F,35,Graduate,Sales,Sales Executive,2018-02-12,M242,Hyderabad,Full-time
E102188,M,34,Graduate,HR,HR Business Partner,2021-10-27,M348,Pune,Contract
E102189,F,32,Postgraduate,HR,HR Business Partner,2021-08-21,M304,Hyderabad,Full-time
E102190,F,36,Graduate,HR,HR Executive,2022-10-31,M250,Mumbai,Full-time
E102191,F,44,Graduate,HR,HR Business Partner,2019-05-28,M342,Hyderabad,Full-time
E102192,M,43,Graduate,IT,QA Engineer,2020-05-02,M327,Mumbai,Full-time
E102193,F,27,Postgraduate,IT,Data Analyst,2021-03-29,M311,Delhi,Contract
E102194,F,41,Graduate,IT,Software Engineer,2017-01-12,M269,Delhi,Full-time
E102195,M,30,Graduate,Operations,Operations Analyst,2020-07-11,M242,Mumbai,Full-time
E102196,F,23,Graduate,Operations,Operations Analyst,2019-01-15,M200,Delhi,Full-time
E102197,F,23,Graduate,Sales,Sales Executive,2021-07-19,M315,Bangalore,Full-time
E102198,M,35,Graduate,Operations,Process Manager,2022-05-25,M284,Delhi,Full-time
E102199,M,44,Graduate,Sales,Account Manager,2023-09-06,M251,Chennai,Contract
E102200,M,38,Graduate,Operations,Operations Analyst,2018-09-24,M223,Chennai,Full-time
E102201,F,23,Postgraduate,HR,HR Business Partner,2020-06-29,M203,Bangalore,Full-time
E102202,M,25,Graduate,Finance,Accountant,2017-07-20,M332,Pune,Full-time
E102203,F,43,Graduate,IT,Software Engineer,2017-01-05,M214,Bangalore,Contract
E102204,M,43,Graduate,Operations,Operations Analyst,2018-09-26,M281,Bangalore,Full-time
E102205,M,30,Postgraduate,IT,Software Engineer,2018-07-06,M222,Delhi,Full-time
E102206,M,40,Postgraduate,HR,HR Business Partner,2019-11-20,M321,Chennai,Full-time
E102207,M,27,Graduate,IT,QA Engineer,2018-06-09,M319,Mumbai,Full-time
E102208,F,24,Postgraduate,Operations,Process Manager,2022-11-22,M268,Chennai,Full-time
E102209,F,25,Postgraduate,Operations,Process Manager,2020-06-27,M233,Hyderabad,Full-time
E102210,F,25,Graduate,Finance,Accountant,2021-11-08,M242,Pune,Full-time
E102211,M,28,Graduate,Sales,Account Manager,2020-10-25,M243,Mumbai,Full-time
E102212,M,26,Postgraduate,HR,HR Business Partner,2019-01-13,M263,Chennai,Full-time
E102213,M,40,Postgraduate,Operations,Process Manager,2020-12-29,M232,Pune,Contract
E102214,M,44,Graduate,IT,Data Analyst,2017-08-09,M309,Mumbai,Contract
E102215,F,33,Graduate,HR,HR Executive,2020-12-04,M349,Delhi,Full-time
E102216,M,22,Graduate,Operations,Process Manager,2021-03-08,M267,Chennai,Contract
E102217,M,31,Graduate,HR,HR Executive,2021-05-07,M329,Bangalore,Full-time
E102218,M,33,Postgraduate,Operations,Operations Analyst,2019-09-04,M270,Hyderabad,Full-time
E102219,F,39,Graduate,Finance,Financial Analyst,2019-11-20,M329,Mumbai,Full-time
E102220,M,41,Postgraduate,HR,HR Business Partner,2018-07-18,M225,Bangalore,Full-time
E102221,M,32,Graduate,HR,HR Executive,2020-12-08,M332,Hyderabad,Contract
E102222,M,26,Graduate,HR,HR Business Partner,2018-10-27,M265,Delhi,Full-time
E102223,M,36,Graduate,Finance,Financial Analyst,2017-07-21,M205,Bangalore,Full-time
E102224,M,42,Postgraduate,Finance,Accountant,2021-09-16,M254,Hyderabad,Full-time
E102225,M,29,Postgraduate,Finance,Accountant,2021-03-13,M276,Hyderabad,Full-time
E102226,F,39,Postgraduate,IT,Data Analyst,2021-08-06,M296,Hyderabad,Full-time
E102227,F,30,Postgraduate,IT,QA Engineer,2018-07-02,M326,Chennai,Full-time
E102228,M,30,Graduate,Finance,Accountant,2023-01-07,M296,Pune,Full-time
E102229,F,39,Postgraduate,IT,Software Engineer,2022-08-19,M223,Mumbai,Full-time
E102230,F,26,Graduate,HR,HR Business Partner,2017-04-13,M283,Hyderabad,Full-time
E102231,M,36,Postgraduate,IT,Software Engineer,2022-12-08,M205,Delhi,Contract
E102232,M,25,Postgraduate,Sales,Account Manager,2020-02-28,M242,Hyderabad,Contract
E102233,M,24,Graduate,Finance,Accountant,2023-07-06,M202,Mumbai,Full-time
E102234,M,26,Graduate,Finance,Accountant,2020-06-08,M214,Pune,Full-time
E102235,M,39,Graduate,Finance,Financial Analyst,2019-01-14,M267,Pune,Full-time
E102236,M,33,Postgraduate,Sales,Sales Executive,2021-11-10,M338,Delhi,Full-time
E102237,F,35,Graduate,HR,HR Business Partner,2019-12-08,M211,Delhi,Full-time
E102238,F,38,Postgraduate,Operations,Process Manager,2021-08-30,M266,Mumbai,Full-time
E102239,M,32,Postgraduate,HR,HR Executive,2018-10-18,M316,Chennai,Full-time
E102240,F,22,Graduate,Finance,Accountant,2021-08-11,M243,Bangalore,Full-time
E102241,M,28,Graduate,Finance,Accountant,2023-01-16,M335,Chennai,Full-time
E102242,F,32,Graduate,Operations,Operations Analyst,2022-02-23,M211,Pune,Full-time
E102243,F,37,Postgraduate,Finance,Accountant,2022-04-10,M319,Pune,Full-time
E102244,M,44,Graduate,IT,QA Engineer,2022-07-19,M282,Delhi,Full-time
E102245,M,41,Graduate,HR,HR Executive,2019-01-30,M324,Hyderabad,Full-time
E102246,M,28,Graduate,Operations,Process Manager,2019-03-20,M334,Mumbai,Full-time
E102247,F,24,Postgraduate,HR,HR Business Partner,2018-05-23,M295,Hyderabad,Full-time
E102248,F,43,Postgraduate,IT,Data Analyst,2019-05-06,M329,Mumbai,Full-time
E102249,M,32,Postgraduate,IT,Data Analyst,2023-03-29,M240,Bangalore,Full-time
E102250,M,23,Postgraduate,HR,HR Executive,2018-03-30,M226,Bangalore,Contract
E102251,F,25,Postgraduate,IT,Software Engineer,2017-04-17,M227,Pune,Full-time
E102252,F,42,Postgraduate,Sales,Sales Executive,2022-04-23,M222,Chennai,Full-time
E102253,M,38,Graduate,Sales,Sales Executive,2021-06-04,M291,Pune,Full-time
E102254,M,24,Graduate,IT,Software Engineer,2022-05-31,M323,Mumbai,Full-time
E102255,F,40,Graduate,HR,HR Executive,2021-06-09,M239,Chennai,Full-time
E102256,M,40,Graduate,IT,Software Engineer,2021-04-23,M265,Bangalore,Full-time
E102257,M,22,Graduate,HR,HR Executive,2022-07-29,M203,Chennai,Full-time
E102258,M,38,Graduate,IT,QA Engineer,2018-05-16,M243,Delhi,Full-time
E102259,F,36,Graduate,Operations,Operations Analyst,2020-07-19,M220,Hyderabad,Full-time
E102260,M,24,Graduate,HR,HR Executive,2022-09-22,M281,Hyderabad,Full-time
E102261,F,23,Postgraduate,Sales,Account Manager,2022-09-13,M342,Chennai,Full-time
E102262,F,36,Graduate,Sales,Sales Executive,2018-08-17,M215,Chennai,Contract
E102263,F,25,Graduate,HR,HR Business Partner,2020-11-06,M270,Hyderabad,Full-time
E102264,M,41,Postgraduate,Operations,Operations Analyst,2023-06-23,M280,Hyderabad,Full-time
E102265,M,29,Graduate,Finance,Accountant,2019-03-07,M320,Hyderabad,Contract
E102266,M,25,Graduate,IT,Software Engineer,2017-09-27,M332,Bangalore,Full-time
E102267,M,37,Graduate,IT,Data Analyst,2023-11-13,M214,Pune,Full-time
E102268,F,40,Graduate,Finance,Accountant,2020-10-10,M269,Pune,Full-time
E102269,M,26,Postgraduate,Sales,Account Manager,2022-09-15,M224,Delhi,Full-time
E102270,M,43,Postgraduate,IT,Software Engineer,2018-11-15,M332,Delhi,Full-time
E102271,M,23,Postgraduate,Operations,Process Manager,2021-06-03,M340,Pune,Full-time
E102272,M,34,Postgraduate,IT,QA Engineer,2017-08-28,M242,Hyderabad,Full-time
E102273,M,37,Graduate,Operations,Operations Analyst,2021-11-03,M310,Chennai,Contract
E102274,F,37,Graduate,Operations,Operations Analyst,2021-06-10,M276,Hyderabad,Full-time
E102275,F,24,Graduate,Operations,Process Manager,2021-05-14,M227,Hyderabad,Contract
E102276,F,41,Postgraduate,Sales,Account Manager,2017-12-05,M320,Pune,Full-time
E102277,M,35,Graduate,IT,QA Engineer,2020-03-23,M230,Mumbai,Full-time
E102278,M,31,Graduate,Sales,Sales Executive,2018-09-04,M229,Mumbai,Full-time
E102279,M,38,Postgraduate,Finance,Accountant,2019-07-26,M280,Delhi,Full-time
E102280,M,22,Graduate,Finance,Financial Analyst,2023-10-28,M335,Hyderabad,Contract
E102281,F,26,Graduate,Finance,Financial Analyst,2018-07-24,M304,Bangalore,Full-time
E102282,F,43,Graduate,Finance,Accountant,2018-02-23,M211,Delhi,Full-time
E102283,M,29,Graduate,HR,HR Business Partner,2022-07-21,M209,Delhi,Full-time
E102284,M,32,Postgraduate,HR,HR Executive,2023-03-05,M331,Bangalore,Full-time
E102285,F,42,Postgraduate,Finance,Financial Analyst,2017-05-17,M268,Hyderabad,Full-time
E102286,F,38,Graduate,Operations,Process Manager,2022-07-07,M257,Bangalore,Full-time
E102287,F,22,Postgraduate,IT,Data Analyst,2020-10-14,M337,Chennai,Full-time
E102288,M,38,Graduate,Operations,Process Manager,2020-03-27,M257,Pune,Full-time
E102289,F,37,Graduate,Operations,Operations Analyst,2018-05-02,M306,Hyderabad,Full-time
E102290,M,36,Postgraduate,Finance,Accountant,2022-12-31,M302,Pune,Full-time
E102291,M,23,Postgraduate,Sales,Sales Executive,2018-09-16,M225,Delhi,Full-time
E102292,F,41,Graduate,Finance,Accountant,2022-09-10,M335,Hyderabad,Full-time
E102293,M,29,Graduate,Operations,Process Manager,2021-06-01,M217,Hyderabad,Full-time
E102294,F,33,Graduate,Operations,Operations Analyst,2022-08-31,M290,Pune,Full-time
E102295,M,37,Graduate,HR,HR Executive,2018-10-02,M234,Pune,Full-time
E102296,M,29,Graduate,HR,HR Business Partner,2020-03-07,M202,Pune,Full-time
E102297,M,44,Graduate,Sales,Account Manager,2020-05-09,M323,Bangalore,Full-time
E102298,F,26,Postgraduate,Sales,Account Manager,2021-02-01,M267,Chennai,Full-time
E102299,F,44,Postgraduate,Finance,Accountant,2019-09-12,M295,Chennai,Full-time
E102300,F,25,Graduate,Operations,Operations Analyst,2020-06-16,M339,Bangalore,Contract
E102301,F,25,Postgraduate,Sales,Sales Executive,2017-07-02,M302,Pune,Full-time
E102302,M,33,Postgraduate,HR,HR Business Partner,2017-01-24,M282,Pune,Full-time
E102303,M,30,Graduate,HR,HR Business Partner,2018-07-25,M213,Pune,Full-time
E102304,M,23,Postgraduate,HR,HR Business Partner,2020-09-21,M252,Delhi,Full-time
E102305,F,28,Postgraduate,Operations,Process Manager,2019-10-04,M313,Mumbai,Full-time
E102306,F,41,Graduate,Finance,Accountant,2017-05-18,M254,Pune,Full-time
E102307,F,41,Postgraduate,IT,Data Analyst,2021-05-10,M273,Mumbai,Full-time
E102308,F,24,Graduate,HR,HR Business Partner,2023-11-12,M334,Delhi,Full-time
E102309,M,25,Postgraduate,HR,HR Executive,2020-11-24,M216,Mumbai,Full-time
E102310,M,39,Postgraduate,Finance,Accountant,2018-11-25,M204,Mumbai,Full-time
E102311,M,32,Postgraduate,HR,HR Executive,2020-03-09,M248,Chennai,Full-time
E102312,F,30,Graduate,Sales,Account Manager,2020-11-14,M270,Chennai,Full-time
E102313,M,22,Postgraduate,Operations,Process Manager,2022-06-26,M307,Hyderabad,Full-time
E102314,M,23,Graduate,Finance,Financial Analyst,2019-08-06,M340,Bangalore,Contract
E102315,F,33,Graduate,Operations,Process Manager,2020-12-22,M258,Bangalore,Full-time
E102316,F,41,Graduate,Sales,Sales Executive,2021-03-16,M283,Bangalore,Full-time
E102317,M,26,Postgraduate,Sales,Sales Executive,2020-01-22,M236,Delhi,Full-time
E102318,M,37,Graduate,IT,Data Analyst,2019-12-21,M292,Bangalore,Full-time
E102319,M,26,Postgraduate,IT,Software Engineer,2017-03-18,M291,Pune,Full-time
E102320,M,31,Graduate,HR,HR Executive,2020-09-14,M323,Bangalore,Full-time
E102321,M,41,Graduate,Operations,Operations Analyst,2017-04-02,M293,Pune,Full-time
E102322,F,41,Graduate,Finance,Accountant,2021-06-22,M223,Pune,Full-time
E102323,M,31,Graduate,Sales,Sales Executive,2017-05-27,M294,Pune,Full-time
E102324,F,41,Graduate,Operations,Operations Analyst,2022-12-22,M314,Delhi,Full-time
E102325,F,26,Graduate,Sales,Account Manager,2023-06-25,M302,Bangalore,Full-time
E102326,M,30,Graduate,Operations,Operations Analyst,2018-08-19,M220,Mumbai,Full-time
E102327,M,37,Graduate,Sales,Account Manager,2023-03-30,M330,Bangalore,Full-time
E102328,F,23,Postgraduate,Sales,Sales Executive,2017-10-03,M290,Mumbai,Full-time
E102329,M,26,Graduate,Finance,Financial Analyst,2018-08-13,M346,Hyderabad,Contract
E102330,F,24,Postgraduate,IT,Data Analyst,2019-06-14,M270,Pune,Full-time
E102331,M,34,Postgraduate,Sales,Sales Executive,2018-03-31,M201,Pune,Full-time
E102332,F,23,Graduate,Sales,Account Manager,2018-01-12,M269,Delhi,Full-time
E102333,M,43,Graduate,Finance,Financial Analyst,2019-08-29,M314,Pune,Full-time
E102334,M,26,Graduate,Operations,Operations Analyst,2017-05-03,M215,Chennai,Full-time
E102335,F,39,Graduate,Finance,Accountant,2023-03-15,M345,Bangalore,Full-time
E102336,M,26,Graduate,Finance,Financial Analyst,2018-08-21,M331,Hyderabad,Full-time
E102337,F,24,Graduate,IT,QA Engineer,2022-08-01,M230,Delhi,Full-time
E102338,M,38,Graduate,Sales,Account Manager,2019-12-15,M229,Hyderabad,Full-time
E102339,M,32,Graduate,Operations,Operations Analyst,2018-09-10,M306,Mumbai,Full-time
E102340,F,44,Graduate,IT,QA Engineer,2019-02-23,M235,Pune,Full-time
E102341,M,35,Graduate,HR,HR Executive,2023-07-26,M209,Pune,Full-time
E102342,F,23,Graduate,Sales,Sales Executive,2022-08-06,M213,Chennai,Full-time
E102343,M,32,Postgraduate,Sales,Sales Executive,2023-09-01,M264,Delhi,Full-time
E102344,F,36,Graduate,HR,HR Executive,2023-02-04,M302,Bangalore,Full-time
E102345,M,41,Graduate,Sales,Account Manager,2023-11-17,M241,Hyderabad,Full-time
E102346,F,31,Postgraduate,Sales,Account Manager,2018-06-11,M333,Bangalore,Full-time
E102347,M,41,Graduate,Finance,Accountant,2018-08-19,M303,Chennai,Full-time
E102348,M,41,Graduate,HR,HR Business Partner,2020-03-15,M283,Hyderabad,Full-time
E102349,M,36,Postgraduate,Operations,Operations Analyst,2021-09-10,M241,Mumbai,Full-time
E102350,M,27,Graduate,Sales,Account Manager,2017-05-08,M300,Chennai,Full-time
E102351,F,39,Graduate,HR,HR Business Partner,2019-10-22,M314,Chennai,Full-time
E102352,F,26,Graduate,HR,HR Executive,2021-05-14,M207,Chennai,Full-time
E102353,M,31,Graduate,IT,Software Engineer,2020-10-15,M222,Mumbai,Contract
E102354,F,26,Graduate,Finance,Financial Analyst,2019-10-27,M305,Bangalore,Full-time
E102355,M,39,Graduate,IT,Software Engineer,2019-04-17,M272,Delhi,Full-time
E102356,M,35,Graduate,Sales,Sales Executive,2020-10-29,M236,Delhi,Full-time
E102357,M,37,Postgraduate,IT,Software Engineer,2020-11-14,M280,Mumbai,Full-time
E102358,M,38,Postgraduate,Operations,Operations Analyst,2017-08-10,M259,Mumbai,Full-time
E102359,M,22,Postgraduate,IT,Data Analyst,2017-10-20,M331,Chennai,Full-time
E102360,F,37,Graduate,HR,HR Executive,2017-07-08,M318,Chennai,Full-time
E102361,M,38,Graduate,IT,Data Analyst,2017-07-13,M307,Hyderabad,Full-time
E102362,F,35,Graduate,IT,QA Engineer,2018-04-05,M259,Pune,Full-time
E102363,F,41,Postgraduate,IT,Data Analyst,2018-10-19,M325,Hyderabad,Full-time
E102364,F,24,Postgraduate,Sales,Account Manager,2018-11-13,M275,Hyderabad,Full-time
E102365,M,30,Graduate,Operations,Operations Analyst,2018-04-28,M346,Mumbai,Full-time
E102366,F,39,Graduate,Operations,Process Manager,2019-03-25,M217,Delhi,Contract
E102367,M,23,Graduate,IT,Data Analyst,2023-10-23,M307,Mumbai,Full-time
E102368,F,32,Graduate,HR,HR Executive,2018-03-23,M335,Pune,Full-time
E102369,M,39,Graduate,Sales,Account Manager,2017-01-24,M286,Hyderabad,Full-time
E102370,M,44,Graduate,Finance,Financial Analyst,2020-12-17,M318,Hyderabad,Contract
E102371,M,31,Graduate,IT,Software Engineer,2023-10-29,M320,Mumbai,Full-time
E102372,F,28,Graduate,Finance,Accountant,2018-12-25,M218,Chennai,Full-time
E102373,M,37,Graduate,Operations,Process Manager,2018-01-29,M234,Delhi,Full-time
E102374,M,36,Graduate,Operations,Process Manager,2023-07-25,M342,Delhi,Full-time
E102375,M,25,Graduate,HR,HR Executive,2022-02-08,M232,Bangalore,Full-time
E102376,M,25,Graduate,Finance,Accountant,2023-05-09,M301,Bangalore,Full-time
E102377,M,39,Postgraduate,Sales,Sales Executive,2021-09-05,M309,Bangalore,Full-time
E102378,F,29,Graduate,HR,HR Business Partner,2021-08-06,M245,Mumbai,Full-time
E102379,M,39,Postgraduate,Operations,Process Manager,2021-04-15,M340,Pune,Contract
E102380,M,41,Postgraduate,HR,HR Business Partner,2021-05-01,M259,Hyderabad,Full-time
E102381,F,25,Postgraduate,Sales,Account Manager,2023-11-22,M259,Bangalore,Full-time
E102382,M,22,Postgraduate,Finance,Financial Analyst,2019-01-14,M214,Bangalore,Full-time
E102383,M,41,Postgraduate,Finance,Financial Analyst,2023-01-17,M324,Bangalore,Contract
E102384,F,27,Graduate,Operations,Operations Analyst,2018-08-06,M241,Mumbai,Full-time
E102385,F,40,Graduate,HR,HR Executive,2021-08-31,M256,Hyderabad,Full-time
E102386,M,36,Graduate,Sales,Account Manager,2023-10-20,M202,Bangalore,Full-time
E102387,M,22,Graduate,Sales,Account Manager,2017-05-12,M339,Hyderabad,Full-time
E102388,F,36,Graduate,HR,HR Business Partner,2017-06-01,M298,Hyderabad,Full-time
E102389,F,28,Graduate,Operations,Operations Analyst,2022-01-11,M311,Mumbai,Full-time
E102390,M,28,Postgraduate,Finance,Financial Analyst,2022-07-03,M267,Mumbai,Full-time
E102391,F,39,Postgraduate,HR,HR Executive,2017-01-25,M275,Bangalore,Full-time
E102392,F,29,Postgraduate,Finance,Financial Analyst,2022-04-17,M288,Mumbai,Full-time
E102393,F,37,Postgraduate,Sales,Sales Executive,2018-08-26,M276,Hyderabad,Contract
E102394,M,33,Postgraduate,Operations,Operations Analyst,2017-02-08,M254,Delhi,Full-time
E102395,M,26,Graduate,Operations,Process Manager,2018-08-28,M343,Hyderabad,Full-time
E102396,M,39,Graduate,HR,HR Business Partner,2020-03-07,M236,Pune,Full-time
E102397,M,37,Graduate,Operations,Operations Analyst,2022-09-23,M284,Bangalore,Full-time
E102398,M,25,Graduate,HR,HR Executive,2022-04-18,M281,Hyderabad,Full-time
E102399,F,42,Graduate,IT,Software Engineer,2019-04-30,M347,Bangalore,Full-time
E102400,M,42,Postgraduate,IT,QA Engineer,2020-12-30,M330,Hyderabad,Full-time
E102401,M,34,Postgraduate,Operations,Operations Analyst,2018-11-29,M310,Hyderabad,Contract
E102402,F,29,Postgraduate,Finance,Accountant,2019-06-03,M279,Bangalore,Full-time
E102403,F,27,Postgraduate,Finance,Accountant,2020-03-23,M211,Hyderabad,Full-time
E102404,F,29,Graduate,HR,HR Business Partner,2020-03-04,M325,Mumbai,Contract
E102405,F,24,Graduate,HR,HR Executive,2018-10-09,M315,Delhi,Full-time
E102406,M,23,Postgraduate,Operations,Operations Analyst,2019-11-01,M259,Hyderabad,Full-time
E102407,F,27,Graduate,Operations,Operations Analyst,2017-07-08,M274,Mumbai,Full-time
E102408,M,36,Graduate,Operations,Operations Analyst,2021-08-24,M323,Chennai,Full-time
E102409,M,39,Postgraduate,Finance,Accountant,2022-05-26,M280,Bangalore,Full-time
E102410,M,26,Graduate,Finance,Financial Analyst,2023-10-16,M334,Mumbai,Full-time
E102411,F,37,Postgraduate,IT,QA Engineer,2023-09-20,M212,Pune,Full-time
E102412,F,35,Postgraduate,HR,HR Business Partner,2020-11-12,M236,Bangalore,Full-time
E102413,F,44,Postgraduate,HR,HR Executive,2021-11-15,M205,Bangalore,Full-time
E102414,M,22,Graduate,Operations,Operations Analyst,2022-09-04,M234,Hyderabad,Full-time
E102415,M,36,Graduate,Finance,Accountant,2021-05-31,M292,Chennai,Contract
E102416,M,24,Graduate,Operations,Process Manager,2019-04-02,M247,Hyderabad,Contract
E102417,M,31,Postgraduate,HR,HR Business Partner,2018-10-01,M257,Chennai,Full-time
E102418,F,38,Graduate,IT,Data Analyst,2021-12-09,M204,Pune,Full-time
E102419,F,30,Postgraduate,Operations,Operations Analyst,2023-06-08,M212,Delhi,Full-time
E102420,M,25,Graduate,HR,HR Executive,2022-11-15,M233,Delhi,Full-time
E102421,M,35,Graduate,Sales,Account Manager,2018-07-06,M279,Bangalore,Full-time
E102422,M,23,Postgraduate,Operations,Process Manager,2023-05-22,M202,Mumbai,Full-time
E102423,F,38,Postgraduate,Sales,Account Manager,2017-09-17,M285,Hyderabad,Contract
E102424,M,36,Graduate,IT,Data Analyst,2022-09-01,M282,Pune,Full-time
E102425,M,26,Postgraduate,Operations,Operations Analyst,2020-01-14,M206,Bangalore,Full-time
E102426,M,31,Graduate,HR,HR Business Partner,2019-04-18,M219,Mumbai,Full-time
E102427,M,27,Postgraduate,IT,QA Engineer,2023-04-17,M338,Hyderabad,Full-time
E102428,F,28,Postgraduate,IT,QA Engineer,2021-08-19,M246,Hyderabad,Contract
E102429,M,31,Graduate,Operations,Process Manager,2017-02-11,M293,Pune,Full-time
E102430,M,26,Graduate,Operations,Operations Analyst,2019-02-28,M270,Mumbai,Full-time
E102431,M,30,Graduate,Operations,Process Manager,2020-03-17,M338,Delhi,Contract
E102432,F,40,Graduate,IT,QA Engineer,2019-03-04,M280,Hyderabad,Full-time
E102433,F,23,Graduate,IT,Software Engineer,2018-10-12,M271,Pune,Full-time
E102434,F,26,Graduate,IT,QA Engineer,2020-01-13,M344,Mumbai,Full-time
E102435,M,23,Postgraduate,Sales,Account Manager,2019-11-03,M308,Bangalore,Full-time
E102436,F,42,Graduate,Finance,Accountant,2017-02-26,M323,Mumbai,Full-time
E102437,M,43,Graduate,HR,HR Executive,2022-06-07,M289,Delhi,Full-time
E102438,M,36,Graduate,Operations,Process Manager,2020-03-24,M302,Pune,Full-time
E102439,M,39,Graduate,IT,Software Engineer,2022-09-14,M346,Mumbai,Full-time
E102440,M,32,Graduate,Sales,Account Manager,2018-10-27,M232,Pune,Full-time
E102441,F,23,Postgraduate,IT,QA Engineer,2021-03-27,M224,Mumbai,Full-time
E102442,M,40,Postgraduate,HR,HR Business Partner,2021-04-06,M232,Hyderabad,Full-time
E102443,M,32,Postgraduate,IT,Data Analyst,2019-12-23,M266,Mumbai,Full-time
E102444,M,28,Postgraduate,Finance,Accountant,2018-09-17,M210,Delhi,Full-time
E102445,M,26,Postgraduate,HR,HR Executive,2020-01-12,M218,Delhi,Full-time
E102446,F,35,Graduate,HR,HR Business Partner,2018-03-30,M240,Hyderabad,Full-time
E102447,M,28,Postgraduate,Finance,Accountant,2022-09-01,M309,Hyderabad,Full-time
E102448,F,29,Graduate,HR,HR Business Partner,2018-01-19,M278,Delhi,Full-time
E102449,M,37,Postgraduate,Operations,Operations Analyst,2017-01-10,M326,Delhi,Full-time
E102450,M,25,Postgraduate,Sales,Sales Executive,2023-09-08,M239,Chennai,Full-time
E102451,F,25,Postgraduate,Operations,Process Manager,2021-10-15,M221,Delhi,Contract
E102452,F,22,Postgraduate,IT,QA Engineer,2019-11-30,M226,Mumbai,Full-time
E102453,F,41,Graduate,HR,HR Executive,2017-11-15,M296,Delhi,Full-time
E102454,M,33,Graduate,Operations,Process Manager,2022-11-03,M311,Bangalore,Full-time
E102455,M,29,Graduate,Operations,Process Manager,2020-09-30,M310,Delhi,Full-time
E102456,M,29,Postgraduate,Finance,Accountant,2021-12-17,M286,Hyderabad,Full-time
E102457,F,39,Graduate,Sales,Sales Executive,2018-12-24,M226,Chennai,Full-time
E102458,M,43,Graduate,Sales,Account Manager,2020-02-03,M217,Chennai,Full-time
E102459,M,39,Graduate,Finance,Financial Analyst,2023-04-20,M232,Pune,Full-time
E102460,F,39,Graduate,IT,QA Engineer,2023-07-04,M303,Chennai,Contract
E102461,M,26,Graduate,HR,HR Business Partner,2023-09-06,M228,Bangalore,Full-time
E102462,F,37,Graduate,Finance,Accountant,2019-08-16,M268,Chennai,Full-time
E102463,M,24,Graduate,Operations,Process Manager,2022-04-04,M307,Chennai,Full-time
E102464,M,35,Postgraduate,Operations,Operations Analyst,2020-04-12,M296,Delhi,Contract
E102465,M,29,Graduate,Operations,Process Manager,2017-10-18,M310,Delhi,Full-time
E102466,M,37,Postgraduate,Finance,Accountant,2019-01-16,M237,Bangalore,Contract
E102467,M,22,Graduate,Sales,Account Manager,2022-07-04,M339,Delhi,Full-time
E102468,F,22,Postgraduate,Operations,Operations Analyst,2017-11-12,M303,Pune,Full-time
E102469,F,40,Graduate,IT,QA Engineer,2021-05-06,M227,Delhi,Full-time
E102470,M,30,Graduate,Operations,Operations Analyst,2019-05-07,M283,Bangalore,Full-time
E102471,M,29,Postgraduate,IT,QA Engineer,2019-05-18,M276,Bangalore,Full-time
E102472,M,40,Postgraduate,Finance,Financial Analyst,2019-05-20,M307,Mumbai,Full-time
E102473,F,44,Graduate,Sales,Sales Executive,2018-02-17,M263,Chennai,Contract
E102474,M,25,Graduate,Finance,Financial Analyst,2023-03-23,M340,Hyderabad,Full-time
E102475,M,43,Postgraduate,Operations,Operations Analyst,2022-09-10,M249,Hyderabad,Full-time
E102476,M,25,Postgraduate,Finance,Financial Analyst,2022-10-08,M338,Pune,Full-time
E102477,M,30,Postgraduate,HR,HR Business Partner,2022-06-04,M289,Mumbai,Full-time
E102478,M,34,Postgraduate,IT,QA Engineer,2023-03-19,M263,Delhi,Contract
E102479,M,27,Graduate,HR,HR Business Partner,2018-08-01,M266,Pune,Full-time
E102480,M,35,Postgraduate,Sales,Sales Executive,2018-07-01,M209,Hyderabad,Full-time
E102481,M,22,Graduate,Operations,Process Manager,2021-03-11,M276,Pune,Contract
E102482,F,42,Graduate,Sales,Account Manager,2017-09-11,M294,Mumbai,Contract
E102483,M,40,Graduate,HR,HR Executive,2020-05-07,M349,Delhi,Full-time
E102484,M,31,Postgraduate,HR,HR Executive,2019-07-10,M267,Hyderabad,Full-time
E102485,F,22,Graduate,IT,QA Engineer,2019-09-15,M275,Pune,Full-time
E102486,M,36,Graduate,Sales,Sales Executive,2020-12-23,M243,Hyderabad,Full-time
E102487,M,24,Graduate,IT,Software Engineer,2021-07-11,M344,Pune,Contract
E102488,M,23,Graduate,Sales,Account Manager,2019-11-29,M244,Bangalore,Full-time
E102489,M,34,Postgraduate,Sales,Account Manager,2018-09-09,M307,Chennai,Full-time
E102490,M,28,Postgraduate,Sales,Account Manager,2017-01-26,M269,Pune,Full-time
E102491,M,34,Graduate,Sales,Sales Executive,2022-10-12,M239,Mumbai,Full-time
E102492,M,34,Graduate,IT,Software Engineer,2019-05-27,M224,Hyderabad,Full-time
E102493,M,33,Graduate,IT,Data Analyst,2019-07-27,M289,Hyderabad,Full-time
E102494,M,43,Postgraduate,Sales,Sales Executive,2020-06-21,M321,Mumbai,Full-time
E102495,F,43,Graduate,Finance,Financial Analyst,2023-02-05,M348,Delhi,Full-time
E102496,M,41,Postgraduate,Finance,Accountant,2021-01-30,M297,Chennai,Full-time
E102497,F,33,Postgraduate,Finance,Financial Analyst,2018-04-24,M223,Delhi,Full-time
E102498,M,37,Postgraduate,Operations,Process Manager,2017-06-20,M329,Delhi,Full-time
E102499,M,33,Postgraduate,IT,Software Engineer,2020-08-02,M237,Bangalore,Full-time
E102500,M,40,Graduate,Operations,Process Manager,2020-03-21,M344,Bangalore,Full-time
E102501,F,39,Graduate,Finance,Accountant,2023-09-18,M279,Bangalore,Full-time
E102502,M,29,Graduate,Finance,Accountant,2023-06-21,M297,Delhi,Contract
E102503,M,42,Graduate,Finance,Financial Analyst,2017-05-23,M291,Mumbai,Full-time
E102504,F,42,Graduate,Finance,Accountant,2018-01-17,M222,Pune,Contract
E102505,F,41,Graduate,HR,HR Business Partner,2019-09-15,M282,Mumbai,Full-time
E102506,M,23,Graduate,Operations,Process Manager,2022-08-14,M281,Pune,Full-time
E102507,M,27,Graduate,IT,Data Analyst,2017-09-20,M290,Chennai,Full-time
E102508,F,42,Postgraduate,Finance,Financial Analyst,2023-08-08,M341,Hyderabad,Full-time
E102509,F,35,Postgraduate,Operations,Operations Analyst,2022-09-24,M244,Hyderabad,Full-time
E102510,M,23,Postgraduate,HR,HR Executive,2020-06-19,M294,Pune,Full-time
E102511,M,38,Graduate,Operations,Operations Analyst,2020-11-17,M277,Chennai,Full-time
E102512,F,39,Postgraduate,Operations,Process Manager,2017-01-17,M323,Delhi,Full-time
E102513,M,22,Postgraduate,Operations,Process Manager,2017-10-11,M317,Delhi,Full-time
E102514,F,42,Graduate,IT,Software Engineer,2018-05-06,M266,Chennai,Full-time
E102515,M,24,Postgraduate,HR,HR Business Partner,2018-12-06,M275,Pune,Contract
E102516,F,23,Graduate,HR,HR Business Partner,2019-04-03,M248,Hyderabad,Full-time
E102517,M,29,Graduate,Operations,Operations Analyst,2022-04-10,M238,Pune,Contract
E102518,M,22,Graduate,Sales,Account Manager,2018-10-24,M261,Hyderabad,Contract
E102519,M,42,Graduate,Sales,Account Manager,2023-08-16,M247,Pune,Full-time
E102520,F,32,Graduate,Finance,Accountant,2022-11-22,M292,Chennai,Full-time
E102521,M,30,Graduate,Operations,Operations Analyst,2017-08-02,M276,Mumbai,Full-time
E102522,M,41,Postgraduate,Operations,Operations Analyst,2017-06-11,M313,Delhi,Full-time
E102523,M,24,Graduate,Finance,Accountant,2018-10-13,M343,Mumbai,Full-time
E102524,M,33,Postgraduate,Sales,Sales Executive,2020-09-17,M213,Chennai,Full-time
E102525,M,38,Graduate,Operations,Process Manager,2019-08-25,M314,Pune,Full-time
E102526,F,25,Postgraduate,Operations,Process Manager,2023-06-15,M305,Chennai,Full-time
E102527,M,28,Graduate,Finance,Financial Analyst,2021-09-08,M275,Pune,Full-time
E102528,F,40,Graduate,HR,HR Executive,2023-01-15,M235,Hyderabad,Full-time
E102529,M,39,Postgraduate,HR,HR Business Partner,2023-12-11,M260,Pune,Full-time
E102530,M,24,Postgraduate,IT,QA Engineer,2021-05-19,M214,Mumbai,Full-time
E102531,M,40,Postgraduate,Finance,Accountant,2023-04-04,M266,Chennai,Full-time
E102532,M,38,Graduate,HR,HR Business Partner,2022-08-21,M280,Chennai,Contract
E102533,F,33,Postgraduate,Sales,Account Manager,2020-12-31,M325,Bangalore,Full-time
E102534,M,28,Postgraduate,Sales,Sales Executive,2021-06-10,M264,Chennai,Contract
E102535,F,25,Graduate,Operations,Operations Analyst,2021-03-11,M264,Pune,Full-time
E102536,M,22,Graduate,Finance,Financial Analyst,2019-11-12,M299,Delhi,Full-time
E102537,M,43,Postgraduate,Sales,Account Manager,2020-09-06,M274,Delhi,Full-time
E102538,F,40,Postgraduate,IT,QA Engineer,2017-07-01,M220,Mumbai,Full-time
E102539,M,35,Graduate,Sales,Account Manager,2018-09-05,M303,Chennai,Full-time
E102540,M,38,Graduate,Operations,Process Manager,2021-12-16,M332,Bangalore,Full-time
E102541,F,39,Graduate,IT,QA Engineer,2023-02-16,M248,Chennai,Full-time
E102542,F,26,Graduate,Sales,Account Manager,2022-06-23,M297,Delhi,Full-time
E102543,F,24,Graduate,Finance,Financial Analyst,2023-12-28,M202,Bangalore,Full-time
E102544,M,41,Graduate,Finance,Financial Analyst,2023-12-21,M237,Delhi,Full-time
E102545,F,34,Graduate,Operations,Operations Analyst,2022-09-20,M313,Chennai,Full-time
E102546,F,38,Postgraduate,Operations,Operations Analyst,2022-02-24,M258,Bangalore,Full-time
E102547,F,34,Postgraduate,Operations,Process Manager,2017-03-09,M271,Mumbai,Full-time
E102548,M,30,Graduate,HR,HR Executive,2020-07-24,M309,Pune,Full-time
E102549,M,33,Postgraduate,IT,QA Engineer,2021-08-07,M344,Delhi,Contract
E102550,M,39,Postgraduate,HR,HR Business Partner,2018-10-10,M201,Delhi,Contract
E102551,M,44,Postgraduate,Sales,Account Manager,2020-11-22,M338,Chennai,Full-time
E102552,M,26,Graduate,Operations,Process Manager,2020-11-10,M267,Chennai,Full-time
E102553,M,30,Graduate,IT,QA Engineer,2023-10-30,M328,Bangalore,Full-time
E102554,F,35,Postgraduate,Sales,Account Manager,2018-10-16,M225,Bangalore,Contract
E102555,M,35,Graduate,IT,Software Engineer,2019-12-28,M224,Mumbai,Full-time
E102556,M,31,Graduate,IT,Software Engineer,2022-05-20,M338,Chennai,Contract
E102557,M,40,Graduate,Operations,Operations Analyst,2019-01-15,M284,Delhi,Full-time
E102558,M,25,Graduate,Sales,Sales Executive,2022-09-12,M338,Chennai,Full-time
E102559,F,34,Graduate,Sales,Account Manager,2022-09-13,M339,Chennai,Full-time
E102560,F,38,Graduate,IT,Data Analyst,2020-05-04,M301,Hyderabad,Full-time
E102561,M,30,Graduate,Finance,Financial Analyst,2021-02-16,M215,Hyderabad,Full-time
E102562,M,44,Graduate,HR,HR Executive,2019-11-22,M217,Hyderabad,Full-time
E102563,M,43,Graduate,HR,HR Executive,2022-07-23,M273,Hyderabad,Full-time
E102564,M,35,Postgraduate,IT,Data Analyst,2020-10-30,M227,Hyderabad,Full-time
E102565,F,22,Graduate,Finance,Financial Analyst,2018-09-29,M256,Delhi,Full-time
E102566,M,32,Graduate,Operations,Operations Analyst,2023-12-25,M289,Pune,Full-time
E102567,M,40,Graduate,Operations,Operations Analyst,2018-10-10,M307,Pune,Full-time
E102568,M,30,Graduate,Operations,Operations Analyst,2018-11-21,M215,Delhi,Full-time
E102569,F,40,Graduate,IT,QA Engineer,2021-11-01,M202,Chennai,Full-time
E102570,F,40,Graduate,Finance,Accountant,2021-05-04,M302,Delhi,Full-time
E102571,M,43,Graduate,HR,HR Business Partner,2020-05-08,M232,Hyderabad,Full-time
E102572,F,42,Graduate,Operations,Operations Analyst,2018-04-04,M278,Mumbai,Full-time
E102573,F,29,Graduate,Sales,Account Manager,2020-01-13,M310,Pune,Full-time
E102574,M,32,Postgraduate,Sales,Account Manager,2018-05-01,M201,Pune,Full-time
E102575,M,44,Graduate,Finance,Financial Analyst,2021-06-11,M246,Mumbai,Full-time
E102576,M,33,Graduate,Operations,Operations Analyst,2020-08-10,M239,Pune,Full-time
E102577,M,24,Graduate,IT,Data Analyst,2019-07-20,M271,Delhi,Full-time
E102578,F,31,Graduate,Sales,Sales Executive,2021-09-20,M341,Mumbai,Contract
E102579,M,39,Graduate,HR,HR Executive,2019-11-19,M311,Mumbai,Contract
E102580,F,40,Graduate,Finance,Accountant,2017-02-11,M219,Mumbai,Full-time
E102581,M,25,Graduate,Finance,Accountant,2020-12-25,M203,Mumbai,Full-time
E102582,F,40,Graduate,Finance,Financial Analyst,2019-12-02,M243,Mumbai,Contract
E102583,M,39,Postgraduate,Finance,Financial Analyst,2017-01-30,M251,Bangalore,Full-time
E102584,M,33,Graduate,IT,QA Engineer,2022-05-16,M214,Mumbai,Full-time
E102585,M,25,Graduate,Finance,Accountant,2017-10-17,M279,Hyderabad,Full-time
E102586,M,28,Postgraduate,Sales,Account Manager,2022-06-08,M275,Bangalore,Full-time
E102587,M,39,Graduate,Sales,Account Manager,2022-12-03,M260,Mumbai,Full-time
E102588,M,22,Graduate,HR,HR Business Partner,2023-11-05,M248,Hyderabad,Full-time
E102589,M,29,Graduate,Operations,Operations Analyst,2022-05-26,M246,Delhi,Full-time
E102590,M,41,Graduate,Finance,Accountant,2019-02-19,M309,Hyderabad,Full-time
E102591,F,28,Graduate,Finance,Financial Analyst,2019-03-15,M303,Pune,Full-time
E102592,F,31,Graduate,HR,HR Executive,2019-04-30,M301,Chennai,Full-time
E102593,F,26,Postgraduate,HR,HR Executive,2023-03-07,M267,Hyderabad,Full-time
E102594,F,39,Graduate,HR,HR Executive,2017-05-08,M336,Pune,Full-time
E102595,F,27,Graduate,Operations,Process Manager,2022-10-07,M280,Delhi,Full-time
E102596,M,31,Postgraduate,Finance,Accountant,2017-07-02,M210,Delhi,Contract
E102597,M,32,Postgraduate,HR,HR Executive,2021-01-10,M258,Mumbai,Full-time
E102598,M,32,Graduate,HR,HR Business Partner,2023-05-24,M261,Pune,Full-time
E102599,M,39,Graduate,Sales,Sales Executive,2023-05-17,M235,Hyderabad,Full-time
E102600,F,26,Graduate,Finance,Accountant,2023-04-20,M259,Mumbai,Full-time
E102601,M,35,Postgraduate,Sales,Sales Executive,2022-10-07,M316,Chennai,Full-time
E102602,M,29,Graduate,Operations,Operations Analyst,2019-06-20,M222,Pune,Full-time
E102603,M,31,Graduate,Operations,Operations Analyst,2023-09-20,M298,Mumbai,Full-time
E102604,F,42,Postgraduate,Finance,Financial Analyst,2017-04-21,M205,Delhi,Full-time
E102605,M,36,Postgraduate,Operations,Process Manager,2022-09-14,M228,Chennai,Full-time
E102606,M,37,Graduate,Sales,Account Manager,2021-05-11,M242,Bangalore,Contract
E102607,F,25,Graduate,HR,HR Business Partner,2023-11-17,M282,Bangalore,Full-time
E102608,F,38,Graduate,HR,HR Business Partner,2021-12-28,M201,Delhi,Full-time
E102609,F,41,Graduate,Finance,Financial Analyst,2019-05-21,M245,Pune,Full-time
E102610,M,28,Postgraduate,IT,Data Analyst,2020-09-29,M277,Hyderabad,Full-time
E102611,M,30,Postgraduate,Finance,Financial Analyst,2023-11-30,M293,Bangalore,Full-time
E102612,F,44,Graduate,Operations,Process Manager,2020-11-23,M330,Chennai,Full-time
E102613,M,25,Graduate,IT,Software Engineer,2019-09-11,M280,Chennai,Full-time
E102614,M,43,Graduate,Sales,Account Manager,2023-08-13,M279,Chennai,Contract
E102615,M,32,Postgraduate,Operations,Operations Analyst,2020-06-17,M226,Bangalore,Full-time
E102616,F,36,Postgraduate,Finance,Financial Analyst,2023-06-09,M221,Mumbai,Contract
E102617,M,42,Graduate,HR,HR Executive,2019-12-07,M344,Pune,Contract
E102618,F,29,Graduate,IT,Software Engineer,2021-01-25,M270,Bangalore,Full-time
E102619,F,35,Graduate,Finance,Accountant,2022-07-22,M213,Mumbai,Full-time
E102620,M,26,Graduate,IT,QA Engineer,2022-04-30,M305,Pune,Full-time
E102621,M,23,Graduate,HR,HR Business Partner,2021-01-14,M276,Hyderabad,Contract
E102622,M,29,Graduate,IT,Software Engineer,2019-03-26,M315,Chennai,Full-time
E102623,M,29,Graduate,IT,QA Engineer,2022-07-15,M230,Pune,Full-time
E102624,M,23,Graduate,Operations,Operations Analyst,2018-04-27,M204,Pune,Contract
E102625,F,39,Postgraduate,Operations,Operations Analyst,2017-12-07,M236,Chennai,Full-time
E102626,F,42,Postgraduate,HR,HR Executive,2023-11-01,M331,Hyderabad,Full-time
E102627,M,34,Postgraduate,Sales,Sales Executive,2018-11-03,M266,Delhi,Full-time
E102628,M,39,Postgraduate,IT,QA Engineer,2021-07-01,M300,Mumbai,Full-time
E102629,F,30,Postgraduate,Finance,Accountant,2017-03-05,M249,Bangalore,Full-time
E102630,F,38,Graduate,IT,Software Engineer,2017-12-28,M230,Delhi,Full-time
E102631,M,34,Graduate,HR,HR Business Partner,2019-11-17,M248,Pune,Full-time
E102632,M,43,Graduate,IT,QA Engineer,2020-11-03,M324,Mumbai,Full-time
E102633,M,32,Postgraduate,Operations,Operations Analyst,2017-07-15,M208,Delhi,Contract
E102634,M,35,Postgraduate,IT,Data Analyst,2022-06-03,M346,Bangalore,Full-time
E102635,F,34,Postgraduate,HR,HR Business Partner,2022-01-01,M214,Pune,Full-time
E102636,F,44,Graduate,IT,QA Engineer,2018-01-24,M256,Chennai,Full-time
E102637,F,29,Postgraduate,Finance,Accountant,2020-04-13,M322,Hyderabad,Full-time
E102638,M,26,Postgraduate,HR,HR Executive,2022-04-07,M286,Bangalore,Contract
E102639,M,37,Graduate,Operations,Process Manager,2019-12-11,M238,Delhi,Contract
E102640,M,34,Graduate,IT,Software Engineer,2018-08-20,M286,Bangalore,Contract
E102641,M,26,Graduate,Sales,Account Manager,2023-08-01,M207,Hyderabad,Full-time
E102642,M,24,Postgraduate,HR,HR Executive,2023-11-12,M298,Hyderabad,Full-time
E102643,M,37,Postgraduate,Operations,Operations Analyst,2022-02-27,M224,Hyderabad,Full-time
E102644,M,24,Postgraduate,Finance,Financial Analyst,2021-10-20,M210,Pune,Full-time
E102645,M,28,Graduate,HR,HR Business Partner,2022-10-14,M239,Chennai,Full-time
E102646,F,25,Graduate,Finance,Accountant,2021-10-19,M216,Mumbai,Contract
E102647,F,41,Postgraduate,HR,HR Executive,2018-05-04,M342,Mumbai,Full-time
E102648,M,38,Postgraduate,Finance,Financial Analyst,2021-06-01,M226,Delhi,Full-time
E102649,M,24,Graduate,HR,HR Executive,2017-03-04,M336,Chennai,Full-time
E102650,F,29,Graduate,Operations,Operations Analyst,2018-01-29,M282,Pune,Full-time
E102651,M,31,Graduate,HR,HR Executive,2020-11-02,M210,Hyderabad,Full-time
E102652,M,27,Graduate,Operations,Process Manager,2020-07-16,M242,Delhi,Full-time
E102653,M,26,Graduate,IT,Data Analyst,2021-04-24,M250,Hyderabad,Full-time
E102654,F,26,Graduate,HR,HR Executive,2017-06-19,M203,Bangalore,Full-time
E102655,M,31,Graduate,Finance,Accountant,2019-03-06,M304,Delhi,Contract
E102656,M,29,Graduate,Operations,Operations Analyst,2022-05-12,M287,Delhi,Full-time
E102657,M,35,Graduate,Operations,Process Manager,2018-02-22,M262,Bangalore,Full-time
E102658,M,32,Graduate,IT,Data Analyst,2023-02-20,M230,Delhi,Full-time
E102659,F,25,Postgraduate,Operations,Operations Analyst,2019-02-08,M266,Pune,Full-time
E102660,F,38,Graduate,HR,HR Business Partner,2020-08-26,M257,Delhi,Full-time
E102661,F,27,Graduate,Finance,Financial Analyst,2018-10-22,M338,Pune,Full-time
E102662,F,42,Postgraduate,Sales,Account Manager,2023-08-25,M334,Chennai,Full-time
E102663,M,32,Graduate,Sales,Sales Executive,2022-09-06,M321,Chennai,Contract
E102664,M,23,Graduate,Sales,Account Manager,2018-06-09,M218,Chennai,Contract
E102665,M,38,Postgraduate,Finance,Accountant,2022-03-23,M234,Hyderabad,Full-time
E102666,M,24,Postgraduate,Finance,Accountant,2019-09-09,M260,Delhi,Full-time
E102667,M,41,Postgraduate,Operations,Operations Analyst,2022-09-05,M205,Bangalore,Full-time
E102668,M,36,Graduate,HR,HR Executive,2017-04-28,M336,Mumbai,Full-time
E102669,F,22,Postgraduate,HR,HR Business Partner,2023-09-28,M215,Bangalore,Full-time
E102670,M,24,Postgraduate,HR,HR Business Partner,2022-06-29,M235,Mumbai,Contract
E102671,M,35,Graduate,IT,Data Analyst,2019-08-23,M211,Pune,Full-time
E102672,M,28,Graduate,HR,HR Business Partner,2019-12-16,M235,Hyderabad,Full-time
E102673,M,32,Graduate,Finance,Accountant,2020-05-05,M299,Mumbai,Full-time
E102674,F,44,Postgraduate,Operations,Process Manager,2017-05-05,M313,Mumbai,Full-time
E102675,M,31,Graduate,Sales,Account Manager,2022-05-21,M327,Chennai,Full-time
E102676,M,30,Graduate,Sales,Sales Executive,2018-06-13,M234,Mumbai,Full-time
E102677,M,34,Graduate,Finance,Financial Analyst,2021-05-28,M227,Mumbai,Full-time
E102678,M,37,Postgraduate,Finance,Accountant,2022-11-05,M232,Mumbai,Contract
E102679,F,35,Graduate,IT,Data Analyst,2020-07-08,M251,Delhi,Full-time
E102680,F,32,Graduate,Operations,Operations Analyst,2019-10-14,M327,Chennai,Full-time
E102681,M,28,Postgraduate,HR,HR Executive,2017-03-07,M286,Chennai,Contract
E102682,M,32,Graduate,HR,HR Business Partner,2020-05-23,M248,Bangalore,Full-time
E102683,M,37,Graduate,Sales,Sales Executive,2021-11-15,M230,Delhi,Full-time
E102684,M,40,Graduate,Finance,Financial Analyst,2023-10-06,M324,Pune,Full-time
E102685,M,37,Graduate,Sales,Sales Executive,2018-11-08,M232,Chennai,Full-time
E102686,M,26,Graduate,IT,Software Engineer,2019-06-24,M268,Mumbai,Contract
E102687,M,43,Graduate,Operations,Process Manager,2023-03-09,M205,Mumbai,Full-time
E102688,F,27,Postgraduate,Finance,Financial Analyst,2018-02-21,M338,Hyderabad,Full-time
E102689,F,30,Postgraduate,Finance,Financial Analyst,2019-02-14,M338,Mumbai,Full-time
E102690,F,24,Graduate,Sales,Sales Executive,2023-04-30,M244,Bangalore,Full-time
E102691,M,39,Graduate,Finance,Accountant,2020-09-20,M282,Mumbai,Full-time
E102692,M,28,Graduate,HR,HR Business Partner,2019-02-04,M325,Bangalore,Full-time
E102693,F,41,Graduate,Operations,Process Manager,2019-02-19,M227,Chennai,Contract
E102694,F,22,Graduate,Operations,Operations Analyst,2023-10-10,M306,Hyderabad,Full-time
E102695,M,38,Graduate,Operations,Operations Analyst,2023-08-13,M255,Hyderabad,Full-time
E102696,F,24,Graduate,HR,HR Executive,2023-07-07,M288,Chennai,Full-time
E102697,F,24,Graduate,IT,Data Analyst,2017-12-29,M213,Pune,Full-time
E102698,F,33,Graduate,Operations,Process Manager,2019-12-04,M261,Mumbai,Full-time
E102699,M,39,Postgraduate,Sales,Account Manager,2017-11-17,M235,Hyderabad,Full-time
E102700,M,43,Graduate,Operations,Process Manager,2022-11-01,M218,Bangalore,Full-time
E102701,M,32,Graduate,IT,Software Engineer,2022-05-10,M263,Bangalore,Full-time
E102702,M,41,Postgraduate,Sales,Sales Executive,2022-02-28,M279,Mumbai,Contract
E102703,M,39,Graduate,Sales,Sales Executive,2018-12-28,M205,Pune,Contract
E102704,M,37,Graduate,HR,HR Executive,2019-03-25,M219,Chennai,Contract
E102705,M,25,Graduate,Finance,Accountant,2020-11-01,M348,Delhi,Full-time
E102706,M,38,Postgraduate,Sales,Sales Executive,2018-04-26,M312,Delhi,Full-time
E102707,M,34,Postgraduate,Operations,Process Manager,2018-06-07,M262,Chennai,Contract
E102708,M,28,Graduate,Operations,Process Manager,2020-01-12,M332,Delhi,Full-time
E102709,F,29,Postgraduate,Sales,Account Manager,2017-08-30,M248,Pune,Contract
E102710,M,33,Graduate,HR,HR Executive,2022-01-27,M304,Delhi,Full-time
E102711,F,35,Graduate,Finance,Accountant,2017-05-08,M258,Chennai,Full-time
E102712,F,40,Postgraduate,Finance,Accountant,2017-05-21,M348,Bangalore,Contract
E102713,M,27,Postgraduate,Sales,Sales Executive,2018-01-01,M201,Delhi,Full-time
E102714,F,40,Postgraduate,Sales,Account Manager,2023-01-02,M296,Hyderabad,Full-time
E102715,F,44,Postgraduate,Sales,Sales Executive,2018-03-16,M333,Hyderabad,Full-time
E102716,F,38,Postgraduate,IT,Software Engineer,2020-01-16,M282,Chennai,Full-time
E102717,F,27,Postgraduate,IT,Data Analyst,2017-06-17,M240,Bangalore,Full-time
E102718,M,43,Graduate,HR,HR Business Partner,2022-10-11,M255,Bangalore,Full-time
E102719,M,36,Postgraduate,HR,HR Business Partner,2020-12-24,M221,Bangalore,Full-time
E102720,F,38,Postgraduate,Finance,Financial Analyst,2021-10-01,M230,Pune,Full-time
E102721,M,37,Graduate,Finance,Accountant,2018-08-07,M345,Delhi,Contract
E102722,M,32,Graduate,Operations,Process Manager,2023-09-14,M265,Chennai,Full-time
E102723,M,44,Graduate,Sales,Account Manager,2018-01-22,M299,Mumbai,Full-time
E102724,M,42,Postgraduate,IT,Data Analyst,2023-12-17,M269,Hyderabad,Full-time
E102725,M,25,Postgraduate,Operations,Operations Analyst,2017-01-10,M203,Delhi,Full-time
E102726,M,22,Graduate,Sales,Sales Executive,2023-10-26,M217,Chennai,Full-time
E102727,M,41,Graduate,HR,HR Business Partner,2019-03-05,M325,Bangalore,Full-time
E102728,M,29,Graduate,IT,Data Analyst,2020-07-30,M229,Chennai,Full-time
E102729,M,29,Graduate,Finance,Financial Analyst,2021-01-03,M283,Bangalore,Contract
E102730,M,36,Graduate,Finance,Accountant,2022-12-31,M254,Delhi,Contract
E102731,F,31,Graduate,Sales,Sales Executive,2022-10-22,M256,Chennai,Full-time
E102732,M,26,Postgraduate,Operations,Operations Analyst,2022-11-05,M328,Chennai,Full-time
E102733,M,31,Graduate,Sales,Account Manager,2018-04-07,M308,Bangalore,Full-time
E102734,F,33,Graduate,Sales,Sales Executive,2021-10-13,M338,Chennai,Full-time
E102735,F,27,Postgraduate,HR,HR Business Partner,2023-04-01,M232,Mumbai,Full-time
E102736,M,34,Postgraduate,HR,HR Executive,2018-03-26,M222,Chennai,Full-time
E102737,M,32,Graduate,IT,QA Engineer,2018-12-19,M202,Hyderabad,Full-time
E102738,F,34,Graduate,Sales,Account Manager,2023-09-03,M289,Pune,Full-time
E102739,F,28,Graduate,Operations,Operations Analyst,2021-09-05,M327,Chennai,Full-time
E102740,M,22,Postgraduate,Sales,Account Manager,2023-04-15,M258,Pune,Full-time
E102741,F,24,Postgraduate,Finance,Financial Analyst,2018-12-12,M214,Pune,Contract
E102742,M,23,Graduate,Sales,Sales Executive,2021-09-19,M206,Hyderabad,Full-time
E102743,M,41,Postgraduate,Sales,Account Manager,2021-07-08,M335,Mumbai,Contract
E102744,M,40,Graduate,Finance,Accountant,2018-04-10,M323,Mumbai,Full-time
E102745,M,32,Postgraduate,HR,HR Executive,2023-05-23,M255,Mumbai,Contract
E102746,F,43,Postgraduate,Finance,Financial Analyst,2021-11-19,M295,Mumbai,Full-time
E102747,F,29,Postgraduate,Operations,Operations Analyst,2023-08-28,M227,Delhi,Full-time
E102748,M,30,Graduate,Finance,Accountant,2023-11-26,M275,Mumbai,Full-time
E102749,F,35,Postgraduate,HR,HR Business Partner,2020-03-08,M322,Mumbai,Full-time
E102750,M,25,Postgraduate,Sales,Account Manager,2023-07-01,M255,Mumbai,Contract
E102751,M,40,Postgraduate,HR,HR Business Partner,2017-09-28,M234,Chennai,Full-time
E102752,M,30,Graduate,HR,HR Executive,2023-05-11,M315,Mumbai,Full-time
E102753,M,41,Graduate,Operations,Operations Analyst,2019-06-26,M288,Mumbai,Contract
E102754,F,32,Postgraduate,Sales,Account Manager,2020-07-18,M293,Bangalore,Full-time
E102755,M,28,Postgraduate,Finance,Accountant,2018-09-15,M345,Mumbai,Full-time
E102756,M,37,Postgraduate,Finance,Accountant,2022-02-02,M312,Bangalore,Contract
E102757,M,34,Graduate,IT,Data Analyst,2017-04-18,M299,Bangalore,Full-time
E102758,M,44,Postgraduate,IT,Software Engineer,2019-03-10,M329,Mumbai,Full-time
E102759,F,33,Graduate,HR,HR Executive,2020-05-21,M336,Chennai,Contract
E102760,M,29,Graduate,HR,HR Business Partner,2022-07-15,M288,Bangalore,Full-time
E102761,M,41,Graduate,Sales,Sales Executive,2019-06-13,M216,Chennai,Full-time
E102762,M,25,Graduate,HR,HR Executive,2020-10-12,M308,Delhi,Contract
E102763,F,41,Graduate,Sales,Sales Executive,2022-02-01,M257,Chennai,Full-time
E102764,F,42,Graduate,Finance,Accountant,2023-04-29,M295,Mumbai,Full-time
E102765,M,27,Graduate,Finance,Accountant,2018-04-10,M243,Pune,Full-time
E102766,M,28,Postgraduate,Finance,Accountant,2019-03-04,M339,Pune,Contract
E102767,F,25,Graduate,Operations,Operations Analyst,2017-09-13,M213,Delhi,Full-time
E102768,F,26,Graduate,Finance,Accountant,2019-11-09,M216,Chennai,Full-time
E102769,M,31,Graduate,Operations,Process Manager,2018-06-12,M320,Delhi,Full-time
E102770,F,29,Postgraduate,Finance,Accountant,2021-04-09,M261,Chennai,Contract
E102771,F,33,Graduate,Operations,Process Manager,2018-02-02,M303,Pune,Full-time
E102772,M,33,Postgraduate,Sales,Sales Executive,2023-08-19,M252,Mumbai,Full-time
E102773,M,25,Postgraduate,Sales,Sales Executive,2023-11-01,M265,Pune,Full-time
E102774,M,32,Postgraduate,Operations,Operations Analyst,2019-04-20,M328,Bangalore,Full-time
E102775,F,23,Postgraduate,Finance,Financial Analyst,2023-01-03,M329,Pune,Full-time
E102776,M,35,Postgraduate,HR,HR Executive,2017-06-28,M265,Hyderabad,Full-time
E102777,F,26,Graduate,Operations,Operations Analyst,2022-06-27,M289,Chennai,Full-time
E102778,M,25,Graduate,Finance,Financial Analyst,2020-03-19,M309,Bangalore,Full-time
E102779,F,29,Postgraduate,Sales,Sales Executive,2023-09-08,M233,Delhi,Contract
E102780,M,35,Postgraduate,Finance,Accountant,2023-08-13,M284,Chennai,Full-time
E102781,F,28,Graduate,Operations,Process Manager,2023-12-14,M324,Bangalore,Full-time
E102782,M,23,Graduate,Finance,Accountant,2021-03-28,M263,Hyderabad,Full-time
E102783,M,26,Graduate,HR,HR Executive,2020-08-26,M212,Delhi,Full-time
E102784,F,40,Graduate,IT,Data Analyst,2017-11-12,M323,Pune,Contract
E102785,M,44,Postgraduate,IT,QA Engineer,2023-11-16,M229,Delhi,Full-time
E102786,M,23,Graduate,Operations,Operations Analyst,2017-09-13,M274,Bangalore,Full-time
E102787,F,42,Graduate,HR,HR Business Partner,2019-11-27,M200,Bangalore,Full-time
E102788,M,32,Postgraduate,HR,HR Business Partner,2018-11-14,M293,Chennai,Full-time
E102789,M,41,Graduate,HR,HR Business Partner,2017-12-15,M283,Bangalore,Full-time
E102790,M,41,Graduate,IT,QA Engineer,2023-08-12,M346,Pune,Contract
E102791,M,41,Graduate,Operations,Operations Analyst,2020-06-30,M311,Bangalore,Full-time
E102792,F,30,Postgraduate,Sales,Account Manager,2022-05-29,M221,Chennai,Full-time
E102793,M,39,Graduate,Finance,Accountant,2017-09-27,M317,Pune,Contract
E102794,F,26,Postgraduate,HR,HR Executive,2018-11-16,M270,Hyderabad,Full-time
E102795,M,44,Graduate,HR,HR Business Partner,2023-07-21,M214,Chennai,Full-time
E102796,F,32,Graduate,IT,Software Engineer,2019-09-13,M311,Mumbai,Full-time
E102797,F,40,Graduate,Operations,Operations Analyst,2017-03-23,M344,Delhi,Full-time
E102798,M,44,Postgraduate,Operations,Process Manager,2017-12-23,M258,Hyderabad,Full-time
E102799,M,29,Graduate,Finance,Accountant,2023-04-04,M208,Mumbai,Full-time
E102800,M,34,Graduate,Sales,Sales Executive,2018-04-02,M339,Bangalore,Full-time
E102801,F,43,Graduate,Operations,Process Manager,2020-06-21,M305,Pune,Full-time
E102802,M,40,Graduate,Operations,Operations Analyst,2023-09-13,M311,Chennai,Full-time
E102803,M,26,Graduate,IT,Data Analyst,2022-06-16,M310,Hyderabad,Full-time
E102804,M,27,Graduate,Sales,Sales Executive,2017-04-15,M298,Chennai,Full-time
E102805,F,25,Graduate,IT,Software Engineer,2018-10-24,M311,Pune,Full-time
E102806,F,25,Graduate,Finance,Accountant,2017-07-22,M232,Bangalore,Full-time
E102807,M,23,Graduate,Operations,Operations Analyst,2022-10-13,M211,Hyderabad,Contract
E102808,F,43,Postgraduate,Operations,Process Manager,2017-04-27,M203,Delhi,Full-time
E102809,F,32,Postgraduate,Finance,Accountant,2023-08-03,M203,Mumbai,Full-time
E102810,M,28,Graduate,Operations,Operations Analyst,2021-05-22,M329,Mumbai,Contract
E102811,F,24,Graduate,Operations,Operations Analyst,2018-09-16,M325,Mumbai,Full-time
E102812,M,43,Graduate,Operations,Process Manager,2018-02-17,M302,Delhi,Full-time
E102813,F,26,Graduate,Operations,Process Manager,2021-11-14,M349,Chennai,Full-time
E102814,F,31,Graduate,Sales,Account Manager,2018-01-10,M295,Chennai,Full-time
E102815,M,35,Graduate,Finance,Accountant,2018-06-27,M308,Pune,Full-time
E102816,M,31,Postgraduate,IT,QA Engineer,2022-05-20,M276,Bangalore,Full-time
E102817,M,39,Graduate,IT,Software Engineer,2022-06-08,M253,Bangalore,Full-time
E102818,M,41,Graduate,Finance,Financial Analyst,2019-10-30,M202,Hyderabad,Full-time
E102819,M,44,Graduate,IT,QA Engineer,2021-03-28,M277,Delhi,Full-time
E102820,M,28,Graduate,Operations,Process Manager,2018-03-09,M304,Delhi,Contract
E102821,F,40,Graduate,HR,HR Business Partner,2021-10-31,M298,Hyderabad,Full-time
E102822,M,25,Graduate,Operations,Operations Analyst,2022-04-19,M224,Chennai,Full-time
E102823,M,27,Graduate,Sales,Sales Executive,2022-05-08,M281,Chennai,Full-time
E102824,M,39,Graduate,Operations,Operations Analyst,2017-08-28,M301,Pune,Full-time
E102825,M,43,Postgraduate,Finance,Accountant,2022-11-28,M331,Hyderabad,Full-time
E102826,F,36,Graduate,Operations,Operations Analyst,2020-07-03,M349,Pune,Full-time
E102827,F,42,Graduate,HR,HR Business Partner,2022-09-01,M319,Pune,Full-time
E102828,F,26,Graduate,HR,HR Executive,2022-03-11,M248,Pune,Contract
E102829,M,23,Graduate,Operations,Operations Analyst,2021-03-06,M284,Bangalore,Full-time
E102830,F,23,Graduate,HR,HR Business Partner,2021-05-18,M328,Delhi,Full-time
E102831,F,34,Postgraduate,IT,QA Engineer,2022-11-17,M270,Bangalore,Full-time
E102832,M,41,Graduate,Finance,Accountant,2018-05-23,M233,Chennai,Full-time
E102833,F,27,Postgraduate,Operations,Operations Analyst,2021-11-26,M249,Delhi,Full-time
E102834,M,40,Postgraduate,HR,HR Executive,2023-12-29,M311,Delhi,Full-time
E102835,F,25,Graduate,IT,QA Engineer,2018-07-24,M326,Pune,Full-time
E102836,M,25,Graduate,Finance,Accountant,2021-04-15,M341,Delhi,Full-time
E102837,M,35,Postgraduate,HR,HR Executive,2021-03-13,M288,Bangalore,Contract
E102838,M,33,Graduate,IT,Data Analyst,2019-03-09,M245,Pune,Contract
E102839,M,37,Graduate,Operations,Process Manager,2017-08-22,M312,Mumbai,Full-time
E102840,F,35,Graduate,Finance,Accountant,2020-10-12,M203,Pune,Full-time
E102841,M,43,Graduate,Finance,Financial Analyst,2019-11-23,M292,Bangalore,Full-time
E102842,F,38,Graduate,HR,HR Executive,2019-07-31,M254,Mumbai,Contract
E102843,F,27,Postgraduate,Operations,Operations Analyst,2020-05-05,M255,Hyderabad,Contract
E102844,F,31,Postgraduate,Operations,Process Manager,2022-07-26,M243,Hyderabad,Full-time
E102845,F,22,Graduate,HR,HR Business Partner,2017-09-15,M302,Delhi,Full-time
E102846,F,35,Graduate,Finance,Accountant,2021-10-25,M241,Chennai,Full-time
E102847,F,35,Graduate,Sales,Sales Executive,2017-05-12,M325,Delhi,Full-time
E102848,F,44,Graduate,Operations,Process Manager,2019-02-12,M310,Bangalore,Contract
E102849,F,38,Graduate,Finance,Accountant,2020-02-24,M232,Chennai,Full-time
E102850,M,31,Postgraduate,Finance,Financial Analyst,2022-07-25,M231,Mumbai,Contract
E102851,M,26,Graduate,HR,HR Executive,2023-04-11,M218,Mumbai,Full-time
E102852,M,23,Postgraduate,Operations,Operations Analyst,2021-06-06,M327,Bangalore,Full-time
E102853,F,27,Postgraduate,Sales,Sales Executive,2023-08-05,M301,Bangalore,Full-time
E102854,M,42,Postgraduate,Finance,Financial Analyst,2020-03-26,M332,Mumbai,Full-time
E102855,F,36,Graduate,Operations,Operations Analyst,2022-09-14,M319,Bangalore,Full-time
E102856,F,31,Graduate,IT,QA Engineer,2023-09-30,M282,Delhi,Full-time
E102857,F,43,Graduate,Operations,Process Manager,2021-11-02,M304,Chennai,Full-time
E102858,F,27,Postgraduate,HR,HR Executive,2020-11-16,M222,Bangalore,Full-time
E102859,F,43,Graduate,Operations,Process Manager,2022-01-30,M260,Bangalore,Full-time
E102860,M,29,Graduate,IT,Software Engineer,2020-07-29,M295,Delhi,Full-time
E102861,F,30,Graduate,Operations,Process Manager,2020-01-02,M290,Hyderabad,Full-time
E102862,F,29,Graduate,Sales,Account Manager,2021-06-30,M339,Mumbai,Full-time
E102863,M,32,Postgraduate,HR,HR Business Partner,2021-04-09,M254,Pune,Full-time
E102864,M,42,Graduate,Finance,Accountant,2018-08-03,M271,Hyderabad,Full-time
E102865,F,30,Graduate,HR,HR Business Partner,2023-11-06,M332,Chennai,Full-time
E102866,F,25,Graduate,Finance,Accountant,2017-10-20,M283,Pune,Full-time
E102867,M,31,Graduate,IT,QA Engineer,2018-06-03,M326,Pune,Contract
E102868,F,25,Graduate,Sales,Sales Executive,2023-03-25,M342,Pune,Full-time
E102869,F,39,Graduate,Finance,Accountant,2021-07-28,M344,Bangalore,Full-time
E102870,F,36,Graduate,Sales,Sales Executive,2020-11-17,M270,Mumbai,Full-time
E102871,F,40,Graduate,Finance,Financial Analyst,2023-02-03,M200,Hyderabad,Full-time
E102872,F,23,Graduate,Operations,Operations Analyst,2017-05-01,M313,Bangalore,Contract
E102873,M,23,Graduate,HR,HR Executive,2021-02-21,M243,Mumbai,Contract
E102874,M,41,Graduate,Finance,Accountant,2019-01-14,M230,Hyderabad,Full-time
E102875,F,33,Graduate,Sales,Account Manager,2021-09-08,M233,Mumbai,Contract
E102876,M,24,Graduate,Operations,Operations Analyst,2019-03-01,M278,Bangalore,Full-time
E102877,M,27,Graduate,Finance,Financial Analyst,2021-03-29,M340,Mumbai,Full-time
E102878,M,29,Graduate,Sales,Sales Executive,2018-01-12,M341,Mumbai,Full-time
E102879,F,25,Postgraduate,HR,HR Business Partner,2021-11-10,M303,Delhi,Contract
E102880,F,38,Graduate,Finance,Financial Analyst,2017-06-18,M300,Bangalore,Full-time
E102881,M,28,Postgraduate,HR,HR Business Partner,2022-12-03,M313,Hyderabad,Full-time
E102882,M,23,Postgraduate,Sales,Account Manager,2020-01-07,M240,Pune,Full-time
E102883,M,37,Graduate,Operations,Operations Analyst,2019-11-12,M221,Pune,Full-time
E102884,M,23,Postgraduate,IT,Data Analyst,2022-06-16,M331,Delhi,Full-time
E102885,F,24,Graduate,Operations,Operations Analyst,2018-04-27,M338,Delhi,Full-time
E102886,F,23,Graduate,Sales,Sales Executive,2018-12-19,M349,Pune,Full-time
E102887,M,43,Graduate,Operations,Process Manager,2020-06-02,M274,Pune,Full-time
E102888,M,40,Graduate,Sales,Account Manager,2023-12-29,M319,Delhi,Contract
E102889,M,34,Graduate,IT,Data Analyst,2019-02-22,M323,Mumbai,Full-time
E102890,M,44,Graduate,Sales,Sales Executive,2019-10-13,M311,Chennai,Full-time
E102891,F,25,Graduate,IT,QA Engineer,2017-12-31,M309,Mumbai,Full-time
E102892,F,42,Postgraduate,HR,HR Executive,2023-11-03,M271,Chennai,Full-time
E102893,M,35,Postgraduate,IT,Data Analyst,2020-01-23,M327,Delhi,Full-time
E102894,F,44,Graduate,Operations,Operations Analyst,2019-12-31,M299,Hyderabad,Full-time
E102895,F,30,Graduate,Operations,Operations Analyst,2023-07-27,M310,Pune,Full-time
E102896,M,25,Postgraduate,Finance,Accountant,2017-11-12,M213,Delhi,Full-time
E102897,F,22,Graduate,HR,HR Business Partner,2023-08-03,M326,Mumbai,Full-time
E102898,F,42,Graduate,HR,HR Executive,2023-04-22,M283,Chennai,Full-time
E102899,F,31,Graduate,IT,Data Analyst,2020-10-13,M240,Bangalore,Full-time
E102900,M,26,Graduate,Sales,Account Manager,2022-11-01,M296,Chennai,Full-time
E102901,F,28,Graduate,HR,HR Executive,2023-02-24,M330,Mumbai,Full-time
E102902,M,39,Graduate,Operations,Process Manager,2023-02-27,M348,Bangalore,Full-time
E102903,F,30,Postgraduate,IT,Software Engineer,2018-08-02,M271,Hyderabad,Full-time
E102904,F,22,Postgraduate,Finance,Financial Analyst,2023-01-14,M308,Chennai,Full-time
E102905,F,27,Postgraduate,Sales,Account Manager,2023-12-20,M237,Bangalore,Full-time
E102906,F,34,Postgraduate,Finance,Financial Analyst,2023-08-06,M312,Mumbai,Full-time
E102907,F,35,Postgraduate,HR,HR Executive,2023-04-29,M222,Chennai,Contract
E102908,M,40,Postgraduate,Operations,Operations Analyst,2017-03-07,M322,Pune,Full-time
E102909,M,34,Postgraduate,Finance,Accountant,2021-02-19,M264,Mumbai,Contract
E102910,M,36,Graduate,Sales,Account Manager,2021-01-03,M293,Mumbai,Full-time
E102911,F,35,Graduate,Sales,Account Manager,2019-11-22,M248,Pune,Full-time
E102912,M,26,Postgraduate,HR,HR Executive,2017-06-16,M216,Mumbai,Full-time
E102913,M,30,Postgraduate,Finance,Financial Analyst,2022-12-28,M276,Hyderabad,Full-time
E102914,M,38,Graduate,Operations,Operations Analyst,2021-02-06,M216,Bangalore,Full-time
E102915,F,25,Graduate,IT,QA Engineer,2022-09-01,M272,Pune,Full-time
E102916,F,39,Postgraduate,Finance,Accountant,2020-06-23,M296,Delhi,Full-time
E102917,M,38,Graduate,Operations,Process Manager,2021-06-09,M325,Hyderabad,Full-time
E102918,M,36,Graduate,Finance,Financial Analyst,2022-12-11,M330,Delhi,Full-time
E102919,M,33,Graduate,HR,HR Executive,2022-01-22,M284,Mumbai,Contract
E102920,M,43,Graduate,Operations,Process Manager,2020-07-11,M337,Hyderabad,Contract
E102921,F,37,Graduate,Sales,Sales Executive,2017-03-28,M284,Pune,Full-time
E102922,M,44,Graduate,Operations,Operations Analyst,2023-01-18,M342,Bangalore,Full-time
E102923,F,25,Postgraduate,HR,HR Executive,2017-08-12,M240,Pune,Full-time
E102924,M,37,Graduate,HR,HR Executive,2018-05-20,M313,Hyderabad,Full-time
E102925,M,36,Graduate,Finance,Financial Analyst,2023-12-10,M241,Delhi,Contract
E102926,M,28,Graduate,Sales,Account Manager,2022-06-16,M236,Chennai,Full-time
E102927,F,28,Graduate,HR,HR Executive,2019-07-02,M214,Mumbai,Full-time
E102928,F,23,Graduate,IT,Software Engineer,2019-11-06,M243,Pune,Full-time
E102929,F,27,Graduate,Finance,Accountant,2017-09-18,M211,Delhi,Full-time
E102930,F,39,Graduate,HR,HR Business Partner,2017-06-27,M213,Bangalore,Full-time
E102931,F,28,Graduate,Sales,Account Manager,2019-06-06,M300,Hyderabad,Full-time
E102932,M,44,Graduate,Finance,Accountant,2017-03-07,M220,Bangalore,Full-time
E102933,M,24,Graduate,IT,Software Engineer,2018-04-06,M246,Hyderabad,Full-time
E102934,M,43,Postgraduate,Sales,Sales Executive,2023-07-04,M268,Bangalore,Full-time
E102935,M,31,Graduate,IT,Software Engineer,2019-08-15,M228,Chennai,Full-time
E102936,F,24,Graduate,Sales,Account Manager,2021-04-29,M341,Chennai,Full-time
E102937,M,27,Graduate,IT,QA Engineer,2019-12-16,M300,Pune,Full-time
E102938,M,23,Graduate,Operations,Operations Analyst,2021-12-24,M311,Bangalore,Full-time
E102939,F,25,Postgraduate,HR,HR Executive,2017-10-14,M255,Mumbai,Full-time
E102940,F,33,Postgraduate,Sales,Account Manager,2019-09-20,M293,Bangalore,Full-time
E102941,F,37,Postgraduate,Finance,Accountant,2023-02-01,M235,Mumbai,Full-time
E102942,F,29,Postgraduate,Finance,Financial Analyst,2023-11-09,M323,Chennai,Full-time
E102943,M,41,Graduate,IT,Data Analyst,2023-05-17,M260,Bangalore,Full-time
E102944,M,42,Graduate,IT,Data Analyst,2020-07-23,M241,Mumbai,Full-time
E102945,M,43,Graduate,Sales,Account Manager,2020-11-09,M326,Pune,Full-time
E102946,F,33,Graduate,Finance,Financial Analyst,2023-10-04,M335,Mumbai,Full-time
E102947,F,26,Graduate,HR,HR Executive,2018-10-27,M324,Pune,Full-time
E102948,F,42,Graduate,Operations,Operations Analyst,2023-11-04,M332,Bangalore,Full-time
E102949,F,25,Postgraduate,Operations,Operations Analyst,2022-08-15,M253,Chennai,Full-time
E102950,M,22,Graduate,Operations,Operations Analyst,2022-02-03,M326,Mumbai,Full-time
E102951,M,36,Graduate,Finance,Financial Analyst,2021-11-21,M285,Mumbai,Contract
E102952,M,24,Graduate,IT,Software Engineer,2022-12-18,M253,Bangalore,Full-time
E102953,M,38,Postgraduate,IT,Data Analyst,2023-07-14,M344,Mumbai,Full-time
E102954,M,26,Postgraduate,Sales,Account Manager,2023-03-07,M275,Hyderabad,Contract
E102955,M,43,Graduate,Finance,Accountant,2022-02-03,M200,Pune,Full-time
E102956,M,30,Graduate,Operations,Operations Analyst,2021-09-21,M333,Bangalore,Full-time
E102957,F,32,Graduate,Operations,Process Manager,2020-10-13,M347,Bangalore,Full-time
E102958,F,22,Graduate,Sales,Account Manager,2021-08-13,M346,Chennai,Full-time
E102959,M,39,Postgraduate,Sales,Sales Executive,2018-03-12,M348,Bangalore,Full-time
E102960,F,22,Graduate,Operations,Operations Analyst,2023-02-14,M326,Mumbai,Full-time
E102961,F,31,Graduate,Finance,Financial Analyst,2023-01-08,M347,Pune,Full-time
E102962,M,23,Graduate,Operations,Process Manager,2021-05-30,M339,Delhi,Full-time
E102963,M,40,Graduate,Operations,Process Manager,2020-05-10,M232,Delhi,Full-time
E102964,M,23,Graduate,Finance,Accountant,2018-02-26,M325,Pune,Full-time
E102965,M,41,Postgraduate,Finance,Accountant,2017-04-24,M301,Mumbai,Full-time
E102966,F,26,Postgraduate,Finance,Accountant,2018-05-08,M308,Delhi,Full-time
E102967,M,25,Postgraduate,Operations,Process Manager,2018-08-29,M335,Bangalore,Contract
E102968,M,34,Graduate,Finance,Financial Analyst,2019-12-12,M223,Delhi,Full-time
E102969,M,35,Graduate,IT,Software Engineer,2023-08-04,M300,Delhi,Full-time
E102970,F,27,Postgraduate,IT,QA Engineer,2018-02-12,M202,Mumbai,Full-time
E102971,M,28,Graduate,Operations,Process Manager,2018-09-17,M338,Delhi,Full-time
E102972,M,29,Graduate,Sales,Account Manager,2019-03-22,M242,Pune,Contract
E102973,M,28,Postgraduate,Operations,Operations Analyst,2018-11-19,M219,Mumbai,Full-time
E102974,M,30,Postgraduate,Finance,Accountant,2023-10-28,M299,Mumbai,Full-time
E102975,F,39,Graduate,Sales,Account Manager,2018-01-30,M343,Pune,Full-time
E102976,M,34,Graduate,IT,Software Engineer,2022-03-26,M286,Bangalore,Full-time
E102977,M,37,Postgraduate,Finance,Accountant,2020-09-12,M263,Bangalore,Full-time
E102978,F,24,Postgraduate,Sales,Account Manager,2023-12-05,M259,Pune,Full-time
E102979,M,27,Graduate,Sales,Sales Executive,2020-04-09,M204,Pune,Full-time
E102980,F,41,Graduate,Finance,Financial Analyst,2020-03-19,M309,Mumbai,Full-time
E102981,F,22,Postgraduate,IT,Data Analyst,2021-12-19,M269,Bangalore,Contract
E102982,F,26,Postgraduate,IT,Data Analyst,2023-07-18,M249,Delhi,Contract
E102983,M,43,Graduate,HR,HR Executive,2021-02-19,M219,Bangalore,Contract
E102984,M,40,Postgraduate,IT,Software Engineer,2020-02-17,M340,Hyderabad,Contract
E102985,M,24,Graduate,IT,Software Engineer,2017-11-19,M213,Delhi,Full-time
E102986,F,34,Graduate,Operations,Process Manager,2019-12-03,M294,Hyderabad,Full-time
E102987,F,33,Postgraduate,Finance,Accountant,2017-09-16,M316,Delhi,Full-time
E102988,M,26,Postgraduate,Sales,Account Manager,2018-06-27,M265,Mumbai,Full-time
E102989,M,28,Graduate,Sales,Account Manager,2021-02-08,M318,Bangalore,Full-time
E102990,M,39,Postgraduate,Finance,Accountant,2017-04-21,M200,Pune,Full-time
E102991,F,28,Graduate,IT,QA Engineer,2023-05-31,M261,Bangalore,Full-time
E102992,F,25,Graduate,Finance,Financial Analyst,2020-06-02,M204,Pune,Contract
E102993,M,36,Graduate,IT,Data Analyst,2022-06-01,M327,Hyderabad,Full-time
E102994,M,33,Graduate,Sales,Sales Executive,2017-03-07,M223,Pune,Contract
E102995,F,28,Graduate,IT,Data Analyst,2021-12-25,M288,Hyderabad,Contract
E102996,M,38,Graduate,IT,Software Engineer,2023-11-07,M227,Mumbai,Full-time
E102997,M,37,Graduate,Sales,Sales Executive,2018-03-21,M272,Delhi,Contract
E102998,F,33,Graduate,HR,HR Executive,2021-01-22,M220,Chennai,Contract
E102999,M,40,Graduate,HR,HR Executive,2020-02-14,M260,Pune,Full-time
E103000,M,42,Postgraduate,Operations,Operations Analyst,2022-03-02,M247,Bangalore,Contract
E103001,F,40,Postgraduate,Finance,Financial Analyst,2021-09-17,M283,Delhi,Full-time
E103002,M,32,Postgraduate,Operations,Process Manager,2020-03-27,M223,Bangalore,Full-time
E103003,M,37,Graduate,HR,HR Business Partner,2017-01-08,M234,Hyderabad,Contract
E103004,F,23,Postgraduate,HR,HR Business Partner,2021-01-28,M336,Bangalore,Full-time
E103005,M,41,Graduate,IT,Data Analyst,2018-10-11,M330,Mumbai,Full-time
E103006,M,23,Graduate,IT,Data Analyst,2019-12-10,M305,Pune,Full-time
E103007,M,28,Postgraduate,HR,HR Executive,2021-08-02,M329,Chennai,Full-time
E103008,F,44,Postgraduate,HR,HR Business Partner,2023-11-05,M347,Mumbai,Full-time
E103009,M,24,Postgraduate,Finance,Financial Analyst,2017-04-19,M233,Bangalore,Full-time
E103010,F,34,Graduate,Finance,Accountant,2023-09-08,M220,Pune,Full-time
E103011,M,31,Graduate,Operations,Operations Analyst,2020-06-02,M327,Mumbai,Contract
E103012,M,42,Postgraduate,IT,Software Engineer,2022-09-01,M215,Mumbai,Contract
E103013,M,34,Graduate,HR,HR Executive,2018-09-29,M337,Hyderabad,Full-time
E103014,M,38,Graduate,IT,QA Engineer,2018-03-15,M320,Pune,Full-time
E103015,F,40,Graduate,Operations,Process Manager,2018-06-22,M244,Chennai,Full-time
E103016,F,41,Postgraduate,Operations,Process Manager,2018-04-29,M205,Delhi,Contract
E103017,M,32,Postgraduate,IT,Software Engineer,2022-10-29,M315,Bangalore,Full-time
E103018,M,33,Graduate,Finance,Financial Analyst,2017-01-25,M308,Hyderabad,Full-time
E103019,M,25,Graduate,Sales,Sales Executive,2020-12-25,M200,Mumbai,Full-time
E103020,F,35,Postgraduate,HR,HR Executive,2019-12-18,M251,Delhi,Full-time
E103021,M,22,Graduate,Sales,Sales Executive,2022-11-14,M288,Mumbai,Full-time
E103022,M,44,Graduate,Operations,Operations Analyst,2017-07-23,M268,Delhi,Full-time
E103023,F,30,Postgraduate,Operations,Operations Analyst,2017-01-30,M251,Hyderabad,Contract
E103024,F,35,Postgraduate,Sales,Sales Executive,2019-10-15,M245,Bangalore,Contract
E103025,F,27,Postgraduate,Finance,Accountant,2021-11-09,M257,Chennai,Full-time
E103026,M,33,Postgraduate,Sales,Account Manager,2018-03-06,M276,Chennai,Full-time
E103027,F,32,Graduate,Finance,Financial Analyst,2021-12-19,M218,Pune,Full-time
E103028,F,35,Postgraduate,HR,HR Executive,2023-04-28,M266,Chennai,Full-time
E103029,F,22,Postgraduate,Sales,Sales Executive,2022-05-13,M312,Mumbai,Full-time
E103030,M,28,Graduate,Finance,Accountant,2017-07-08,M347,Hyderabad,Full-time
E103031,M,22,Graduate,Operations,Operations Analyst,2018-12-23,M235,Chennai,Full-time
E103032,M,27,Postgraduate,Sales,Account Manager,2023-02-09,M276,Hyderabad,Full-time
E103033,M,39,Graduate,Operations,Process Manager,2022-04-24,M231,Mumbai,Full-time
E103034,M,43,Graduate,HR,HR Executive,2018-04-21,M306,Hyderabad,Full-time
E103035,M,34,Graduate,HR,HR Business Partner,2017-03-26,M320,Mumbai,Full-time
E103036,M,30,Postgraduate,HR,HR Executive,2018-02-02,M216,Chennai,Full-time
E103037,F,43,Postgraduate,Sales,Sales Executive,2022-05-15,M241,Mumbai,Full-time
E103038,F,25,Graduate,Finance,Financial Analyst,2023-01-09,M296,Mumbai,Full-time
E103039,F,44,Graduate,Finance,Accountant,2019-12-17,M285,Hyderabad,Full-time
E103040,M,38,Graduate,IT,QA Engineer,2019-03-07,M285,Delhi,Contract
E103041,F,31,Postgraduate,Sales,Sales Executive,2021-10-27,M269,Pune,Full-time
E103042,M,35,Graduate,IT,QA Engineer,2019-02-10,M283,Delhi,Contract
E103043,F,28,Graduate,IT,Software Engineer,2017-04-24,M253,Mumbai,Full-time
E103044,M,23,Graduate,Finance,Financial Analyst,2021-08-23,M271,Mumbai,Full-time
E103045,M,27,Postgraduate,Operations,Operations Analyst,2022-04-17,M298,Hyderabad,Full-time
E103046,M,29,Graduate,HR,HR Executive,2020-11-06,M312,Hyderabad,Full-time
E103047,F,42,Graduate,Finance,Accountant,2019-07-27,M304,Delhi,Full-time
E103048,M,24,Graduate,IT,Software Engineer,2023-11-17,M259,Hyderabad,Contract
E103049,M,44,Graduate,Finance,Accountant,2022-11-25,M239,Delhi,Full-time
E103050,F,42,Postgraduate,Sales,Account Manager,2020-04-06,M245,Hyderabad,Full-time
E103051,F,30,Postgraduate,Operations,Operations Analyst,2020-03-17,M250,Bangalore,Full-time
E103052,F,30,Graduate,HR,HR Business Partner,2018-03-27,M309,Mumbai,Full-time
E103053,F,35,Postgraduate,HR,HR Executive,2018-03-17,M237,Mumbai,Contract
E103054,F,26,Postgraduate,HR,HR Business Partner,2017-12-17,M306,Delhi,Full-time
E103055,M,34,Postgraduate,Finance,Accountant,2022-02-22,M236,Pune,Contract
E103056,M,31,Graduate,Finance,Financial Analyst,2018-02-06,M250,Pune,Contract
E103057,M,32,Graduate,HR,HR Business Partner,2017-06-04,M272,Hyderabad,Full-time
E103058,M,38,Graduate,IT,QA Engineer,2022-12-29,M296,Mumbai,Full-time
E103059,F,39,Graduate,Sales,Account Manager,2019-07-17,M287,Delhi,Full-time
E103060,F,28,Graduate,Operations,Process Manager,2017-01-30,M240,Bangalore,Full-time
E103061,M,33,Graduate,Operations,Operations Analyst,2017-09-01,M218,Hyderabad,Full-time
E103062,F,26,Graduate,IT,Data Analyst,2019-05-08,M219,Delhi,Full-time
E103063,F,24,Graduate,Operations,Process Manager,2023-08-03,M253,Mumbai,Full-time
E103064,M,34,Graduate,Finance,Accountant,2018-03-20,M287,Delhi,Full-time
E103065,M,23,Postgraduate,Operations,Operations Analyst,2022-01-26,M278,Pune,Full-time
E103066,F,33,Postgraduate,Sales,Account Manager,2022-01-11,M302,Bangalore,Full-time
E103067,M,41,Postgraduate,HR,HR Executive,2019-06-13,M257,Delhi,Contract
E103068,M,22,Postgraduate,HR,HR Executive,2020-04-01,M290,Hyderabad,Full-time
E103069,M,22,Graduate,Operations,Process Manager,2019-12-04,M204,Bangalore,Full-time
E103070,F,23,Graduate,Operations,Operations Analyst,2019-11-03,M224,Hyderabad,Full-time
E103071,M,22,Graduate,HR,HR Business Partner,2023-03-20,M278,Chennai,Full-time
E103072,M,29,Graduate,Finance,Accountant,2023-01-04,M295,Chennai,Full-time
E103073,M,22,Graduate,Operations,Operations Analyst,2019-11-27,M338,Hyderabad,Full-time
E103074,M,28,Postgraduate,IT,QA Engineer,2018-08-19,M322,Mumbai,Contract
E103075,M,34,Graduate,Finance,Financial Analyst,2018-03-27,M250,Bangalore,Full-time
E103076,F,22,Graduate,Operations,Process Manager,2019-06-20,M253,Delhi,Full-time
E103077,M,42,Graduate,Sales,Account Manager,2023-06-11,M202,Delhi,Full-time
E103078,F,23,Postgraduate,Operations,Process Manager,2022-05-06,M266,Mumbai,Full-time
E103079,F,28,Graduate,HR,HR Business Partner,2021-05-22,M239,Pune,Full-time
E103080,M,37,Postgraduate,Operations,Operations Analyst,2020-10-02,M303,Pune,Full-time
E103081,M,29,Graduate,IT,QA Engineer,2019-06-14,M249,Mumbai,Full-time
E103082,F,23,Graduate,HR,HR Executive,2021-09-03,M236,Chennai,Full-time
E103083,M,22,Postgraduate,Sales,Sales Executive,2023-03-31,M210,Mumbai,Contract
E103084,M,44,Graduate,Sales,Account Manager,2022-03-01,M256,Chennai,Full-time
E103085,M,36,Graduate,Sales,Account Manager,2019-09-11,M235,Chennai,Full-time
E103086,M,44,Postgraduate,Operations,Process Manager,2020-08-08,M341,Hyderabad,Full-time
E103087,M,24,Graduate,HR,HR Executive,2023-07-19,M242,Pune,Full-time
E103088,M,29,Graduate,Finance,Financial Analyst,2022-12-13,M318,Hyderabad,Contract
E103089,M,44,Graduate,IT,Data Analyst,2020-11-10,M262,Mumbai,Full-time
E103090,M,24,Postgraduate,Finance,Accountant,2017-10-05,M219,Mumbai,Contract
E103091,F,29,Graduate,Finance,Accountant,2020-06-08,M278,Delhi,Full-time
E103092,F,30,Postgraduate,Sales,Account Manager,2019-08-31,M221,Hyderabad,Full-time
E103093,M,26,Graduate,Finance,Accountant,2018-12-29,M263,Chennai,Full-time
E103094,F,40,Graduate,Operations,Operations Analyst,2022-07-13,M209,Delhi,Full-time
E103095,M,37,Graduate,Finance,Financial Analyst,2019-02-13,M215,Chennai,Full-time
E103096,M,38,Graduate,IT,Data Analyst,2020-01-12,M339,Chennai,Full-time
E103097,M,32,Postgraduate,Sales,Sales Executive,2020-11-16,M215,Bangalore,Contract
E103098,M,24,Graduate,IT,QA Engineer,2019-07-25,M275,Mumbai,Full-time
E103099,M,34,Postgraduate,Sales,Sales Executive,2020-06-12,M274,Pune,Full-time
E103100,M,22,Postgraduate,HR,HR Executive,2021-07-19,M296,Chennai,Full-time
E103101,M,37,Postgraduate,IT,Software Engineer,2018-01-01,M284,Bangalore,Full-time
E103102,M,30,Postgraduate,IT,Software Engineer,2019-04-22,M345,Hyderabad,Full-time
E103103,M,30,Graduate,Sales,Account Manager,2017-04-28,M325,Mumbai,Full-time
E103104,M,31,Postgraduate,HR,HR Business Partner,2019-06-20,M223,Pune,Full-time
E103105,M,25,Postgraduate,Operations,Operations Analyst,2023-05-08,M287,Chennai,Full-time
E103106,F,29,Postgraduate,Sales,Sales Executive,2018-07-15,M243,Pune,Full-time
E103107,M,25,Graduate,Operations,Process Manager,2020-07-26,M215,Bangalore,Contract
E103108,F,35,Postgraduate,Sales,Account Manager,2018-06-15,M242,Pune,Full-time
E103109,F,23,Graduate,HR,HR Executive,2019-04-01,M271,Mumbai,Full-time
E103110,M,43,Graduate,Sales,Account Manager,2019-05-01,M236,Pune,Contract
E103111,F,38,Postgraduate,HR,HR Executive,2017-09-14,M243,Delhi,Full-time
E103112,M,39,Graduate,Finance,Accountant,2017-03-26,M241,Pune,Contract
E103113,M,27,Graduate,IT,Software Engineer,2017-08-17,M340,Pune,Full-time
E103114,M,36,Graduate,Finance,Financial Analyst,2023-01-16,M225,Mumbai,Full-time
E103115,F,42,Postgraduate,Finance,Accountant,2018-02-10,M281,Pune,Contract
E103116,M,41,Graduate,HR,HR Business Partner,2023-09-13,M287,Delhi,Full-time
E103117,F,22,Graduate,HR,HR Executive,2020-12-18,M281,Hyderabad,Full-time
E103118,F,37,Graduate,IT,Software Engineer,2017-04-16,M258,Mumbai,Full-time
E103119,F,33,Graduate,HR,HR Business Partner,2020-12-23,M256,Delhi,Full-time
E103120,F,26,Graduate,Finance,Accountant,2020-11-12,M286,Delhi,Full-time
E103121,M,32,Graduate,Operations,Operations Analyst,2018-08-31,M212,Bangalore,Full-time
E103122,F,33,Graduate,Operations,Operations Analyst,2022-08-15,M284,Chennai,Contract
E103123,M,36,Graduate,IT,Data Analyst,2020-08-13,M295,Delhi,Full-time
E103124,F,33,Postgraduate,Finance,Accountant,2020-06-17,M329,Mumbai,Contract
E103125,M,22,Graduate,Operations,Operations Analyst,2022-04-23,M329,Pune,Full-time
E103126,F,27,Graduate,IT,QA Engineer,2017-05-14,M326,Pune,Full-time
E103127,F,36,Graduate,HR,HR Business Partner,2019-01-15,M203,Hyderabad,Full-time
E103128,F,30,Graduate,IT,Software Engineer,2021-01-06,M292,Mumbai,Full-time
E103129,F,29,Postgraduate,Operations,Operations Analyst,2021-03-23,M262,Bangalore,Full-time
E103130,M,42,Postgraduate,IT,QA Engineer,2021-04-30,M264,Chennai,Full-time
E103131,M,36,Graduate,HR,HR Business Partner,2019-06-07,M215,Pune,Full-time
E103132,M,30,Graduate,Finance,Accountant,2020-03-17,M244,Hyderabad,Full-time
E103133,F,40,Postgraduate,Operations,Process Manager,2022-01-14,M333,Mumbai,Full-time
E103134,F,27,Postgraduate,Sales,Sales Executive,2021-06-09,M230,Mumbai,Full-time
E103135,M,30,Graduate,Finance,Financial Analyst,2021-05-19,M329,Hyderabad,Contract
E103136,F,37,Graduate,Finance,Accountant,2020-07-05,M246,Chennai,Full-time
E103137,M,23,Graduate,Finance,Financial Analyst,2020-05-18,M248,Pune,Full-time
E103138,M,44,Graduate,Sales,Account Manager,2022-07-06,M240,Mumbai,Full-time
E103139,F,25,Postgraduate,Operations,Operations Analyst,2018-05-07,M330,Mumbai,Full-time
E103140,M,29,Graduate,HR,HR Business Partner,2019-06-08,M251,Delhi,Full-time
E103141,M,34,Graduate,Finance,Financial Analyst,2018-06-08,M206,Delhi,Full-time
E103142,F,39,Graduate,Operations,Operations Analyst,2017-07-31,M305,Delhi,Full-time
E103143,M,30,Graduate,Finance,Financial Analyst,2019-04-14,M255,Chennai,Full-time
E103144,M,43,Postgraduate,HR,HR Executive,2022-06-03,M327,Hyderabad,Contract
E103145,F,41,Graduate,Finance,Financial Analyst,2017-10-27,M237,Delhi,Full-time
E103146,F,36,Graduate,HR,HR Executive,2018-11-25,M245,Delhi,Full-time
E103147,M,36,Postgraduate,HR,HR Business Partner,2018-05-24,M206,Mumbai,Full-time
E103148,M,32,Graduate,Finance,Accountant,2021-03-28,M284,Hyderabad,Full-time
E103149,M,39,Graduate,IT,Software Engineer,2023-11-04,M238,Pune,Full-time
E103150,F,31,Graduate,Operations,Operations Analyst,2022-11-15,M305,Bangalore,Full-time
E103151,M,40,Graduate,Sales,Account Manager,2023-10-17,M253,Pune,Full-time
E103152,F,35,Postgraduate,IT,Data Analyst,2023-05-10,M249,Pune,Full-time
E103153,F,42,Postgraduate,IT,Data Analyst,2021-10-17,M216,Mumbai,Contract
E103154,M,40,Graduate,IT,Data Analyst,2017-04-24,M232,Mumbai,Full-time
E103155,M,39,Graduate,HR,HR Business Partner,2018-06-29,M226,Bangalore,Full-time
E103156,M,24,Graduate,Finance,Financial Analyst,2019-08-06,M224,Delhi,Full-time
E103157,M,41,Postgraduate,IT,Software Engineer,2021-01-07,M208,Chennai,Full-time
E103158,F,27,Graduate,HR,HR Executive,2019-12-13,M238,Mumbai,Full-time
E103159,M,34,Graduate,Operations,Operations Analyst,2022-05-03,M341,Bangalore,Full-time
E103160,M,32,Graduate,Finance,Accountant,2018-09-26,M317,Bangalore,Full-time
E103161,M,31,Graduate,Sales,Account Manager,2017-06-09,M342,Bangalore,Full-time
E103162,M,38,Postgraduate,HR,HR Executive,2019-05-15,M343,Chennai,Contract
E103163,M,44,Postgraduate,Finance,Financial Analyst,2023-07-26,M275,Delhi,Full-time
E103164,M,36,Postgraduate,Sales,Account Manager,2018-03-28,M247,Hyderabad,Full-time
E103165,F,32,Graduate,Finance,Financial Analyst,2018-04-12,M281,Pune,Contract
E103166,M,25,Postgraduate,Sales,Sales Executive,2021-10-29,M263,Mumbai,Contract
E103167,M,29,Graduate,Sales,Sales Executive,2023-02-26,M312,Hyderabad,Full-time
E103168,F,28,Graduate,Sales,Account Manager,2022-07-15,M307,Bangalore,Full-time
E103169,M,23,Postgraduate,HR,HR Business Partner,2017-07-28,M220,Hyderabad,Full-time
E103170,F,32,Graduate,Sales,Account Manager,2021-07-05,M291,Mumbai,Full-time
E103171,M,23,Graduate,Finance,Accountant,2021-09-02,M202,Chennai,Full-time
E103172,M,33,Postgraduate,Operations,Process Manager,2019-12-30,M306,Mumbai,Full-time
E103173,M,38,Graduate,Finance,Financial Analyst,2017-02-05,M234,Pune,Full-time
E103174,M,40,Graduate,Sales,Sales Executive,2017-07-18,M290,Chennai,Full-time
E103175,M,42,Postgraduate,Sales,Sales Executive,2018-04-13,M289,Delhi,Contract
E103176,F,37,Graduate,HR,HR Business Partner,2021-06-21,M339,Pune,Contract
E103177,F,25,Graduate,HR,HR Business Partner,2022-09-29,M282,Mumbai,Full-time
E103178,M,31,Graduate,HR,HR Business Partner,2019-03-03,M331,Delhi,Full-time
E103179,F,31,Postgraduate,Finance,Financial Analyst,2023-05-06,M213,Hyderabad,Full-time
E103180,F,34,Postgraduate,Sales,Sales Executive,2023-04-26,M280,Pune,Full-time
E103181,F,28,Graduate,IT,QA Engineer,2023-11-08,M298,Hyderabad,Full-time
E103182,F,28,Postgraduate,Operations,Process Manager,2021-08-31,M286,Pune,Full-time
E103183,F,37,Postgraduate,Operations,Process Manager,2020-02-08,M292,Bangalore,Full-time
E103184,F,44,Graduate,Sales,Sales Executive,2018-09-18,M255,Mumbai,Full-time
E103185,M,40,Postgraduate,Sales,Sales Executive,2018-09-24,M239,Hyderabad,Full-time
E103186,F,30,Graduate,HR,HR Executive,2020-02-22,M247,Bangalore,Full-time
E103187,F,39,Graduate,Finance,Financial Analyst,2023-05-01,M283,Mumbai,Full-time
E103188,M,43,Graduate,HR,HR Business Partner,2022-04-16,M325,Chennai,Contract
E103189,F,26,Graduate,IT,Software Engineer,2021-04-13,M342,Bangalore,Full-time
E103190,M,25,Graduate,Operations,Process Manager,2023-06-11,M310,Hyderabad,Contract
E103191,M,36,Postgraduate,Sales,Account Manager,2020-06-06,M207,Delhi,Full-time
E103192,M,35,Graduate,Finance,Financial Analyst,2022-10-29,M301,Pune,Contract
E103193,F,40,Graduate,IT,Software Engineer,2021-01-16,M215,Chennai,Contract
E103194,M,25,Graduate,Sales,Sales Executive,2017-05-05,M294,Bangalore,Full-time
E103195,M,41,Postgraduate,Finance,Accountant,2022-01-08,M225,Bangalore,Contract
E103196,M,27,Graduate,HR,HR Executive,2018-07-18,M219,Pune,Full-time
E103197,M,36,Postgraduate,IT,QA Engineer,2020-02-16,M336,Delhi,Contract
E103198,F,23,Postgraduate,Operations,Operations Analyst,2022-08-05,M272,Chennai,Full-time
E103199,M,40,Postgraduate,HR,HR Business Partner,2022-04-16,M225,Bangalore,Full-time
