employee_id,survey_date,engagement_score,work_life_balance,manager_support
E100000,2019-04-27,3,3,2
E100000,2022-09-30,3,4,3
E100000,2021-08-06,1,2,3
E100001,2023-02-17,3,5,4
E100001,2019-05-09,4,4,1
E100001,2021-05-05,1,2,5
E100002,2019-04-05,4,3,5
E100002,2023-06-04,1,5,1
E100002,2022-12-12,1,2,2
E100003,2022-03-22,2,2,2
E100003,2021-07-11,1,5,4
E100003,2022-07-02,3,4,2
E100004,2022-02-25,3,4,3
E100004,2023-02-14,1,5,4
E100004,2022-01-09,1,4,3
E100005,2019-05-10,4,2,3
E100005,2020-06-22,4,1,3
E100006,2022-06-26,5,5,4
E100007,2020-04-25,1,1,2
E100007,2020-08-05,3,1,3
E100008,2020-06-21,2,2,1
E100009,2019-09-25,4,1,4
E100009,2022-11-17,1,1,4
E100009,2019-03-12,4,3,4
E100010,2022-09-30,5,4,2
E100010,2023-09-13,5,5,4
E100010,2021-11-08,5,1,3
E100011,2021-04-17,1,2,2
E100011,2020-04-20,4,3,1
E100012,2023-01-23,2,5,4
E100013,2023-05-31,3,3,3
E100013,2022-04-18,5,4,5
E100014,2021-02-15,4,5,5
E100014,2022-01-21,5,5,5
E100015,2019-09-22,5,2,4
E100015,2023-03-02,2,2,2
E100016,2020-05-23,3,5,1
E100017,2021-04-06,3,5,1
E100017,2022-05-23,5,3,5
E100018,2023-09-09,4,3,5
E100018,2022-01-27,4,1,5
E100019,2021-12-31,1,3,1
E100020,2022-03-02,2,5,5
E100020,2020-07-15,1,3,4
E100021,2022-02-25,5,1,1
E100021,2021-09-21,2,2,2
E100021,2022-12-11,1,2,2
E100022,2019-08-06,4,4,1
E100023,2019-04-29,5,2,1
E100023,2019-04-12,4,3,5
E100023,2021-03-26,3,1,1
E100024,2019-03-14,2,4,3
E100024,2023-05-19,3,3,4
E100024,2022-10-06,2,2,2
E100025,2019-10-19,1,4,4
E100026,2021-04-03,3,3,3
E100026,2023-08-11,4,3,1
E100027,2019-07-17,3,5,5
E100027,2021-02-14,4,5,1
E100028,2022-06-30,3,5,5
E100028,2023-10-26,4,3,3
E100029,2023-05-04,4,3,4
E100029,2021-08-01,1,4,3
E100029,2021-10-20,5,5,1
E100030,2021-03-29,5,2,4
E100031,2022-04-04,3,4,4
E100032,2021-06-03,3,3,2
E100032,2023-05-01,5,5,2
E100032,2022-05-21,4,2,5
E100033,2021-12-31,1,1,3
E100034,2021-10-18,3,1,5
E100034,2022-08-29,3,4,1
E100034,2019-06-24,3,4,4
E100035,2020-04-08,3,1,4
E100035,2019-04-28,4,4,1
E100036,2020-08-06,3,2,4
E100036,2022-07-23,4,1,1
E100036,2023-02-01,1,3,5
E100037,2023-09-05,5,3,3
E100037,2022-11-01,2,3,2
E100038,2022-04-05,4,5,4
E100038,2022-01-27,1,5,1
E100039,2020-12-30,2,5,3
E100039,2019-11-24,2,1,4
E100040,2022-04-28,4,4,2
E100040,2023-08-16,5,3,1
E100040,2021-11-05,3,1,5
E100041,2022-06-01,4,2,2
E100042,2020-12-26,3,4,3
E100043,2022-08-25,5,2,5
E100043,2021-10-09,1,5,5
E100044,2019-07-23,4,4,3
E100044,2019-05-30,5,3,5
E100045,2019-12-01,1,3,4
E100046,2023-07-22,3,5,1
E100047,2022-11-07,1,1,4
E100047,2021-08-27,5,5,3
E100048,2021-02-11,1,2,2
E100049,2021-03-10,2,1,4
E100050,2019-07-25,5,4,1
E100050,2023-07-11,2,1,3
E100050,2020-02-04,1,5,5
E100051,2020-09-25,5,3,2
E100051,2020-01-12,2,4,1
E100052,2022-03-05,1,2,4
E100052,2019-11-01,1,3,2
E100053,2023-07-26,2,4,2
E100053,2021-03-12,2,3,2
E100053,2020-01-26,5,1,1
E100054,2019-11-22,3,2,5
E100054,2019-08-20,5,5,1
E100055,2023-07-26,3,4,2
E100056,2022-06-27,1,3,3
E100056,2019-08-03,5,1,2
E100056,2021-06-11,3,1,2
E100057,2020-11-16,5,5,4
E100057,2021-01-25,4,2,4
E100057,2022-02-20,5,4,1
E100058,2021-04-24,4,4,2
E100059,2020-03-02,3,4,1
E100059,2020-05-11,4,3,4
E100060,2021-07-24,4,5,3
E100060,2022-12-06,2,1,4
E100060,2022-10-27,4,5,2
E100061,2021-04-07,2,4,1
E100061,2021-01-03,5,1,1
E100061,2023-04-21,3,1,5
E100062,2019-05-04,4,1,2
E100063,2020-06-07,3,3,5
E100063,2020-10-15,5,3,5
E100063,2021-12-11,1,5,1
E100064,2019-10-22,1,2,4
E100065,2021-10-23,3,3,1
E100066,2022-12-25,1,1,3
E100066,2020-07-02,1,1,1
E100067,2019-07-11,5,2,4
E100068,2021-05-03,2,4,3
E100068,2023-07-27,5,1,4
E100069,2020-04-03,4,3,1
E100069,2023-02-13,3,1,4
E100069,2022-03-20,4,1,2
E100070,2021-04-13,2,3,3
E100070,2023-10-24,3,4,5
E100070,2022-05-02,4,5,4
E100071,2021-02-14,5,5,2
E100071,2023-01-06,5,2,1
E100072,2021-02-20,1,2,3
E100073,2020-02-09,2,4,2
E100073,2019-11-03,3,2,4
E100073,2020-03-27,4,5,1
E100074,2019-06-29,5,1,3
E100075,2023-01-29,2,2,4
E100075,2021-10-14,1,1,5
E100076,2023-04-26,5,3,1
E100076,2020-09-03,5,2,4
E100076,2022-07-21,4,3,4
E100077,2021-03-27,3,2,1
E100077,2020-06-19,1,2,3
E100077,2021-11-04,4,2,1
E100078,2020-08-27,3,2,2
E100079,2021-02-17,1,2,2
E100079,2020-09-28,2,2,5
E100080,2019-03-22,2,5,4
E100080,2019-11-05,2,1,5
E100080,2019-08-19,3,4,1
E100081,2019-10-23,5,4,5
E100081,2019-04-12,4,1,3
E100081,2021-03-06,5,2,5
E100082,2021-09-22,1,2,2
E100082,2021-10-01,1,5,2
E100083,2019-07-22,1,3,3
E100084,2022-01-17,5,2,2
E100085,2020-05-20,4,4,3
E100085,2020-02-09,2,2,3
E100086,2020-08-01,2,5,4
E100086,2023-05-10,5,2,4
E100087,2020-02-03,4,4,1
E100088,2020-03-31,5,5,1
E100089,2019-06-05,3,1,5
E100090,2021-01-06,5,2,3
E100090,2019-10-08,3,3,3
E100091,2022-02-19,2,5,1
E100091,2020-06-21,4,3,4
E100091,2019-05-18,5,3,3
E100092,2019-07-01,1,3,2
E100092,2019-09-18,3,4,3
E100093,2019-07-09,1,1,5
E100094,2019-06-04,1,3,2
E100095,2023-05-31,4,2,4
E100095,2021-08-16,3,2,5
E100096,2020-08-03,2,3,3
E100097,2022-12-26,5,4,4
E100098,2023-01-29,1,1,1
E100098,2023-08-01,3,1,5
E100099,2019-12-19,2,4,5
E100099,2019-11-18,4,5,4
E100099,2021-02-16,4,3,1
E100100,2023-10-05,3,5,3
E100100,2023-08-28,4,4,3
E100101,2023-03-14,1,5,4
E100101,2021-06-10,2,3,3
E100101,2019-07-17,4,3,2
E100102,2019-11-25,2,5,1
E100102,2020-03-04,2,1,3
E100102,2022-10-10,2,5,2
E100103,2019-04-28,4,2,1
E100103,2023-02-14,3,2,1
E100104,2019-09-12,3,2,5
E100104,2023-10-16,3,5,3
E100104,2019-05-16,1,2,3
E100105,2023-06-06,1,5,1
E100105,2023-10-01,2,3,2
E100105,2021-06-23,4,2,4
E100106,2021-04-02,4,4,3
E100106,2021-08-26,2,2,3
E100106,2020-02-02,5,2,3
E100107,2020-04-13,5,5,1
E100108,2021-05-16,5,3,3
E100108,2020-08-18,1,5,1
E100109,2021-03-30,3,2,4
E100109,2020-04-23,3,4,5
E100109,2021-04-19,3,1,3
E100110,2020-02-04,3,1,5
E100110,2021-09-16,1,5,4
E100110,2019-11-03,4,3,3
E100111,2021-04-04,3,5,1
E100111,2022-10-07,3,5,5
E100112,2020-12-26,1,4,3
E100112,2020-09-12,4,1,5
E100112,2020-10-19,1,4,5
E100113,2020-05-06,2,5,4
E100113,2023-11-04,2,1,3
E100113,2022-06-12,4,2,3
E100114,2023-09-08,2,3,4
E100114,2022-01-06,1,3,1
E100114,2022-02-25,2,4,3
E100115,2020-11-29,4,3,2
E100115,2020-01-13,5,5,2
E100116,2021-04-09,3,2,5
E100116,2021-03-20,3,2,3
E100116,2021-05-11,4,5,2
E100117,2019-07-06,2,3,1
E100117,2021-08-17,2,5,1
E100117,2023-02-16,1,1,1
E100118,2020-07-30,2,3,3
E100118,2021-09-19,3,4,5
E100118,2023-09-02,2,1,5
E100119,2022-05-20,1,4,3
E100119,2023-01-19,3,3,3
E100120,2020-01-28,2,5,1
E100121,2021-08-31,5,5,1
E100121,2021-09-15,3,2,4
E100122,2019-06-03,2,4,4
E100122,2021-11-04,1,1,4
E100122,2020-05-22,4,5,5
E100123,2023-06-19,5,3,5
E100123,2020-10-31,5,3,3
E100123,2023-06-20,4,4,1
E100124,2020-03-23,2,2,2
E100124,2019-11-05,5,2,1
E100125,2021-01-03,4,3,1
E100125,2021-11-30,2,5,5
E100126,2023-06-20,2,2,2
E100126,2021-10-02,1,1,1
E100127,2022-02-04,2,3,4
E100127,2023-03-07,1,5,5
E100128,2023-03-12,1,2,2
E100129,2023-04-03,2,1,2
E100130,2020-09-26,3,2,1
E100130,2022-06-03,2,3,5
E100130,2023-11-03,4,2,5
E100131,2019-10-16,1,5,2
E100131,2019-03-22,4,4,4
E100132,2022-11-24,5,3,4
E100132,2019-11-27,3,3,4
E100132,2023-10-09,4,5,2
E100133,2019-06-14,1,2,3
E100134,2019-06-13,5,4,5
E100134,2019-08-22,2,4,1
E100134,2020-07-12,4,3,1
E100135,2019-07-31,4,4,1
E100136,2020-06-30,1,1,2
E100136,2022-08-09,1,5,2
E100136,2019-12-03,3,1,5
E100137,2019-12-13,5,2,1
E100137,2019-10-21,5,5,1
E100137,2020-08-06,5,4,2
E100138,2019-05-25,5,4,3
E100139,2022-09-30,5,5,3
E100139,2022-02-22,4,2,5
E100140,2020-12-31,1,5,1
E100140,2019-08-13,4,1,1
E100140,2022-03-13,3,1,1
E100141,2023-10-11,5,4,3
E100141,2019-08-08,2,2,4
E100141,2021-04-11,3,5,2
E100142,2019-08-12,1,1,5
E100142,2021-09-16,1,1,2
E100142,2020-09-15,4,5,1
E100143,2022-03-02,4,1,4
E100143,2019-11-21,3,5,1
E100144,2020-05-06,1,4,5
E100144,2021-09-14,5,2,3
E100144,2021-04-06,3,4,3
E100145,2019-08-11,2,3,3
E100145,2020-11-29,1,5,3
E100146,2021-02-17,5,1,5
E100146,2021-01-24,2,3,1
E100146,2022-07-15,3,1,5
E100147,2022-07-11,1,4,1
E100147,2019-11-13,1,2,4
E100148,2020-08-19,3,4,1
E100149,2021-10-14,3,4,3
E100149,2019-05-21,2,1,5
E100150,2023-01-31,4,2,3
E100150,2020-06-11,3,2,4
E100151,2020-06-02,5,2,3
E100152,2023-03-28,4,1,1
E100152,2023-06-17,4,2,1
E100153,2020-12-12,4,1,5
E100153,2023-08-14,1,5,2
E100153,2023-05-25,4,2,2
E100154,2020-02-08,3,1,3
E100154,2020-06-05,5,5,4
E100155,2020-11-22,4,2,1
E100155,2020-11-11,4,5,1
E100156,2021-07-14,2,5,1
E100157,2022-02-18,5,1,5
E100158,2023-10-08,5,1,3
E100159,2023-04-26,1,4,5
E100160,2022-07-06,2,2,1
E100160,2019-09-02,3,3,5
E100160,2021-07-16,5,5,1
E100161,2022-02-08,1,5,5
E100162,2023-01-06,2,3,2
E100163,2021-04-22,2,3,4
E100163,2020-02-11,3,2,2
E100163,2019-10-17,3,1,2
E100164,2019-08-16,5,3,4
E100165,2021-06-07,3,1,2
E100166,2019-10-15,4,1,2
E100167,2023-06-05,4,4,1
E100167,2022-06-17,3,1,1
E100167,2020-10-26,2,5,4
E100168,2021-04-24,2,5,5
E100168,2020-10-26,5,4,1
E100168,2022-05-08,4,5,1
E100169,2021-02-03,5,4,5
E100170,2020-03-30,3,1,5
E100170,2021-03-31,5,3,3
E100171,2020-11-13,1,4,5
E100172,2020-02-27,5,5,2
E100172,2020-06-30,3,3,2
E100173,2022-02-24,1,3,4
E100174,2021-08-20,2,2,5
E100174,2022-06-09,2,1,2
E100174,2022-09-09,3,2,2
E100175,2020-05-29,2,3,1
E100175,2019-06-10,4,2,1
E100175,2023-02-24,1,5,5
E100176,2021-02-21,2,2,3
E100176,2019-04-04,1,1,1
E100177,2020-09-06,4,3,1
E100178,2021-10-21,3,4,1
E100178,2023-02-05,1,4,5
E100178,2023-07-17,5,5,2
E100179,2022-05-24,1,5,1
E100179,2023-04-11,3,4,3
E100179,2022-11-10,4,3,1
E100180,2019-04-12,4,3,3
E100180,2020-05-08,1,5,2
E100180,2022-04-25,4,4,3
E100181,2020-12-19,1,4,1
E100181,2019-07-27,1,1,3
E100181,2021-08-11,1,4,1
E100182,2022-01-23,3,1,5
E100183,2019-05-22,1,5,4
E100183,2019-04-07,4,3,4
E100184,2019-05-24,2,4,3
E100184,2021-01-11,2,3,3
E100185,2019-05-18,5,4,3
E100186,2019-09-24,5,1,1
E100186,2020-08-14,4,3,5
E100186,2021-11-24,3,1,1
E100187,2019-05-19,3,3,4
E100188,2023-05-11,2,3,4
E100188,2020-12-07,3,3,3
E100188,2020-10-25,3,4,2
E100189,2021-11-25,4,1,1
E100189,2019-08-12,1,5,4
E100190,2019-09-09,1,2,5
E100190,2022-04-12,2,2,3
E100191,2021-08-02,3,4,5
E100191,2021-07-21,2,5,2
E100191,2019-03-14,4,2,2
E100192,2021-09-04,4,4,5
E100193,2020-03-30,5,3,2
E100193,2021-01-03,1,5,1
E100193,2023-03-17,5,5,1
E100194,2022-05-01,1,3,3
E100194,2019-12-06,2,2,2
E100195,2019-07-31,1,1,2
E100195,2020-02-29,1,5,3
E100195,2019-09-03,3,4,1
E100196,2020-12-03,3,1,3
E100196,2021-05-16,3,2,3
E100196,2022-08-12,5,5,3
E100197,2023-01-01,3,5,2
E100197,2023-10-20,4,5,2
E100198,2021-07-20,5,5,1
E100198,2022-04-10,3,3,4
E100198,2019-08-11,3,3,4
E100199,2022-09-12,2,5,2
E100200,2021-06-18,4,2,4
E100201,2022-11-28,4,2,1
E100202,2021-10-16,5,2,2
E100203,2021-09-03,1,3,3
E100203,2022-09-22,4,2,3
E100204,2021-01-28,2,5,2
E100204,2019-12-12,2,1,2
E100204,2021-01-10,4,4,3
E100205,2023-05-29,2,5,4
E100206,2021-08-23,1,1,1
E100206,2021-01-17,1,2,3
E100207,2020-02-18,5,3,3
E100207,2023-06-05,2,5,4
E100207,2022-06-15,4,5,5
E100208,2022-11-21,3,1,2
E100209,2022-12-29,2,5,4
E100209,2022-08-10,3,2,1
E100210,2020-04-30,3,2,5
E100210,2022-06-17,4,4,2
E100211,2021-12-31,5,5,5
E100212,2020-11-28,5,5,2
E100213,2020-11-08,5,2,2
E100214,2023-07-14,2,3,5
E100214,2022-08-08,2,1,3
E100214,2022-12-06,3,5,2
E100215,2023-09-03,2,5,3
E100216,2019-07-30,2,4,2
E100216,2023-01-29,3,1,3
E100216,2021-09-08,1,5,1
E100217,2022-05-30,4,5,2
E100218,2021-09-02,3,2,5
E100218,2019-07-22,5,2,4
E100219,2022-12-29,5,3,5
E100219,2022-12-16,1,3,5
E100219,2019-06-18,1,1,2
E100220,2020-05-07,1,1,1
E100221,2020-04-25,2,5,1
E100221,2019-08-04,4,4,1
E100222,2020-08-28,2,4,5
E100223,2020-08-22,4,1,2
E100223,2023-05-21,2,3,4
E100224,2021-08-19,3,3,4
E100224,2022-05-17,3,4,3
E100224,2019-12-17,4,4,1
E100225,2022-04-04,2,3,3
E100226,2023-06-01,2,3,3
E100226,2022-01-23,1,1,1
E100227,2021-02-11,4,3,2
E100227,2019-06-15,3,4,4
E100227,2023-05-31,3,1,4
E100228,2019-07-11,2,1,1
E100228,2023-03-17,2,4,5
E100228,2022-04-16,2,3,5
E100229,2021-03-19,3,1,4
E100230,2020-11-28,1,4,5
E100230,2019-10-15,5,1,4
E100231,2021-08-13,2,2,5
E100231,2021-09-25,1,1,5
E100232,2020-04-26,5,1,5
E100232,2022-07-14,3,2,1
E100232,2019-05-19,2,4,4
E100233,2023-06-01,5,3,1
E100234,2023-05-15,4,2,3
E100234,2023-02-22,2,1,1
E100235,2023-07-14,3,3,3
E100235,2020-02-07,1,5,5
E100235,2020-10-24,3,2,3
E100236,2021-03-11,5,2,1
E100236,2019-07-13,1,2,1
E100236,2021-09-05,2,4,4
E100237,2021-01-13,1,4,2
E100237,2022-08-17,2,3,1
E100237,2022-08-04,3,5,3
E100238,2023-01-02,3,2,1
E100238,2023-07-23,4,1,2
E100239,2023-05-10,2,4,1
E100240,2022-08-25,1,5,4
E100240,2022-02-13,5,1,4
E100241,2020-04-06,2,5,4
E100241,2022-06-06,4,1,5
E100241,2022-04-18,2,3,1
E100242,2021-07-04,4,5,3
E100242,2021-03-22,4,5,5
E100242,2022-08-21,4,3,2
E100243,2019-04-03,1,2,4
E100243,2023-01-28,1,2,5
E100243,2021-04-15,1,1,2
E100244,2020-03-06,3,2,5
E100244,2020-09-04,3,3,4
E100244,2019-07-25,3,3,2
E100245,2019-08-22,5,4,5
E100245,2020-03-22,5,5,4
E100245,2023-05-03,2,5,4
E100246,2019-09-05,4,5,1
E100246,2023-02-14,4,4,5
E100247,2020-05-23,4,2,1
E100248,2020-05-19,4,4,5
E100248,2021-03-24,5,3,5
E100249,2019-03-25,2,1,2
E100250,2023-01-12,2,5,3
E100250,2021-12-24,4,4,5
E100251,2023-06-17,1,3,5
E100251,2022-03-31,4,1,3
E100251,2022-02-18,5,1,2
E100252,2022-04-07,5,5,5
E100253,2021-06-23,1,1,4
E100254,2021-07-18,2,1,5
E100254,2020-12-25,4,5,2
E100255,2019-07-24,1,3,2
E100255,2019-06-07,1,3,1
E100255,2019-11-16,5,1,1
E100256,2022-01-04,5,5,2
E100257,2019-10-19,1,4,5
E100257,2021-01-30,3,3,5
E100258,2019-04-11,4,2,4
E100258,2020-06-28,3,5,2
E100259,2023-06-01,1,2,1
E100259,2019-10-27,2,4,2
E100260,2023-04-24,4,4,2
E100261,2023-06-17,3,3,2
E100261,2021-04-02,2,5,4
E100261,2021-10-13,2,2,4
E100262,2019-06-30,4,1,3
E100262,2019-09-08,5,4,3
E100263,2021-10-13,5,4,5
E100263,2020-05-15,2,1,5
E100264,2023-07-20,2,2,2
E100265,2022-12-25,3,2,1
E100265,2021-08-04,2,5,5
E100266,2019-10-30,2,2,2
E100267,2021-08-24,5,5,2
E100267,2022-08-15,2,3,5
E100267,2023-06-22,1,1,4
E100268,2023-05-25,5,1,5
E100268,2023-08-12,4,4,5
E100269,2022-03-02,4,2,5
E100270,2019-04-15,3,5,1
E100270,2020-08-08,2,3,3
E100270,2021-09-25,5,1,2
E100271,2022-04-23,3,4,2
E100272,2023-08-24,1,3,1
E100272,2021-01-04,5,5,3
E100272,2019-06-02,1,5,3
E100273,2020-03-23,1,5,3
E100274,2023-06-09,1,4,1
E100274,2020-05-02,1,5,5
E100274,2019-11-17,3,1,1
E100275,2020-09-11,1,5,5
E100275,2019-11-10,4,4,3
E100275,2022-04-17,1,1,4
E100276,2023-07-07,4,1,3
E100276,2019-04-26,2,4,1
E100276,2019-04-09,1,2,5
E100277,2021-08-15,1,1,3
E100277,2022-12-01,4,2,5
E100277,2020-01-03,4,1,3
E100278,2023-03-29,1,5,2
E100278,2020-12-28,5,2,5
E100278,2019-07-25,4,1,5
E100279,2020-09-17,4,1,5
E100280,2021-11-18,5,5,4
E100280,2019-03-13,2,5,2
E100281,2020-09-20,2,2,4
E100281,2022-10-18,5,3,3
E100282,2023-09-06,5,2,4
E100282,2020-11-05,4,4,5
E100283,2023-03-25,2,3,1
E100283,2023-02-05,5,3,1
E100284,2023-06-16,3,2,3
E100284,2023-08-05,5,4,2
E100285,2023-05-12,3,5,4
E100285,2021-04-10,3,2,3
E100286,2021-08-25,4,2,3
E100286,2019-08-06,5,2,4
E100286,2021-11-15,1,1,3
E100287,2020-10-28,4,4,4
E100288,2020-07-22,3,1,4
E100288,2023-06-20,4,4,3
E100289,2019-06-03,2,2,5
E100289,2021-06-29,2,2,3
E100289,2019-09-09,1,3,3
E100290,2019-12-13,2,2,5
E100291,2019-06-15,4,4,1
E100291,2023-06-14,1,5,5
E100292,2021-03-09,3,1,3
E100293,2022-04-30,3,3,4
E100293,2020-12-13,3,5,1
E100294,2022-09-27,5,3,4
E100294,2021-03-19,5,3,5
E100294,2020-08-28,1,5,1
E100295,2022-06-26,1,2,2
E100295,2023-07-25,4,3,2
E100296,2020-08-23,1,3,2
E100297,2021-01-27,3,2,5
E100298,2023-03-29,2,5,1
E100298,2022-08-18,4,4,1
E100298,2020-09-05,4,4,3
E100299,2022-01-20,2,4,2
E100299,2020-11-13,1,1,1
E100300,2019-10-31,2,3,1
E100300,2023-07-23,4,1,5
E100300,2021-08-21,4,1,1
E100301,2020-04-16,1,1,5
E100302,2020-01-04,1,1,1
E100303,2022-02-07,2,4,2
E100303,2020-03-10,5,3,3
E100303,2020-10-28,4,4,5
E100304,2023-04-17,2,1,4
E100305,2019-04-23,4,5,5
E100305,2020-10-08,2,5,1
E100306,2023-08-24,4,2,2
E100306,2022-12-24,2,4,5
E100306,2021-05-12,4,2,5
E100307,2019-11-27,1,2,3
E100308,2023-06-29,4,3,2
E100308,2022-04-11,3,5,5
E100308,2022-06-28,3,2,2
E100309,2019-04-14,3,2,1
E100309,2022-04-30,5,1,4
E100309,2020-03-19,3,4,2
E100310,2021-07-13,5,1,1
E100310,2022-11-28,4,1,2
E100311,2021-08-15,3,4,4
E100312,2023-07-28,2,4,1
E100312,2021-07-23,1,5,3
E100312,2020-09-06,5,1,5
E100313,2019-08-26,3,4,1
E100313,2019-12-15,3,4,5
E100314,2019-04-23,2,3,5
E100315,2021-09-16,1,3,2
E100316,2021-12-26,3,1,5
E100316,2022-06-18,3,1,1
E100316,2020-09-21,3,2,5
E100317,2020-04-07,5,1,5
E100317,2019-06-18,4,4,5
E100317,2020-09-28,1,1,1
E100318,2021-10-31,3,4,4
E100318,2019-08-19,1,5,4
E100318,2019-08-23,4,2,5
E100319,2022-11-01,4,2,3
E100319,2023-05-17,5,2,2
E100320,2021-10-17,2,3,4
E100320,2022-03-23,4,2,2
E100320,2021-05-28,1,3,2
E100321,2023-10-05,2,5,2
E100321,2021-11-07,3,1,4
E100321,2023-05-15,1,2,5
E100322,2023-02-02,4,1,3
E100323,2019-06-23,3,1,5
E100323,2020-05-13,4,1,2
E100323,2023-04-14,2,3,5
E100324,2019-12-07,1,1,4
E100325,2023-05-13,3,3,5
E100326,2021-01-18,5,5,2
E100326,2019-06-19,3,4,2
E100326,2020-07-13,3,3,5
E100327,2023-07-09,3,2,2
E100327,2021-03-17,2,5,1
E100328,2021-12-22,2,4,5
E100328,2019-10-05,1,4,1
E100328,2022-12-25,3,1,2
E100329,2022-10-08,1,3,5
E100329,2020-04-04,3,3,2
E100329,2020-01-22,3,2,5
E100330,2020-11-19,5,3,5
E100330,2021-07-23,3,5,2
E100330,2021-01-09,3,1,2
E100331,2020-05-27,5,4,2
E100331,2021-06-25,2,3,1
E100332,2020-06-26,2,4,3
E100332,2019-04-01,3,4,5
E100333,2021-12-16,2,4,1
E100333,2019-06-03,4,5,5
E100333,2020-04-05,2,1,3
E100334,2022-03-28,2,2,1
E100335,2023-04-10,3,2,5
E100335,2023-07-27,3,5,1
E100335,2022-11-21,3,1,1
E100336,2022-07-10,1,2,1
E100336,2021-11-14,2,4,4
E100337,2020-03-10,4,4,4
E100338,2021-04-14,1,1,2
E100338,2022-12-14,5,2,5
E100338,2020-02-01,4,5,2
E100339,2020-07-25,3,4,1
E100339,2021-06-22,1,4,5
E100339,2021-07-22,5,4,3
E100340,2020-03-01,4,2,3
E100340,2022-12-19,2,1,5
E100341,2021-01-27,3,1,4
E100341,2019-11-10,4,5,3
E100342,2021-09-14,5,5,2
E100343,2019-10-28,3,4,2
E100343,2020-08-19,3,2,2
E100344,2020-08-30,5,4,1
E100344,2022-03-21,1,4,4
E100345,2023-07-15,4,5,5
E100346,2020-06-12,3,2,4
E100346,2023-06-19,3,3,4
E100347,2021-05-20,5,3,4
E100347,2021-09-19,5,2,4
E100348,2020-10-16,2,1,5
E100348,2020-09-29,1,3,5
E100348,2021-01-18,2,3,3
E100349,2019-07-25,1,1,2
E100350,2023-11-01,2,4,5
E100351,2021-04-29,4,3,3
E100351,2021-11-05,2,1,4
E100352,2019-08-24,1,1,5
E100352,2022-05-15,1,4,1
E100352,2019-05-02,4,1,4
E100353,2022-12-24,2,4,2
E100353,2022-12-13,3,2,1
E100354,2019-09-24,5,5,2
E100354,2020-11-15,3,1,3
E100355,2021-09-16,2,3,4
E100355,2022-11-26,3,4,1
E100356,2019-11-07,2,2,5
E100356,2022-07-17,5,2,4
E100357,2020-09-23,5,3,3
E100357,2019-10-28,3,2,2
E100358,2020-01-23,5,2,1
E100358,2021-08-21,1,5,1
E100358,2019-09-12,5,2,2
E100359,2020-09-28,1,1,4
E100359,2019-03-16,1,2,2
E100360,2019-10-20,2,1,3
E100360,2022-05-15,1,3,3
E100360,2020-08-30,2,2,1
E100361,2021-12-02,4,5,3
E100361,2021-10-03,1,4,5
E100362,2021-07-10,1,4,2
E100362,2020-11-13,3,2,5
E100362,2022-07-27,4,3,4
E100363,2023-08-16,3,4,3
E100363,2023-10-25,3,4,1
E100363,2019-05-05,1,5,4
E100364,2022-12-14,1,4,5
E100364,2021-03-26,2,3,2
E100364,2020-07-12,1,4,3
E100365,2021-06-08,4,3,4
E100365,2022-08-10,2,5,4
E100366,2021-07-23,1,2,4
E100366,2022-09-18,4,3,4
E100367,2019-08-22,2,4,3
E100368,2019-06-09,2,1,1
E100368,2020-10-17,1,2,2
E100369,2020-12-23,2,2,5
E100370,2021-06-22,1,4,4
E100370,2022-12-28,5,2,3
E100370,2020-07-04,4,4,1
E100371,2023-07-20,2,2,3
E100372,2020-05-24,3,4,2
E100373,2021-12-24,3,5,4
E100373,2023-03-15,5,5,4
E100373,2020-11-24,1,5,3
E100374,2020-08-07,3,1,4
E100374,2019-03-15,1,4,3
E100374,2019-04-13,3,4,5
E100375,2022-06-01,2,3,4
E100376,2019-06-21,2,1,3
E100376,2020-03-05,4,2,1
E100376,2019-07-04,1,5,2
E100377,2023-03-01,1,3,4
E100377,2020-01-13,3,2,3
E100377,2019-06-06,3,3,3
E100378,2022-03-08,5,1,2
E100378,2019-12-26,2,4,2
E100379,2023-08-12,4,5,5
E100379,2023-10-20,3,5,3
E100379,2023-08-04,1,4,1
E100380,2019-06-16,2,5,4
E100381,2019-09-18,2,5,4
E100382,2019-08-04,3,2,4
E100382,2022-05-07,5,1,3
E100382,2022-01-23,5,1,2
E100383,2023-05-16,1,4,4
E100383,2021-02-10,4,2,4
E100384,2022-11-12,4,2,4
E100384,2019-08-03,2,3,3
E100385,2022-02-04,4,5,2
E100386,2023-02-24,5,1,2
E100386,2022-08-30,3,4,2
E100387,2021-12-22,4,5,5
E100387,2023-08-12,1,2,1
E100387,2019-04-14,3,2,3
E100388,2023-05-02,4,5,3
E100389,2019-06-19,5,2,4
E100389,2021-08-03,2,2,3
E100390,2021-11-26,3,4,4
E100390,2019-04-23,4,4,5
E100391,2023-09-25,1,5,4
E100391,2023-04-08,5,4,5
E100391,2022-04-06,4,5,5
E100392,2021-04-06,2,2,5
E100393,2022-02-03,5,2,3
E100394,2022-06-14,4,2,4
E100395,2023-04-29,4,1,3
E100396,2023-06-07,1,3,2
E100396,2019-07-05,5,2,5
E100396,2022-12-09,5,3,1
E100397,2019-07-14,2,1,1
E100397,2019-07-09,5,5,1
E100398,2021-02-05,4,2,1
E100398,2020-09-01,5,2,3
E100398,2019-04-16,5,2,2
E100399,2021-01-27,5,4,1
E100399,2022-01-16,4,1,4
E100399,2022-06-11,2,2,4
E100400,2019-07-02,5,5,3
E100400,2022-05-28,4,4,3
E100401,2021-06-14,2,4,1
E100402,2020-05-07,1,4,5
E100403,2023-03-12,2,1,5
E100403,2021-02-02,4,3,3
E100404,2019-10-20,3,4,3
E100404,2019-11-15,2,3,2
E100404,2022-02-21,1,5,5
E100405,2020-01-21,3,4,1
E100405,2022-01-10,3,3,1
E100406,2022-08-07,1,5,1
E100406,2022-06-08,4,4,4
E100407,2022-03-15,1,4,5
E100408,2021-11-19,3,2,3
E100408,2020-11-26,4,5,4
E100409,2019-08-01,1,3,2
E100409,2022-09-19,5,3,5
E100410,2022-02-11,1,3,5
E100410,2022-02-03,2,2,4
E100410,2022-05-29,2,5,1
E100411,2021-11-15,1,1,4
E100411,2019-11-17,5,4,5
E100412,2019-06-24,1,3,1
E100412,2020-10-03,5,3,4
E100412,2020-08-25,5,2,2
E100413,2019-07-22,5,4,3
E100413,2023-01-23,1,3,1
E100413,2021-01-10,5,2,2
E100414,2019-05-10,3,3,1
E100414,2019-12-31,4,3,4
E100414,2022-08-19,5,4,2
E100415,2020-02-21,1,1,2
E100416,2020-05-12,2,2,1
E100416,2023-07-08,2,3,1
E100417,2021-12-14,1,2,2
E100418,2019-11-24,2,4,3
E100418,2020-09-09,5,4,3
E100419,2022-12-20,4,5,1
E100419,2019-10-05,3,1,5
E100419,2020-06-11,2,1,4
E100420,2022-12-07,1,4,5
E100420,2022-09-19,4,5,1
E100420,2021-01-05,3,1,2
E100421,2020-06-12,4,1,4
E100422,2021-03-09,1,4,4
E100422,2022-05-05,2,4,5
E100422,2021-05-29,4,1,4
E100423,2022-09-10,3,2,1
E100423,2020-12-22,3,2,2
E100424,2020-02-28,1,4,1
E100424,2020-06-14,4,5,4
E100424,2020-12-09,2,1,5
E100425,2023-04-17,5,4,5
E100425,2023-11-02,3,4,2
E100426,2023-04-28,3,5,3
E100426,2020-06-21,5,5,3
E100427,2023-04-21,2,3,5
E100428,2021-01-06,5,5,1
E100428,2019-10-29,1,1,5
E100428,2019-06-06,4,1,2
E100429,2023-02-02,4,1,2
E100429,2019-06-12,2,1,3
E100430,2023-10-18,5,4,3
E100430,2020-10-30,4,5,3
E100430,2019-10-02,1,4,1
E100431,2021-10-07,2,2,3
E100432,2023-08-30,5,2,4
E100433,2023-07-28,1,1,5
E100434,2023-08-11,5,1,4
E100435,2019-05-27,2,4,3
E100436,2019-10-12,1,4,4
E100436,2022-12-05,4,1,2
E100437,2020-08-18,5,4,3
E100437,2021-11-14,2,5,1
E100438,2022-12-15,3,5,1
E100439,2020-08-19,4,4,5
E100440,2023-01-21,3,4,5
E100441,2023-03-07,4,1,4
E100441,2019-08-24,4,2,5
E100442,2020-03-27,3,5,1
E100442,2022-10-14,4,5,2
E100442,2023-05-04,5,4,1
E100443,2019-05-07,4,1,4
E100444,2022-02-01,1,5,3
E100444,2023-06-12,5,5,4
E100445,2020-11-05,5,5,3
E100445,2021-04-03,4,3,3
E100446,2023-08-17,4,3,3
E100446,2022-03-25,1,4,5
E100446,2021-11-29,2,2,3
E100447,2023-05-23,4,1,1
E100447,2022-06-23,2,5,5
E100447,2021-03-21,5,1,1
E100448,2020-03-20,4,1,4
E100448,2022-08-06,3,1,5
E100448,2019-09-29,4,2,5
E100449,2021-09-23,1,3,2
E100449,2021-11-10,5,3,3
E100449,2020-08-10,1,4,5
E100450,2021-02-15,2,5,5
E100450,2023-05-08,3,4,5
E100450,2023-08-02,2,2,2
E100451,2021-02-02,4,4,5
E100451,2022-01-18,2,4,5
E100452,2020-04-30,1,4,3
E100452,2022-05-14,5,3,3
E100452,2021-07-17,2,4,3
E100453,2019-09-17,1,1,2
E100454,2023-01-27,5,5,2
E100455,2021-03-14,4,2,5
E100456,2022-08-31,3,5,1
E100456,2021-01-22,2,1,1
E100456,2023-04-29,4,3,4
E100457,2022-07-17,3,1,5
E100457,2021-08-03,4,1,5
E100457,2020-12-18,3,3,5
E100458,2021-12-25,4,4,1
E100458,2021-10-05,1,3,4
E100458,2022-06-03,5,3,2
E100459,2021-04-26,4,5,5
E100459,2023-02-14,3,5,3
E100459,2020-06-24,5,1,3
E100460,2022-10-01,2,4,3
E100461,2022-08-08,4,4,2
E100461,2020-06-01,4,5,1
E100461,2020-07-26,2,3,5
E100462,2023-06-12,2,4,2
E100462,2019-12-19,2,1,4
E100462,2021-08-09,1,3,3
E100463,2019-12-14,2,4,4
E100464,2023-01-06,1,3,5
E100464,2021-03-25,5,4,1
E100464,2023-03-28,5,2,2
E100465,2019-12-15,4,5,4
E100465,2020-07-31,5,1,2
E100465,2021-04-04,1,4,4
E100466,2020-08-19,2,2,3
E100467,2022-01-12,3,4,4
E100468,2019-03-15,1,1,3
E100468,2019-09-17,1,4,5
E100469,2020-05-18,2,2,5
E100469,2019-10-09,1,4,3
E100470,2022-05-18,5,2,3
E100470,2021-06-27,5,5,3
E100471,2023-09-18,4,1,3
E100472,2023-04-30,1,2,2
E100472,2023-09-24,1,5,2
E100473,2019-11-08,2,4,1
E100474,2023-09-24,2,4,1
E100474,2020-07-16,5,3,1
E100474,2019-10-14,4,2,2
E100475,2023-02-27,5,3,4
E100475,2019-06-24,3,1,3
E100475,2021-03-03,2,4,4
E100476,2020-01-23,2,5,4
E100476,2019-10-23,3,3,4
E100476,2023-06-29,4,1,2
E100477,2020-04-13,4,5,2
E100478,2020-08-20,2,1,2
E100478,2023-05-12,5,2,2
E100479,2022-03-24,1,2,3
E100480,2022-01-23,2,5,3
E100480,2021-07-12,2,1,1
E100480,2021-07-30,5,1,1
E100481,2022-03-30,5,5,5
E100482,2022-01-23,3,1,3
E100483,2023-08-18,3,2,4
E100483,2023-04-06,1,5,4
E100483,2022-09-17,4,5,4
E100484,2019-09-02,5,5,3
E100484,2023-04-09,2,4,5
E100484,2020-05-30,5,3,2
E100485,2020-08-02,3,2,1
E100485,2022-12-24,2,5,3
E100486,2020-06-02,2,2,3
E100486,2022-01-15,3,2,4
E100487,2021-09-14,2,3,2
E100487,2023-09-05,3,2,1
E100487,2020-10-30,5,5,3
E100488,2022-07-03,5,5,3
E100488,2021-06-10,3,3,4
E100489,2023-01-08,1,1,2
E100490,2020-05-01,3,4,1
E100490,2019-07-23,3,5,4
E100491,2019-05-22,5,5,5
E100491,2023-01-25,3,1,5
E100492,2021-06-25,3,1,2
E100493,2021-08-28,3,4,1
E100494,2020-02-02,2,2,3
E100495,2021-08-14,5,3,4
E100495,2019-11-16,2,3,4
E100496,2020-01-10,4,3,3
E100496,2020-02-05,2,3,1
E100497,2023-09-29,5,2,2
E100497,2023-07-12,2,4,5
E100498,2022-02-23,2,4,3
E100499,2023-05-07,1,5,1
E100500,2019-09-22,1,3,2
E100501,2019-05-15,3,2,5
E100502,2023-02-18,5,3,1
E100502,2023-01-12,3,3,5
E100503,2020-12-30,2,3,4
E100504,2022-06-09,4,1,4
E100505,2021-06-12,3,5,5
E100506,2023-02-16,1,1,2
E100506,2022-07-16,2,4,1
E100507,2019-03-15,1,3,5
E100508,2022-11-21,5,4,1
E100508,2021-09-18,3,5,2
E100508,2019-08-12,2,2,4
E100509,2022-09-01,5,2,2
E100509,2021-04-18,5,3,2
E100510,2020-04-08,2,2,5
E100510,2020-02-23,2,4,3
E100511,2023-08-21,1,3,4
E100511,2019-07-15,4,3,3
E100511,2021-06-06,3,3,2
E100512,2019-12-26,3,1,3
E100513,2022-06-24,2,5,5
E100513,2021-09-01,4,1,1
E100513,2020-01-25,2,3,4
E100514,2019-08-09,1,2,4
E100514,2022-10-29,5,5,2
E100515,2022-03-10,3,1,3
E100515,2021-04-19,4,3,1
E100515,2020-09-09,5,5,4
E100516,2023-10-22,2,3,3
E100516,2020-08-10,4,3,5
E100517,2023-05-28,1,2,1
E100517,2019-10-05,1,3,4
E100518,2020-02-06,3,3,5
E100519,2021-01-20,4,2,3
E100520,2023-05-29,5,1,1
E100521,2019-09-21,1,5,3
E100521,2022-05-17,2,4,2
E100521,2023-05-14,2,3,1
E100522,2019-10-20,4,5,4
E100523,2023-02-08,2,2,2
E100523,2019-10-26,1,3,3
E100523,2020-04-08,2,2,5
E100524,2022-01-26,1,4,1
E100524,2020-01-18,5,3,1
E100524,2023-10-18,2,5,3
E100525,2023-08-17,2,4,1
E100526,2021-12-06,3,5,5
E100526,2023-05-15,1,1,5
E100527,2021-08-16,5,3,4
E100528,2022-04-02,4,3,4
E100528,2019-04-24,4,2,3
E100528,2023-03-20,5,1,3
E100529,2021-12-19,2,2,4
E100529,2019-03-29,5,5,4
E100529,2022-08-09,2,4,1
E100530,2021-08-25,2,2,5
E100530,2022-11-20,4,5,4
E100531,2020-09-04,2,3,5
E100532,2023-04-18,1,3,1
E100532,2022-04-01,1,5,5
E100533,2023-10-04,4,4,2
E100533,2021-01-18,3,1,4
E100533,2019-06-10,2,3,1
E100534,2022-04-30,1,2,1
E100535,2020-05-03,3,3,3
E100535,2023-04-30,1,5,2
E100536,2021-05-19,5,2,2
E100536,2020-02-29,2,2,4
E100537,2023-08-12,2,5,2
E100537,2020-05-14,2,5,2
E100537,2022-12-22,2,4,4
E100538,2020-08-24,1,1,3
E100538,2022-01-28,3,1,3
E100539,2019-03-21,3,1,5
E100539,2020-08-18,2,4,5
E100540,2023-03-17,4,1,4
E100540,2019-09-28,5,5,3
E100541,2022-06-21,3,4,3
E100542,2019-07-31,4,5,3
E100542,2022-01-27,4,1,2
E100542,2019-03-19,4,4,2
E100543,2019-04-09,4,4,3
E100543,2019-04-14,1,4,3
E100544,2019-07-22,3,1,4
E100545,2023-01-27,1,4,3
E100545,2022-03-01,1,5,5
E100545,2022-12-26,3,3,2
E100546,2022-12-21,2,4,2
E100546,2022-05-14,5,2,5
E100546,2019-06-07,4,5,3
E100547,2022-06-22,4,1,4
E100548,2022-02-03,5,3,5
E100548,2019-07-30,3,4,3
E100549,2023-02-13,5,4,5
E100550,2021-07-12,4,2,5
E100551,2020-03-08,4,5,1
E100552,2023-09-17,5,5,2
E100552,2022-11-08,4,5,3
E100552,2023-08-10,3,2,1
E100553,2020-11-05,2,1,1
E100553,2022-02-01,2,2,3
E100554,2021-08-11,4,3,2
E100554,2023-08-17,3,3,2
E100554,2020-12-03,3,5,3
E100555,2019-07-26,5,4,3
E100556,2021-05-17,2,5,1
E100556,2020-03-09,3,3,3
E100557,2022-01-10,5,2,1
E100557,2019-03-23,1,3,2
E100558,2020-01-03,4,3,4
E100558,2023-10-27,2,2,2
E100559,2022-02-08,1,4,2
E100559,2022-06-21,1,5,2
E100559,2023-08-26,1,3,5
E100560,2023-06-10,5,2,4
E100560,2022-04-14,2,1,4
E100561,2021-10-22,3,3,4
E100561,2023-07-01,5,2,4
E100562,2023-10-13,3,4,1
E100562,2021-03-24,2,4,1
E100563,2019-12-21,2,3,2
E100563,2020-11-26,4,4,5
E100564,2022-10-21,3,5,1
E100564,2022-11-02,5,5,4
E100564,2021-12-25,1,3,4
E100565,2022-02-17,1,2,2
E100566,2021-07-28,3,2,5
E100566,2021-07-18,3,4,2
E100567,2021-06-08,5,4,1
E100568,2021-12-15,5,5,3
E100568,2022-07-23,3,1,4
E100568,2022-06-24,4,4,3
E100569,2021-07-26,3,4,3
E100569,2022-07-16,2,4,5
E100569,2022-08-20,1,3,1
E100570,2023-06-21,1,2,1
E100571,2019-08-28,5,1,4
E100571,2022-12-27,4,4,1
E100571,2020-01-05,2,5,5
E100572,2021-08-27,3,5,2
E100572,2023-07-05,4,3,2
E100572,2019-05-22,4,5,5
E100573,2020-10-12,3,1,1
E100573,2022-03-16,4,2,4
E100573,2023-10-25,2,5,5
E100574,2023-06-29,3,3,5
E100574,2021-10-23,3,5,3
E100574,2021-10-12,3,3,2
E100575,2022-07-17,4,3,2
E100576,2022-03-24,3,2,1
E100576,2023-01-26,4,5,5
E100577,2020-08-26,1,3,2
E100578,2023-08-01,3,4,3
E100578,2023-10-13,2,5,4
E100579,2023-03-21,1,3,2
E100579,2019-07-28,2,4,5
E100580,2020-02-22,1,4,2
E100580,2021-12-22,2,5,3
E100581,2022-07-30,5,5,2
E100581,2020-10-06,3,2,1
E100581,2019-06-29,2,5,4
E100582,2021-10-15,5,4,3
E100582,2019-06-26,5,1,1
E100583,2019-08-24,1,1,4
E100584,2023-08-15,4,4,5
E100585,2019-04-08,4,2,1
E100585,2022-05-02,1,5,4
E100585,2022-07-11,2,5,1
E100586,2020-09-10,3,2,2
E100586,2023-09-29,4,2,1
E100586,2023-03-08,4,5,4
E100587,2022-08-22,2,3,1
E100588,2021-11-28,2,4,4
E100588,2020-10-30,5,3,1
E100588,2021-07-29,4,2,4
E100589,2019-08-06,2,4,1
E100590,2020-07-20,4,2,2
E100590,2023-04-27,2,1,1
E100590,2020-05-13,3,1,4
E100591,2021-04-25,4,2,3
E100591,2022-06-14,5,2,2
E100592,2020-04-05,4,2,2
E100593,2021-06-01,1,5,2
E100593,2019-06-29,3,2,4
E100594,2019-08-17,1,3,5
E100595,2022-03-11,1,3,2
E100595,2023-07-14,5,2,2
E100596,2022-08-28,4,4,1
E100596,2022-02-05,4,4,5
E100596,2022-08-30,2,5,4
E100597,2020-01-03,1,5,2
E100597,2019-12-13,1,1,5
E100597,2019-07-08,2,3,5
E100598,2019-07-12,2,4,5
E100598,2022-09-03,1,4,2
E100599,2019-12-09,5,2,5
E100599,2021-10-14,5,1,5
E100599,2022-03-07,4,1,3
E100600,2020-09-08,5,4,2
E100600,2022-09-15,2,1,5
E100601,2020-06-03,4,1,1
E100602,2022-01-04,5,4,5
E100602,2020-04-07,5,2,2
E100602,2019-11-13,5,2,3
E100603,2022-05-03,1,2,4
E100603,2019-06-27,2,5,3
E100603,2021-09-08,2,3,2
E100604,2020-01-20,5,3,2
E100605,2023-01-31,2,3,3
E100605,2022-05-30,3,4,2
E100605,2020-08-03,1,5,4
E100606,2022-05-19,1,3,1
E100607,2021-01-31,5,5,1
E100608,2019-10-02,2,3,5
E100608,2021-11-10,1,3,4
E100609,2019-09-04,5,1,1
E100610,2020-08-01,1,1,3
E100610,2019-07-07,3,2,2
E100611,2023-08-06,1,5,5
E100612,2022-12-28,1,3,4
E100612,2022-04-09,5,1,3
E100613,2021-05-09,2,1,5
E100613,2022-02-16,1,2,2
E100613,2020-11-04,1,5,2
E100614,2021-09-28,5,2,3
E100614,2021-02-19,5,1,3
E100615,2019-09-02,5,2,4
E100615,2020-03-13,5,1,1
E100615,2021-05-04,3,4,5
E100616,2019-11-22,5,2,2
E100616,2020-03-10,3,1,3
E100616,2019-04-20,3,5,3
E100617,2022-12-21,5,5,3
E100617,2022-06-19,1,1,2
E100618,2020-05-19,3,3,2
E100619,2021-07-23,5,5,3
E100620,2023-06-04,5,4,3
E100621,2020-12-12,2,2,2
E100621,2023-03-07,4,3,4
E100621,2020-02-19,5,2,5
E100622,2022-01-30,2,3,2
E100622,2021-10-09,2,5,5
E100622,2023-10-21,1,2,5
E100623,2020-08-26,3,3,2
E100624,2021-08-09,2,1,2
E100625,2023-03-06,3,5,4
E100625,2023-05-17,4,4,5
E100626,2021-11-25,5,5,1
E100626,2023-02-24,5,1,3
E100627,2020-10-19,1,3,5
E100628,2019-12-30,2,5,4
E100629,2022-06-12,2,2,4
E100630,2021-09-08,4,3,4
E100630,2019-08-17,2,1,3
E100631,2023-06-02,3,1,1
E100631,2020-01-23,2,5,2
E100632,2022-01-05,2,5,4
E100632,2022-10-25,1,4,2
E100633,2019-12-14,4,5,4
E100633,2020-03-15,4,1,4
E100633,2020-10-16,3,5,1
E100634,2019-06-18,3,2,3
E100634,2021-09-13,5,5,5
E100635,2021-12-09,1,2,2
E100635,2022-12-25,1,4,4
E100636,2020-04-21,4,4,1
E100637,2020-05-27,5,5,2
E100637,2023-04-19,4,1,4
E100637,2019-07-19,1,5,4
E100638,2022-05-12,2,1,5
E100638,2023-07-18,2,2,5
E100639,2021-04-02,3,5,4
E100639,2019-07-31,1,5,5
E100639,2022-07-23,1,3,4
E100640,2022-07-19,3,2,1
E100640,2020-08-02,2,5,2
E100640,2020-07-11,5,5,3
E100641,2020-06-23,4,3,3
E100641,2020-02-07,4,5,4
E100642,2023-01-24,5,3,5
E100642,2021-01-28,1,1,3
E100643,2020-07-17,3,3,3
E100643,2023-05-09,1,2,2
E100643,2020-01-05,5,2,4
E100644,2023-06-03,4,1,1
E100644,2019-07-21,4,2,2
E100645,2019-10-28,2,4,2
E100646,2023-01-14,5,5,1
E100646,2021-05-17,3,4,2
E100646,2021-01-27,3,3,1
E100647,2022-12-12,2,1,3
E100647,2023-03-28,4,1,5
E100647,2020-02-14,3,5,5
E100648,2023-02-15,3,1,4
E100648,2022-04-13,3,2,4
E100649,2023-08-07,5,4,4
E100649,2019-08-01,4,3,2
E100649,2022-01-13,4,2,5
E100650,2021-05-01,1,1,1
E100651,2021-01-14,5,4,5
E100651,2023-04-05,1,5,5
E100652,2020-09-27,1,2,5
E100652,2020-10-05,5,1,3
E100652,2021-11-09,4,1,4
E100653,2020-12-09,4,5,3
E100653,2022-01-05,2,3,3
E100654,2022-04-24,3,2,3
E100654,2020-05-10,5,5,4
E100655,2020-04-04,5,1,2
E100656,2021-04-23,1,3,2
E100656,2021-10-26,3,1,3
E100656,2022-03-21,3,1,3
E100657,2023-05-29,2,4,1
E100657,2021-12-02,1,1,1
E100657,2020-01-26,4,1,3
E100658,2022-09-12,5,2,4
E100658,2019-09-19,4,4,4
E100658,2022-12-01,5,1,2
E100659,2019-04-13,1,1,5
E100659,2020-11-20,2,2,4
E100660,2019-08-06,2,2,5
E100660,2020-02-26,1,1,4
E100661,2021-04-29,1,5,4
E100662,2020-05-22,2,1,2
E100662,2021-12-21,2,4,2
E100662,2022-03-30,4,1,2
E100663,2021-05-13,5,1,5
E100663,2019-07-18,2,2,3
E100663,2019-07-13,3,1,1
E100664,2019-12-30,1,4,2
E100665,2020-07-27,2,5,3
E100665,2021-05-11,1,1,5
E100665,2021-10-30,4,1,1
E100666,2023-08-27,5,5,2
E100667,2023-07-07,5,3,4
E100668,2020-12-04,5,4,3
E100668,2023-08-29,2,4,3
E100668,2023-05-11,1,5,1
E100669,2023-06-11,4,1,1
E100670,2020-06-15,2,2,5
E100671,2019-05-24,5,5,1
E100672,2021-01-15,4,2,3
E100673,2020-04-02,1,1,3
E100674,2019-04-15,1,5,4
E100674,2023-01-10,4,3,2
E100674,2019-08-31,3,3,4
E100675,2022-12-26,5,2,3
E100676,2023-09-27,3,5,2
E100676,2022-11-20,3,3,5
E100677,2022-09-14,5,5,5
E100678,2020-03-27,4,3,2
E100679,2023-01-19,5,5,3
E100680,2022-11-23,2,4,1
E100681,2022-08-18,4,1,3
E100682,2020-08-11,2,2,2
E100682,2022-04-18,3,2,2
E100682,2021-08-10,4,2,1
E100683,2022-09-15,1,1,5
E100683,2022-11-03,3,4,5
E100683,2022-06-30,3,2,1
E100684,2020-05-28,1,1,3
E100684,2023-05-27,3,5,5
E100684,2021-11-25,5,4,3
E100685,2023-05-29,5,4,1
E100686,2022-10-12,3,5,5
E100686,2022-08-05,3,1,1
E100687,2022-07-27,4,4,4
E100687,2022-04-04,5,5,3
E100687,2019-12-30,2,2,4
E100688,2023-11-05,5,3,4
E100688,2019-04-22,1,5,4
E100688,2019-05-25,3,4,2
E100689,2023-06-13,5,1,2
E100690,2021-04-13,2,3,4
E100690,2020-01-03,4,3,2
E100690,2021-11-11,3,4,2
E100691,2020-02-14,2,1,2
E100692,2021-12-10,2,2,5
E100693,2019-09-08,5,3,4
E100694,2020-07-07,3,3,2
E100694,2021-03-24,5,2,2
E100694,2023-06-20,1,4,2
E100695,2021-06-13,1,5,2
E100695,2021-03-20,2,5,2
E100696,2020-01-25,1,5,5
E100697,2020-12-19,2,5,2
E100698,2020-08-08,5,2,5
E100699,2022-08-05,1,4,3
E100699,2022-09-03,2,4,3
E100700,2021-03-26,2,2,2
E100700,2019-08-08,3,2,4
E100700,2020-03-01,2,4,2
E100701,2021-05-07,5,1,4
E100701,2022-04-08,1,5,1
E100702,2020-10-25,5,4,2
E100702,2019-09-29,5,4,3
E100702,2022-01-16,1,3,1
E100703,2022-04-02,2,2,5
E100704,2020-02-24,3,3,5
E100704,2021-11-09,4,2,3
E100705,2023-08-07,3,3,3
E100706,2021-03-12,1,1,5
E100707,2023-10-13,3,1,3
E100707,2021-08-02,2,2,3
E100708,2020-11-17,5,3,1
E100708,2023-07-29,2,3,4
E100708,2022-07-05,5,5,2
E100709,2020-12-15,3,4,1
E100709,2022-04-16,2,3,1
E100709,2019-09-03,1,2,1
E100710,2022-09-07,3,5,1
E100710,2022-12-09,3,2,3
E100710,2023-07-11,4,2,1
E100711,2019-07-07,1,2,2
E100711,2023-05-25,2,1,1
E100712,2022-06-05,1,1,1
E100712,2021-09-19,3,3,2
E100713,2023-02-16,3,2,4
E100714,2023-06-01,5,4,4
E100714,2020-07-24,2,5,2
E100714,2019-11-26,5,4,5
E100715,2022-12-13,1,3,3
E100715,2021-09-04,4,4,1
E100715,2022-01-30,1,4,1
E100716,2020-08-01,5,3,5
E100717,2022-07-12,5,4,3
E100717,2020-09-06,3,2,3
E100717,2023-08-26,5,5,1
E100718,2020-10-16,2,3,5
E100718,2019-09-12,1,3,1
E100718,2021-06-21,1,3,5
E100719,2021-08-24,1,4,2
E100719,2020-11-12,5,4,3
E100720,2022-09-23,4,2,3
E100720,2022-12-05,1,5,4
E100720,2023-04-12,4,4,1
E100721,2021-04-24,2,1,5
E100721,2023-09-17,1,4,2
E100722,2021-06-01,3,1,4
E100722,2020-02-24,4,3,5
E100723,2023-05-20,5,5,1
E100723,2021-05-28,4,2,5
E100724,2023-01-03,4,5,2
E100724,2021-05-22,1,1,2
E100725,2021-01-29,5,2,1
E100725,2021-04-22,4,1,3
E100726,2020-10-26,2,4,2
E100727,2023-06-22,1,4,3
E100728,2022-04-02,1,2,5
E100729,2023-10-17,4,2,5
E100729,2022-05-05,1,3,2
E100730,2023-09-09,4,2,2
E100730,2023-01-19,5,5,1
E100731,2023-09-20,1,3,1
E100731,2023-07-03,2,3,2
E100731,2019-08-11,5,4,1
E100732,2021-10-12,4,4,2
E100732,2023-01-19,5,3,2
E100732,2022-01-23,5,5,1
E100733,2022-09-16,1,5,4
E100733,2023-02-09,1,5,1
E100733,2022-10-27,1,4,1
E100734,2020-06-06,2,3,3
E100734,2020-09-14,3,3,3
E100735,2020-02-16,3,2,3
E100736,2021-01-18,1,4,4
E100737,2023-08-03,2,5,4
E100737,2023-03-17,1,4,1
E100738,2021-08-08,4,1,3
E100738,2020-02-04,1,1,3
E100738,2022-11-11,3,4,4
E100739,2020-07-28,2,2,1
E100739,2022-10-06,3,2,2
E100740,2020-03-07,3,5,2
E100740,2023-01-28,3,5,3
E100741,2022-07-15,4,2,2
E100742,2020-10-30,3,3,5
E100742,2023-10-06,2,1,3
E100742,2023-09-17,5,2,3
E100743,2023-01-16,3,1,2
E100743,2020-04-03,1,5,3
E100743,2022-04-12,4,3,2
E100744,2022-09-26,5,1,3
E100744,2023-04-28,1,3,4
E100745,2020-07-14,2,4,5
E100745,2022-12-26,2,3,5
E100746,2023-02-11,4,4,2
E100747,2022-05-03,4,1,4
E100747,2019-09-15,4,2,5
E100748,2020-03-21,4,5,3
E100749,2020-11-07,2,5,4
E100749,2019-05-06,4,4,5
E100750,2021-12-27,5,3,4
E100750,2019-07-13,2,5,1
E100751,2020-08-09,2,1,5
E100751,2021-06-16,5,4,3
E100752,2021-11-20,5,3,3
E100752,2020-08-15,2,4,3
E100753,2022-09-04,5,1,4
E100754,2023-06-01,4,3,4
E100754,2019-03-14,5,4,4
E100754,2020-05-29,3,2,2
E100755,2022-12-04,3,5,2
E100756,2020-02-27,4,5,4
E100757,2022-01-21,5,2,4
E100757,2023-09-06,1,2,5
E100757,2022-06-01,1,3,5
E100758,2023-04-09,4,5,2
E100758,2023-09-14,5,1,2
E100758,2022-03-07,5,4,4
E100759,2022-10-24,2,3,3
E100760,2019-09-26,4,4,2
E100761,2019-04-16,2,5,3
E100762,2021-07-05,5,4,2
E100763,2019-12-24,1,3,4
E100763,2019-07-10,1,3,5
E100764,2023-08-06,5,5,2
E100765,2021-12-20,2,2,1
E100765,2019-06-05,1,1,2
E100765,2022-04-11,4,2,2
E100766,2022-02-15,2,5,5
E100766,2019-03-28,3,4,4
E100767,2019-10-30,3,4,3
E100767,2021-04-19,5,2,4
E100767,2023-01-09,5,5,3
E100768,2019-09-03,3,4,5
E100768,2023-01-12,5,2,4
E100769,2022-11-01,3,1,2
E100769,2021-09-28,5,1,4
E100770,2020-04-24,5,4,1
E100770,2020-10-29,5,2,5
E100771,2023-11-04,2,4,1
E100771,2019-11-10,5,3,4
E100772,2022-04-18,5,3,3
E100773,2021-09-02,3,2,1
E100774,2022-11-13,1,4,3
E100774,2020-04-29,5,1,5
E100775,2019-06-12,5,4,4
E100775,2019-07-07,1,5,1
E100775,2022-07-10,1,4,4
E100776,2022-08-18,5,2,4
E100776,2022-09-03,2,5,5
E100776,2022-03-15,2,1,1
E100777,2020-07-07,2,4,1
E100777,2020-06-22,4,1,5
E100778,2019-10-01,1,1,5
E100778,2020-09-24,5,4,4
E100779,2020-05-09,4,4,5
E100779,2022-01-27,3,5,5
E100780,2022-02-28,4,4,2
E100780,2021-09-07,1,4,1
E100780,2022-02-12,2,4,5
E100781,2019-06-21,5,1,5
E100781,2022-01-27,5,2,5
E100782,2020-05-27,5,4,2
E100782,2022-01-22,5,4,1
E100783,2022-04-22,2,3,4
E100783,2022-03-01,5,5,2
E100784,2023-02-03,4,5,2
E100784,2022-08-30,3,2,3
E100785,2019-05-21,2,5,1
E100785,2023-03-02,4,2,1
E100786,2020-02-07,3,4,2
E100787,2019-05-02,4,4,1
E100788,2022-10-17,1,1,2
E100789,2019-06-28,5,1,1
E100790,2021-11-08,2,3,3
E100791,2021-02-07,2,1,2
E100791,2021-10-22,1,5,4
E100791,2020-03-25,2,4,2
E100792,2019-08-03,4,2,3
E100792,2021-07-18,2,1,4
E100793,2022-11-30,2,3,2
E100794,2022-11-30,1,3,4
E100794,2021-10-09,3,4,4
E100795,2020-11-27,1,3,5
E100795,2021-01-30,1,5,5
E100795,2021-05-29,5,4,1
E100796,2020-07-26,3,5,2
E100796,2023-07-16,2,4,2
E100797,2022-01-08,3,3,3
E100797,2021-06-17,2,3,2
E100798,2023-03-26,1,3,2
E100799,2022-01-09,3,4,1
E100800,2020-11-07,2,3,5
E100800,2021-12-24,4,1,4
E100801,2021-12-31,5,4,2
E100802,2022-10-24,1,3,1
E100803,2023-08-07,2,3,2
E100803,2022-01-27,3,2,2
E100804,2023-10-25,5,5,3
E100804,2021-02-25,2,3,4
E100805,2023-05-18,4,3,4
E100806,2023-02-04,4,4,5
E100807,2020-01-19,2,1,2
E100807,2023-10-18,2,2,5
E100807,2021-11-09,1,4,1
E100808,2019-04-10,4,1,1
E100808,2022-10-22,1,1,1
E100808,2020-12-15,5,4,2
E100809,2023-08-23,5,3,1
E100810,2020-08-24,2,4,1
E100810,2021-02-11,2,2,1
E100811,2021-06-20,1,4,5
E100811,2022-05-19,5,2,2
E100811,2019-09-11,1,2,4
E100812,2021-09-17,4,5,4
E100812,2021-12-19,5,2,1
E100813,2022-05-05,4,1,3
E100813,2019-08-11,3,1,5
E100813,2021-03-11,1,3,5
E100814,2021-08-31,3,1,4
E100814,2021-02-03,5,1,2
E100814,2020-10-02,2,1,4
E100815,2020-11-12,1,4,2
E100816,2023-04-09,3,2,2
E100817,2022-03-05,3,3,5
E100817,2021-04-11,2,2,5
E100817,2022-07-23,2,3,3
E100818,2020-07-06,4,3,5
E100818,2021-03-30,4,2,3
E100818,2019-10-11,2,3,3
E100819,2022-09-26,4,3,3
E100819,2021-12-30,5,5,2
E100820,2020-01-21,2,1,2
E100820,2022-02-10,2,2,3
E100821,2022-11-06,5,1,1
E100822,2020-02-29,4,5,3
E100822,2020-10-05,4,2,4
E100822,2022-02-04,4,3,2
E100823,2019-03-30,2,2,5
E100823,2023-06-18,1,5,1
E100824,2022-01-07,5,4,5
E100824,2022-12-27,3,3,3
E100825,2022-01-14,1,5,2
E100826,2020-07-01,1,4,1
E100826,2023-01-13,2,1,5
E100827,2023-09-24,1,1,3
E100827,2021-08-09,5,5,5
E100827,2021-12-07,5,4,1
E100828,2023-04-20,5,5,3
E100828,2019-11-25,5,1,3
E100829,2019-07-19,5,1,3
E100829,2021-05-27,2,3,2
E100830,2023-03-15,4,3,1
E100831,2022-07-15,2,5,1
E100832,2020-12-05,4,4,3
E100833,2019-12-13,4,5,2
E100833,2021-07-22,1,2,3
E100834,2020-01-18,4,5,4
E100834,2021-09-14,1,4,2
E100835,2023-10-20,5,4,1
E100835,2019-11-16,2,4,3
E100835,2023-04-03,3,4,2
E100836,2021-03-19,1,3,5
E100836,2022-05-28,1,4,5
E100837,2023-01-29,3,4,2
E100838,2020-06-28,4,3,3
E100839,2023-08-29,1,3,1
E100839,2020-04-01,3,4,5
E100840,2019-10-23,1,3,5
E100841,2023-11-02,3,2,4
E100841,2022-02-19,1,1,2
E100842,2021-03-25,5,4,3
E100842,2022-11-02,2,5,3
E100842,2021-09-27,1,2,2
E100843,2023-08-13,4,3,3
E100843,2023-02-01,3,3,3
E100843,2023-09-29,3,4,5
E100844,2019-05-19,1,5,4
E100844,2019-12-19,2,4,2
E100845,2022-02-02,4,4,3
E100846,2023-04-19,3,5,4
E100846,2020-08-13,1,4,3
E100847,2022-02-03,1,2,5
E100847,2021-01-13,5,1,5
E100848,2021-02-20,2,1,2
E100848,2021-09-18,4,4,5
E100848,2021-08-04,4,1,5
E100849,2023-05-06,1,4,1
E100849,2022-10-14,1,1,2
E100850,2023-05-24,1,3,3
E100850,2019-06-12,1,5,4
E100851,2022-10-21,4,4,1
E100851,2019-10-12,3,5,4
E100851,2023-10-08,1,2,3
E100852,2023-07-02,5,5,5
E100852,2023-04-14,1,4,3
E100853,2020-03-23,1,5,2
E100853,2019-04-03,4,1,5
E100854,2019-12-20,3,4,3
E100855,2020-07-07,4,4,4
E100856,2023-02-12,5,5,3
E100856,2020-05-18,2,4,2
E100856,2019-04-05,3,4,2
E100857,2022-03-06,3,3,5
E100857,2019-07-29,1,4,2
E100857,2021-06-26,4,5,1
E100858,2019-04-16,2,4,5
E100858,2021-09-15,3,5,5
E100858,2022-11-11,1,4,2
E100859,2021-08-06,3,1,2
E100859,2019-04-10,3,2,2
E100859,2023-06-22,1,5,5
E100860,2023-05-01,3,3,1
E100860,2023-02-26,4,3,3
E100861,2022-05-16,1,5,1
E100861,2023-09-04,5,2,4
E100861,2022-04-09,2,4,2
E100862,2021-01-01,4,5,4
E100862,2022-07-18,4,2,5
E100862,2022-08-08,3,3,2
E100863,2020-10-20,2,5,3
E100863,2023-07-18,3,1,2
E100863,2023-10-04,2,5,3
E100864,2020-01-15,1,2,5
E100864,2021-02-13,1,1,3
E100864,2020-12-17,5,1,3
E100865,2020-10-18,2,3,5
E100865,2022-01-10,2,1,3
E100865,2021-08-30,2,2,5
E100866,2019-03-15,4,2,2
E100867,2021-08-21,2,3,4
E100868,2023-04-02,5,2,1
E100868,2021-12-26,5,1,5
E100869,2020-10-28,1,4,2
E100869,2023-04-08,3,3,4
E100869,2021-04-12,1,3,4
E100870,2021-05-17,5,5,3
E100870,2021-08-15,3,3,3
E100870,2020-12-19,1,1,5
E100871,2021-01-09,1,5,2
E100872,2023-06-29,2,4,1
E100872,2022-11-29,2,1,2
E100872,2022-08-09,3,1,5
E100873,2019-11-14,3,3,1
E100873,2022-07-13,2,2,5
E100873,2019-07-24,4,3,2
E100874,2021-01-30,3,4,4
E100875,2023-02-16,2,2,3
E100875,2020-10-20,3,1,5
E100875,2023-04-17,5,5,2
E100876,2023-04-15,1,4,4
E100877,2021-12-28,1,4,4
E100878,2023-04-16,2,1,2
E100878,2019-08-28,2,4,3
E100879,2020-03-02,5,1,2
E100880,2022-04-06,1,5,4
E100880,2021-11-26,2,4,2
E100881,2022-12-12,1,3,2
E100882,2020-09-24,5,5,3
E100882,2022-03-24,5,2,2
E100882,2021-07-08,1,1,1
E100883,2021-11-20,3,2,5
E100883,2022-08-22,1,5,2
E100884,2021-02-11,5,4,5
E100884,2021-01-09,2,5,3
E100884,2019-06-14,2,1,2
E100885,2021-03-14,4,2,2
E100886,2019-06-17,5,1,4
E100886,2020-10-14,2,4,5
E100887,2021-07-21,2,1,2
E100888,2020-03-27,3,4,1
E100888,2019-09-15,4,4,1
E100889,2022-11-16,2,2,2
E100889,2023-01-08,2,5,5
E100890,2023-01-11,1,4,4
E100890,2023-08-10,4,5,3
E100891,2019-11-06,3,3,3
E100891,2023-09-16,2,1,4
E100891,2019-03-20,3,1,2
E100892,2020-11-13,5,5,5
E100893,2020-08-07,2,5,4
E100893,2021-11-13,5,3,1
E100893,2019-10-11,3,3,5
E100894,2019-04-13,2,4,2
E100894,2023-09-11,1,3,3
E100895,2020-07-16,5,2,1
E100895,2021-06-12,1,4,3
E100896,2021-09-10,4,1,2
E100896,2021-03-24,5,3,1
E100897,2022-09-23,3,1,1
E100898,2022-06-19,1,4,5
E100899,2021-06-03,5,2,2
E100900,2021-04-24,5,3,1
E100901,2023-03-01,3,3,3
E100901,2020-09-24,3,5,3
E100902,2022-02-15,2,1,2
E100902,2019-04-16,2,4,5
E100903,2020-10-22,3,3,4
E100903,2019-04-26,4,4,1
E100903,2023-07-29,1,3,5
E100904,2022-02-22,2,1,4
E100904,2022-06-27,3,3,2
E100905,2022-10-10,5,5,3
E100905,2022-11-08,2,2,1
E100905,2023-06-26,3,1,4
E100906,2020-12-24,3,1,3
E100907,2023-08-30,2,2,2
E100908,2019-10-16,5,5,5
E100908,2022-02-26,2,2,2
E100908,2023-03-22,4,3,1
E100909,2021-03-07,2,2,5
E100909,2020-06-30,1,4,1
E100910,2022-05-20,4,1,1
E100911,2021-07-21,4,2,5
E100911,2022-11-16,2,5,5
E100911,2023-01-13,5,4,1
E100912,2022-04-10,2,5,5
E100912,2020-08-13,4,4,3
E100913,2020-06-20,4,5,1
E100913,2021-10-29,5,5,1
E100914,2021-06-03,5,5,3
E100915,2022-06-06,2,2,5
E100915,2021-03-18,5,1,1
E100915,2022-11-09,4,5,3
E100916,2021-03-05,3,2,5
E100916,2022-11-17,4,3,5
E100917,2021-02-09,5,3,5
E100917,2021-01-20,4,2,4
E100918,2020-12-08,3,3,1
E100918,2020-01-09,3,3,3
E100918,2019-08-22,1,5,2
E100919,2022-05-07,4,5,5
E100919,2021-06-26,2,5,1
E100920,2020-05-06,4,5,4
E100921,2021-11-27,1,4,5
E100922,2020-09-08,1,4,2
E100922,2020-11-10,1,2,5
E100922,2021-01-09,1,4,2
E100923,2020-08-11,2,1,1
E100924,2020-08-10,1,3,1
E100924,2020-02-18,4,2,3
E100925,2021-06-10,1,3,2
E100925,2020-09-22,1,2,2
E100926,2022-05-06,3,4,3
E100926,2022-06-16,3,2,2
E100927,2022-02-08,4,2,5
E100927,2019-09-27,4,5,5
E100927,2022-09-24,2,2,5
E100928,2023-05-13,2,5,1
E100929,2021-02-12,2,2,1
E100929,2020-11-07,5,3,2
E100930,2020-10-12,1,1,2
E100930,2019-08-11,5,1,3
E100931,2020-01-22,2,5,2
E100932,2019-04-07,3,1,4
E100933,2019-09-07,5,5,5
E100934,2021-06-17,1,5,1
E100935,2020-09-03,1,1,2
E100935,2023-11-01,4,5,5
E100935,2019-04-13,5,3,5
E100936,2023-07-22,1,4,5
E100937,2022-04-12,5,4,2
E100937,2023-05-09,2,5,2
E100937,2019-12-06,4,2,5
E100938,2021-02-01,5,3,5
E100939,2023-07-12,1,3,3
E100939,2019-05-30,1,2,3
E100940,2022-08-07,4,3,2
E100940,2020-03-28,4,1,3
E100940,2019-03-29,1,5,5
E100941,2021-09-28,1,1,5
E100942,2020-12-19,5,4,4
E100943,2023-08-26,2,1,5
E100943,2021-04-28,2,4,2
E100944,2020-11-18,4,2,2
E100945,2021-11-02,4,1,3
E100945,2023-03-06,5,5,3
E100945,2021-06-01,5,2,2
E100946,2021-07-20,3,5,1
E100946,2020-11-22,4,5,3
E100947,2020-03-17,4,4,1
E100947,2022-06-05,2,2,2
E100948,2023-01-06,4,4,4
E100948,2021-03-07,3,2,5
E100949,2023-05-07,3,3,4
E100950,2019-06-03,4,2,5
E100950,2021-07-22,2,5,1
E100950,2022-11-13,1,1,5
E100951,2020-07-13,3,5,4
E100951,2022-09-30,5,1,4
E100951,2021-11-28,3,3,2
E100952,2020-03-02,3,1,2
E100952,2020-01-02,5,1,1
E100952,2022-03-10,4,5,2
E100953,2023-10-27,2,5,3
E100953,2019-08-13,3,5,3
E100953,2023-03-24,2,2,4
E100954,2020-08-15,2,5,5
E100954,2021-07-19,4,5,4
E100955,2020-08-01,4,4,1
E100955,2020-12-10,1,3,5
E100955,2023-09-19,1,1,5
E100956,2023-03-02,2,3,2
E100956,2021-11-05,2,5,2
E100956,2022-06-11,4,4,1
E100957,2021-09-12,2,1,5
E100957,2023-06-14,2,2,5
E100957,2022-08-11,2,3,4
E100958,2023-01-13,4,5,3
E100959,2019-08-17,5,4,3
E100959,2022-12-20,1,5,5
E100959,2021-09-27,1,4,3
E100960,2023-10-15,4,1,2
E100960,2019-06-23,3,5,2
E100960,2023-03-20,3,4,1
E100961,2020-11-13,5,4,1
E100961,2023-01-14,5,1,2
E100962,2020-07-22,1,1,1
E100962,2022-02-27,4,1,4
E100962,2022-05-15,3,3,4
E100963,2020-07-11,5,2,2
E100963,2022-10-02,1,5,4
E100963,2023-06-18,5,1,1
E100964,2022-09-20,3,2,4
E100964,2023-05-20,4,4,1
E100965,2021-05-11,2,1,5
E100965,2020-08-06,5,1,4
E100965,2020-05-23,4,3,2
E100966,2019-08-13,2,4,1
E100966,2023-06-05,1,1,3
E100966,2019-07-06,2,5,4
E100967,2021-12-04,3,3,3
E100967,2022-06-08,3,4,4
E100968,2023-02-25,2,4,2
E100968,2023-03-30,2,2,3
E100968,2019-09-25,1,3,4
E100969,2020-02-03,2,3,4
E100969,2023-02-13,1,5,1
E100970,2020-01-19,2,3,5
E100971,2023-07-25,3,2,2
E100971,2021-02-07,5,4,3
E100971,2019-11-14,2,4,4
E100972,2021-05-26,3,4,1
E100973,2021-04-06,5,1,1
E100973,2023-05-05,4,4,1
E100973,2020-11-05,1,5,1
E100974,2023-10-01,5,3,3
E100975,2019-07-23,5,5,5
E100975,2022-08-16,3,2,3
E100976,2020-10-01,3,5,4
E100976,2019-09-05,5,4,5
E100977,2019-04-25,2,2,1
E100977,2020-03-28,4,3,5
E100977,2022-08-16,2,1,3
E100978,2019-08-21,2,3,2
E100978,2021-03-15,5,4,2
E100979,2021-02-14,1,5,1
E100979,2019-10-12,3,2,2
E100979,2019-12-17,4,5,2
E100980,2022-10-04,1,3,5
E100980,2020-02-04,1,1,1
E100981,2019-10-01,4,4,3
E100982,2020-04-06,5,1,4
E100982,2021-08-23,2,4,5
E100982,2022-03-07,2,2,2
E100983,2019-08-22,5,2,4
E100984,2022-01-27,3,3,1
E100984,2019-10-15,3,5,2
E100984,2021-06-11,2,5,4
E100985,2020-05-16,4,2,5
E100986,2023-10-03,3,2,4
E100986,2022-03-23,3,4,5
E100986,2020-09-24,3,1,5
E100987,2020-05-05,2,2,5
E100988,2019-10-31,2,4,5
E100988,2021-02-21,5,1,5
E100989,2022-12-30,3,3,4
E100989,2021-12-20,5,5,4
E100989,2021-05-15,1,1,3
E100990,2023-06-02,5,3,3
E100990,2021-08-15,2,3,3
E100991,2022-02-02,5,4,2
E100991,2020-12-09,4,5,3
E100992,2019-11-06,3,4,1
E100992,2022-01-10,1,4,5
E100992,2019-06-27,4,2,3
E100993,2023-04-21,3,1,5
E100993,2021-10-02,1,2,2
E100993,2022-05-05,4,2,2
E100994,2021-11-18,4,3,1
E100995,2021-07-15,4,5,4
E100996,2023-04-06,4,4,4
E100996,2019-05-05,5,3,4
E100996,2022-11-08,1,3,2
E100997,2019-10-14,5,2,5
E100997,2019-08-15,2,2,3
E100997,2022-02-20,2,5,4
E100998,2020-11-26,2,3,3
E100999,2023-02-25,1,4,5
E100999,2023-02-24,4,5,1
E100999,2020-02-05,4,4,4
E101000,2020-07-17,4,2,3
E101001,2022-04-17,1,5,5
E101001,2019-09-06,2,1,1
E101001,2021-12-06,2,1,4
E101002,2023-08-26,4,5,1
E101002,2021-10-04,4,2,2
E101003,2022-05-22,2,5,2
E101003,2019-07-10,4,3,2
E101004,2023-09-19,5,2,2
E101004,2023-10-30,1,3,2
E101004,2020-05-26,1,5,3
E101005,2019-09-21,3,2,1
E101006,2021-06-13,5,4,5
E101006,2019-05-21,3,1,5
E101006,2020-11-25,4,5,1
E101007,2023-09-12,4,2,3
E101007,2022-02-19,1,2,3
E101008,2023-05-19,4,2,2
E101008,2020-06-06,1,2,5
E101008,2023-07-12,1,4,4
E101009,2022-03-08,4,3,1
E101010,2020-10-28,1,3,1
E101011,2020-03-07,5,2,1
E101012,2022-02-04,5,5,2
E101012,2021-05-07,2,5,1
E101012,2021-02-18,4,5,2
E101013,2019-09-19,3,5,1
E101013,2020-05-19,3,2,2
E101013,2022-05-04,4,5,4
E101014,2022-03-29,3,5,4
E101014,2023-05-21,5,4,2
E101014,2023-05-19,4,5,3
E101015,2022-03-21,1,1,1
E101016,2019-04-16,4,1,4
E101016,2019-04-13,1,3,3
E101016,2022-06-23,3,5,2
E101017,2022-01-24,2,4,5
E101017,2022-07-10,3,5,4
E101017,2022-03-08,2,5,3
E101018,2019-03-27,5,2,5
E101018,2023-08-04,2,3,3
E101018,2019-10-06,1,2,1
E101019,2019-08-30,1,5,3
E101020,2020-07-05,4,4,3
E101021,2021-10-20,2,2,4
E101021,2020-10-31,4,2,1
E101021,2022-02-14,1,2,2
E101022,2021-09-14,3,3,5
E101023,2023-08-24,1,4,1
E101023,2022-03-12,3,2,5
E101024,2019-12-16,3,3,5
E101024,2021-10-30,3,4,4
E101024,2020-06-08,1,2,5
E101025,2019-05-26,4,5,2
E101025,2022-12-31,1,2,3
E101026,2020-02-28,4,5,3
E101026,2021-04-05,2,5,3
E101026,2022-10-21,2,3,1
E101027,2023-10-23,5,1,4
E101028,2023-02-13,3,1,3
E101028,2023-08-08,2,5,3
E101029,2022-03-04,5,3,3
E101030,2023-09-30,5,1,3
E101030,2020-03-29,3,4,2
E101030,2019-06-04,2,5,2
E101031,2021-02-11,3,2,2
E101031,2020-12-07,2,3,3
E101032,2022-08-07,3,4,4
E101033,2021-01-12,2,1,2
E101033,2020-12-27,4,2,3
E101033,2022-09-23,5,4,3
E101034,2021-03-01,2,1,1
E101034,2021-07-16,1,3,5
E101034,2023-07-14,1,2,1
E101035,2022-10-01,5,5,2
E101035,2021-12-10,1,3,3
E101035,2020-09-20,2,1,5
E101036,2019-05-11,1,5,5
E101037,2021-06-15,4,4,2
E101037,2019-03-26,4,2,3
E101037,2023-10-15,4,5,2
E101038,2022-12-24,4,4,5
E101038,2023-04-14,1,4,3
E101038,2022-09-19,5,1,5
E101039,2021-03-26,4,4,5
E101039,2022-11-24,5,3,4
E101040,2023-03-31,4,5,1
E101040,2020-05-30,3,1,4
E101040,2022-04-12,2,1,3
E101041,2022-01-02,2,1,3
E101042,2019-04-28,4,4,1
E101042,2023-01-26,2,3,2
E101043,2019-10-25,3,3,4
E101043,2020-05-29,2,1,3
E101044,2019-04-10,1,2,5
E101045,2021-03-30,5,5,4
E101046,2021-09-09,4,2,3
E101047,2020-05-29,4,5,4
E101048,2022-12-09,5,2,4
E101048,2020-12-17,3,2,1
E101048,2023-04-09,4,5,1
E101049,2020-09-15,2,1,1
E101049,2020-10-26,3,1,4
E101049,2023-10-28,1,2,5
E101050,2019-11-10,5,2,3
E101050,2019-12-12,4,2,2
E101050,2022-04-08,4,5,2
E101051,2020-04-11,2,1,3
E101051,2023-03-15,2,5,4
E101052,2023-09-02,3,1,3
E101052,2020-07-19,4,3,4
E101053,2020-07-31,1,2,4
E101054,2022-11-05,5,3,5
E101054,2020-06-25,3,4,2
E101054,2023-10-01,2,4,2
E101055,2021-09-22,5,2,2
E101056,2020-03-27,4,5,2
E101057,2023-10-02,1,2,5
E101057,2019-12-22,2,5,3
E101058,2022-04-28,5,2,2
E101058,2023-10-16,1,2,1
E101058,2020-09-27,4,4,5
E101059,2019-04-03,4,3,3
E101059,2021-09-23,1,3,2
E101059,2021-02-13,4,4,3
E101060,2019-11-24,4,3,4
E101060,2023-04-27,3,4,3
E101060,2020-01-24,5,3,4
E101061,2020-03-20,4,4,5
E101062,2022-03-13,5,4,4
E101062,2020-11-15,2,5,3
E101063,2021-09-09,4,3,4
E101064,2022-02-23,5,2,1
E101064,2022-06-26,4,3,2
E101065,2021-03-16,3,5,5
E101066,2019-08-07,4,4,3
E101066,2019-06-02,2,4,1
E101066,2021-09-15,4,1,3
E101067,2022-10-31,4,1,1
E101068,2022-09-24,2,2,1
E101069,2022-07-03,3,2,1
E101069,2023-03-27,3,2,3
E101070,2023-08-11,3,3,2
E101070,2023-05-15,5,2,1
E101070,2021-03-08,1,2,1
E101071,2020-06-20,1,2,5
E101071,2019-12-17,5,4,1
E101072,2020-05-13,5,1,1
E101072,2023-06-04,2,3,1
E101073,2023-01-02,2,4,2
E101073,2022-11-24,4,4,3
E101074,2020-06-20,3,1,4
E101074,2020-09-26,4,4,3
E101075,2022-07-21,4,3,3
E101075,2020-02-03,1,4,4
E101076,2019-12-18,5,2,2
E101076,2023-07-08,3,3,5
E101077,2020-11-04,3,1,5
E101077,2021-03-03,3,1,2
E101077,2023-05-05,3,1,1
E101078,2021-05-02,3,2,5
E101078,2020-02-11,4,1,2
E101079,2022-01-14,4,1,4
E101079,2019-10-28,3,1,2
E101079,2019-10-02,2,3,5
E101080,2019-05-20,2,1,1
E101081,2022-04-30,2,1,3
E101082,2022-01-17,1,5,5
E101083,2020-09-03,5,5,2
E101084,2019-03-14,4,5,4
E101084,2019-08-18,4,5,1
E101085,2022-04-03,4,1,1
E101085,2021-03-29,3,5,3
E101085,2021-02-09,3,2,1
E101086,2019-09-19,1,1,3
E101086,2022-08-11,2,2,4
E101087,2022-04-01,5,5,2
E101088,2023-04-03,2,4,5
E101088,2021-01-08,2,5,3
E101089,2022-07-06,1,2,2
E101089,2022-02-11,4,4,1
E101089,2019-11-27,2,5,4
E101090,2020-09-09,1,2,4
E101090,2019-06-22,4,1,5
E101091,2022-07-22,1,5,5
E101092,2023-07-19,2,4,4
E101093,2019-10-02,3,5,3
E101094,2019-09-20,5,1,5
E101094,2021-04-22,5,3,1
E101095,2023-02-05,4,1,2
E101095,2023-02-04,1,3,5
E101096,2020-02-07,4,1,3
E101097,2019-07-07,2,4,3
E101097,2022-12-26,5,5,5
E101098,2021-05-29,3,2,3
E101099,2020-08-30,3,3,5
E101099,2022-06-10,5,5,3
E101099,2022-07-26,2,3,4
E101100,2020-07-30,4,5,5
E101100,2021-10-11,3,3,2
E101100,2022-05-12,5,3,2
E101101,2019-09-02,2,5,5
E101102,2022-01-04,3,2,3
E101103,2023-04-10,4,1,3
E101103,2020-10-24,3,2,2
E101103,2023-01-24,1,3,1
E101104,2023-06-29,4,3,5
E101105,2023-04-11,5,4,5
E101106,2019-04-03,1,1,1
E101107,2020-08-29,4,4,3
E101107,2021-07-08,2,5,4
E101107,2020-12-31,5,4,5
E101108,2022-03-28,5,2,4
E101109,2020-03-05,3,3,5
E101110,2020-01-20,2,5,5
E101110,2021-08-13,1,4,5
E101110,2021-08-07,5,5,1
E101111,2023-10-30,4,4,5
E101112,2022-10-28,5,5,2
E101113,2020-10-05,1,4,1
E101113,2022-09-20,5,2,5
E101113,2019-07-26,5,1,4
E101114,2019-03-18,5,4,5
E101115,2021-01-16,4,4,3
E101116,2023-05-19,1,5,4
E101117,2023-03-23,5,1,3
E101118,2019-06-12,5,1,4
E101118,2022-06-17,2,2,4
E101118,2019-04-10,2,3,1
E101119,2020-08-27,3,5,1
E101119,2020-03-20,5,4,3
E101120,2021-04-01,5,1,3
E101120,2020-07-03,2,1,2
E101121,2021-07-08,4,4,2
E101121,2023-02-25,3,3,5
E101122,2019-11-10,1,2,4
E101123,2022-02-24,3,5,4
E101123,2020-03-08,4,1,2
E101123,2020-09-08,1,2,4
E101124,2022-10-05,1,5,2
E101124,2019-06-17,4,5,3
E101125,2019-10-11,4,5,2
E101126,2019-05-12,2,5,5
E101126,2020-01-12,1,2,3
E101127,2019-03-14,2,1,3
E101128,2023-06-30,4,3,5
E101129,2021-10-02,3,4,3
E101129,2019-04-03,4,5,5
E101129,2019-04-17,4,2,2
E101130,2022-06-25,5,2,3
E101130,2022-11-24,5,2,4
E101131,2022-11-07,5,5,5
E101132,2021-06-04,4,4,4
E101132,2020-12-27,4,5,2
E101133,2021-11-17,2,3,5
E101134,2019-05-11,2,4,3
E101135,2021-05-19,3,2,5
E101136,2019-09-27,1,2,5
E101136,2020-12-06,4,3,2
E101136,2021-11-25,5,1,5
E101137,2019-08-28,4,4,5
E101138,2022-02-26,1,3,1
E101139,2022-07-30,1,4,2
E101139,2023-04-23,4,2,1
E101140,2023-08-19,1,3,2
E101140,2020-07-16,4,1,4
E101140,2019-07-09,1,3,5
E101141,2023-09-26,1,1,4
E101141,2022-11-12,3,4,2
E101141,2019-07-24,2,4,3
E101142,2022-09-04,1,4,5
E101142,2023-05-10,2,2,5
E101143,2020-01-08,5,2,4
E101143,2021-08-22,4,4,2
E101143,2020-05-29,3,2,2
E101144,2022-08-25,2,2,2
E101145,2020-02-02,1,5,4
E101145,2020-09-09,3,1,4
E101145,2020-05-10,1,4,1
E101146,2021-04-30,5,1,3
E101146,2023-10-28,2,1,1
E101146,2021-01-31,2,2,4
E101147,2023-08-13,4,5,4
E101148,2023-01-17,1,3,1
E101148,2019-10-05,1,5,4
E101148,2022-07-09,4,5,5
E101149,2019-03-14,1,2,4
E101149,2020-05-18,4,5,1
E101150,2020-02-27,5,4,5
E101151,2023-10-01,1,4,4
E101152,2023-01-08,2,3,4
E101152,2019-05-19,4,2,1
E101153,2022-10-23,2,2,3
E101153,2022-07-28,3,5,3
E101153,2021-11-27,5,4,4
E101154,2019-04-16,4,1,3
E101154,2019-11-29,3,2,2
E101154,2019-12-12,2,1,3
E101155,2023-04-28,3,1,4
E101156,2023-02-28,1,2,4
E101156,2019-07-03,5,3,5
E101157,2023-05-24,5,2,2
E101157,2019-04-24,5,3,3
E101157,2020-11-02,2,2,5
E101158,2021-07-27,3,3,4
E101158,2020-09-15,5,5,2
E101158,2020-10-04,4,5,3
E101159,2019-11-06,4,5,3
E101159,2019-09-22,3,5,1
E101160,2021-02-20,2,1,2
E101161,2023-08-07,5,1,4
E101162,2019-09-28,2,3,1
E101163,2019-11-04,5,2,5
E101163,2020-06-03,5,1,1
E101163,2019-11-23,2,4,5
E101164,2021-08-21,5,3,5
E101164,2020-03-24,5,1,4
E101164,2020-01-16,2,4,5
E101165,2021-01-10,5,4,5
E101165,2022-10-24,3,1,2
E101166,2020-09-12,3,5,4
E101166,2019-07-01,4,4,2
E101167,2022-10-26,4,4,4
E101167,2021-04-30,3,3,5
E101168,2023-02-03,2,5,1
E101169,2021-09-23,4,4,1
E101169,2022-06-21,2,2,3
E101170,2019-04-21,3,5,2
E101170,2021-01-17,3,2,5
E101171,2021-01-17,5,2,2
E101171,2022-11-28,4,2,4
E101171,2022-02-28,1,5,4
E101172,2020-04-07,4,2,4
E101172,2022-06-08,4,3,3
E101173,2020-10-22,5,1,4
E101174,2019-08-24,1,1,1
E101174,2021-01-01,5,1,4
E101175,2021-10-28,1,5,5
E101176,2020-12-11,1,1,5
E101176,2019-08-26,1,5,5
E101177,2021-07-30,5,3,4
E101177,2020-12-18,3,3,2
E101177,2023-08-23,3,5,1
E101178,2019-10-25,5,3,2
E101179,2019-09-06,1,2,2
E101180,2019-04-25,3,3,4
E101180,2019-10-09,2,5,3
E101181,2019-09-27,2,2,4
E101182,2019-07-29,3,5,2
E101182,2020-03-17,5,2,5
E101183,2023-01-26,4,1,2
E101183,2023-05-13,5,3,1
E101184,2020-05-07,4,2,1
E101185,2020-02-28,1,1,5
E101186,2020-06-02,2,3,3
E101186,2020-04-02,2,3,4
E101186,2022-10-21,3,4,1
E101187,2020-03-12,4,1,4
E101187,2019-12-07,4,4,2
E101188,2021-03-23,4,1,4
E101188,2022-08-10,2,2,2
E101188,2021-04-13,4,4,3
E101189,2023-02-10,2,4,3
E101190,2021-11-18,2,4,4
E101191,2023-08-08,5,1,3
E101192,2021-04-09,3,4,4
E101192,2021-10-04,4,4,3
E101193,2021-07-06,4,5,5
E101193,2020-02-12,1,3,2
E101193,2019-03-22,1,1,2
E101194,2022-03-02,5,5,4
E101195,2023-10-28,3,2,2
E101195,2021-10-10,1,1,2
E101196,2021-01-04,4,2,3
E101197,2022-11-25,1,5,3
E101197,2020-01-06,3,5,3
E101198,2019-09-03,2,1,2
E101198,2021-03-24,4,1,2
E101199,2021-05-31,5,2,3
E101199,2020-06-22,3,5,3
E101200,2020-12-24,3,2,4
E101200,2022-05-25,1,1,3
E101201,2023-03-08,5,4,3
E101201,2019-09-09,4,2,1
E101201,2022-05-16,2,3,4
E101202,2021-07-26,5,1,4
E101203,2022-05-26,2,1,4
E101204,2021-09-26,2,1,4
E101204,2021-10-24,3,3,3
E101205,2019-07-29,5,4,1
E101205,2020-02-03,4,1,2
E101206,2022-09-18,4,5,5
E101206,2020-07-20,3,4,2
E101206,2022-05-15,4,4,3
E101207,2019-11-13,5,3,1
E101207,2023-01-10,3,4,5
E101207,2022-05-06,1,3,1
E101208,2021-03-06,2,2,4
E101209,2021-07-19,3,3,5
E101209,2020-07-06,4,3,3
E101210,2021-02-24,1,2,3
E101210,2021-07-16,2,5,5
E101210,2023-07-17,1,1,2
E101211,2020-01-08,2,2,4
E101211,2020-10-09,5,2,5
E101212,2023-07-06,2,3,5
E101213,2021-04-23,2,3,4
E101213,2021-11-10,5,5,3
E101214,2019-07-08,3,2,2
E101215,2021-06-30,1,2,1
E101215,2020-09-05,3,1,2
E101215,2022-07-14,2,1,1
E101216,2019-09-10,1,4,5
E101216,2019-04-07,3,4,4
E101217,2019-07-17,4,3,4
E101217,2021-06-12,5,5,5
E101217,2022-02-23,5,1,4
E101218,2019-10-20,1,2,2
E101218,2021-08-08,4,1,3
E101219,2019-07-17,5,1,1
E101219,2020-08-07,5,2,3
E101220,2023-05-02,3,1,5
E101221,2022-12-30,3,3,3
E101222,2022-07-03,2,2,3
E101223,2022-01-16,4,3,3
E101223,2022-09-05,5,3,5
E101224,2019-09-16,1,1,2
E101225,2022-03-29,1,3,3
E101226,2020-06-17,4,2,4
E101226,2019-08-25,4,1,2
E101226,2022-07-21,1,1,5
E101227,2021-04-16,2,4,3
E101227,2021-12-06,2,3,2
E101228,2022-07-05,1,5,4
E101228,2021-05-07,3,4,5
E101229,2019-08-19,2,3,4
E101229,2023-07-30,4,1,5
E101230,2023-05-24,3,2,2
E101231,2020-08-01,1,3,4
E101231,2020-12-24,3,5,4
E101231,2022-04-15,1,2,4
E101232,2023-01-24,1,3,4
E101232,2020-06-08,1,2,1
E101232,2021-02-23,3,3,3
E101233,2020-10-10,5,1,1
E101233,2020-03-14,1,4,3
E101233,2019-11-19,4,1,1
E101234,2020-02-15,1,1,1
E101234,2019-10-01,4,4,1
E101235,2022-08-14,3,3,2
E101235,2022-07-14,3,5,3
E101236,2019-07-11,4,5,5
E101236,2019-10-07,5,3,4
E101237,2021-08-07,5,5,5
E101238,2023-05-03,3,3,4
E101239,2023-05-20,2,3,3
E101240,2023-03-11,5,3,3
E101240,2023-10-11,3,4,3
E101241,2023-04-02,1,1,3
E101241,2019-12-13,2,1,3
E101241,2023-03-15,3,5,5
E101242,2020-04-12,2,2,2
E101243,2023-09-08,4,3,5
E101243,2021-10-04,4,3,4
E101244,2020-09-04,1,2,1
E101245,2020-09-05,2,4,5
E101245,2021-02-25,5,3,2
E101245,2020-03-28,2,4,5
E101246,2021-12-27,2,1,4
E101246,2022-04-25,1,5,1
E101247,2020-11-04,3,3,2
E101248,2019-04-03,4,3,2
E101248,2019-09-30,3,3,2
E101249,2022-12-20,1,2,5
E101249,2023-04-14,1,3,4
E101250,2021-02-03,5,1,4
E101251,2020-09-06,2,3,4
E101251,2021-08-09,3,3,2
E101252,2019-05-02,5,5,5
E101253,2022-06-06,1,1,5
E101254,2020-11-18,1,5,4
E101254,2021-06-12,5,1,1
E101254,2021-03-07,1,2,3
E101255,2022-03-25,2,4,1
E101255,2021-04-12,4,5,3
E101256,2021-04-04,4,2,4
E101256,2020-01-09,4,1,3
E101257,2020-01-29,2,5,4
E101257,2019-12-10,1,3,2
E101258,2021-04-16,3,2,5
E101258,2022-01-31,5,4,1
E101259,2022-05-08,2,1,2
E101259,2023-01-27,4,5,2
E101259,2022-04-24,5,2,1
E101260,2020-08-21,3,1,2
E101261,2020-09-03,1,1,4
E101261,2019-03-24,1,4,2
E101262,2022-12-04,4,5,2
E101263,2023-09-19,5,2,1
E101264,2022-08-05,2,4,4
E101265,2023-08-12,4,2,1
E101265,2019-11-04,2,1,2
E101266,2020-12-02,3,1,3
E101267,2020-08-08,1,4,5
E101267,2020-05-15,5,1,1
E101267,2019-07-20,4,3,1
E101268,2020-03-16,1,2,4
E101268,2021-12-10,5,3,5
E101269,2019-09-05,3,5,5
E101269,2021-07-05,1,3,1
E101270,2020-01-15,3,1,2
E101270,2022-04-26,5,3,1
E101271,2022-06-21,4,5,1
E101271,2021-03-24,1,3,4
E101271,2021-02-28,5,5,3
E101272,2021-08-02,4,3,4
E101272,2022-01-25,3,5,3
E101272,2020-09-25,3,1,5
E101273,2021-05-20,4,1,4
E101273,2021-05-25,2,1,5
E101274,2021-12-13,4,4,2
E101274,2021-02-10,5,2,1
E101275,2021-04-28,1,5,1
E101275,2021-08-11,4,1,4
E101276,2023-01-22,5,1,2
E101276,2019-09-29,5,1,5
E101277,2020-08-24,3,3,3
E101278,2019-08-17,2,1,2
E101278,2022-02-14,5,1,1
E101279,2022-12-03,2,1,3
E101280,2022-01-26,3,3,2
E101280,2021-05-31,1,5,1
E101281,2022-05-13,1,2,2
E101281,2020-03-12,1,5,5
E101282,2022-07-08,4,3,5
E101283,2020-12-26,4,1,4
E101283,2022-01-01,5,2,2
E101284,2022-04-10,1,3,1
E101284,2021-01-17,4,4,2
E101285,2022-05-16,1,4,4
E101286,2022-02-18,1,5,3
E101286,2023-10-30,4,5,2
E101287,2019-04-04,2,4,3
E101288,2023-05-13,2,1,2
E101288,2019-09-04,1,5,3
E101289,2019-12-04,5,3,5
E101289,2023-08-07,2,2,3
E101290,2020-12-26,4,5,3
E101291,2019-03-23,3,3,1
E101292,2023-10-19,2,4,3
E101292,2021-11-19,1,5,5
E101292,2019-08-30,3,2,3
E101293,2022-05-13,5,5,4
E101294,2021-04-24,1,4,3
E101294,2021-05-01,2,4,5
E101295,2022-09-22,1,1,1
E101296,2020-10-01,4,5,2
E101296,2023-03-25,4,2,3
E101296,2021-03-30,3,5,3
E101297,2022-07-08,1,5,3
E101297,2019-05-02,1,1,3
E101298,2023-03-09,2,3,2
E101299,2023-10-31,3,3,1
E101300,2021-05-17,3,4,1
E101301,2020-03-03,1,1,5
E101302,2023-04-28,5,4,2
E101302,2021-03-14,1,3,2
E101303,2023-09-01,4,4,2
E101303,2021-04-30,4,1,2
E101303,2023-06-11,3,1,4
E101304,2021-07-09,3,4,2
E101305,2023-10-30,2,5,4
E101306,2020-02-12,5,2,5
E101306,2020-05-08,1,2,1
E101306,2023-06-09,4,3,3
E101307,2020-02-12,1,1,5
E101307,2023-09-21,2,2,1
E101308,2022-09-01,1,3,2
E101308,2022-10-21,3,4,4
E101309,2020-03-30,5,1,2
E101309,2023-03-07,3,1,3
E101309,2020-03-09,3,2,1
E101310,2023-04-23,3,3,3
E101310,2022-08-13,3,1,5
E101311,2022-12-04,4,2,1
E101311,2020-04-06,3,5,2
E101312,2023-02-17,1,3,2
E101312,2019-06-14,2,3,1
E101313,2020-07-24,3,4,1
E101314,2021-09-15,4,4,1
E101314,2023-03-21,4,3,2
E101315,2021-07-21,3,2,5
E101315,2019-11-18,5,5,1
E101315,2023-06-06,5,2,2
E101316,2022-06-04,5,1,4
E101316,2020-09-05,5,5,3
E101317,2020-01-15,4,4,4
E101317,2023-02-15,3,4,1
E101318,2021-10-03,2,3,4
E101318,2020-03-14,4,5,1
E101318,2021-11-05,4,2,3
E101319,2019-12-07,2,5,2
E101319,2022-08-23,2,5,1
E101320,2022-11-07,1,4,1
E101321,2022-02-21,3,4,3
E101322,2022-03-16,4,5,3
E101322,2022-08-23,3,1,3
E101323,2019-05-15,4,2,4
E101323,2021-01-05,1,4,5
E101323,2020-05-06,5,4,5
E101324,2023-01-30,5,2,2
E101325,2022-06-23,1,5,1
E101325,2021-03-25,2,5,3
E101325,2020-01-13,3,2,3
E101326,2022-04-27,1,5,4
E101326,2020-09-13,2,2,1
E101327,2022-09-08,5,1,2
E101327,2021-04-21,1,1,3
E101328,2022-11-09,3,2,5
E101329,2022-10-06,2,4,1
E101329,2021-09-21,5,3,3
E101330,2023-04-03,1,3,2
E101330,2023-09-04,3,4,2
E101330,2022-07-14,2,4,5
E101331,2023-10-20,3,4,4
E101332,2021-05-31,1,4,3
E101333,2019-11-12,2,5,3
E101333,2019-11-07,4,5,5
E101333,2023-01-31,3,2,2
E101334,2021-03-01,3,3,3
E101334,2021-10-16,4,3,3
E101335,2021-07-28,5,5,3
E101336,2022-07-07,5,1,1
E101336,2022-08-12,4,4,2
E101336,2022-07-16,5,5,3
E101337,2022-04-16,3,3,4
E101337,2020-03-18,1,5,5
E101337,2021-02-20,3,3,3
E101338,2023-09-01,4,2,3
E101338,2020-06-04,1,4,2
E101339,2020-12-04,1,2,3
E101339,2023-01-30,5,1,3
E101339,2022-03-11,4,5,4
E101340,2020-02-10,5,4,1
E101340,2022-08-05,2,2,5
E101340,2021-02-18,1,4,1
E101341,2021-10-21,1,5,5
E101342,2019-12-29,3,4,5
E101342,2019-03-15,3,4,1
E101342,2019-09-18,2,2,2
E101343,2023-10-17,5,2,2
E101343,2021-05-02,5,2,5
E101344,2019-11-20,5,5,3
E101344,2019-08-22,5,2,1
E101345,2021-09-26,5,3,1
E101346,2022-03-13,4,3,4
E101347,2023-02-25,1,4,5
E101348,2020-04-18,5,5,5
E101348,2020-06-20,1,1,5
E101349,2020-12-08,5,3,3
E101349,2021-02-22,4,1,1
E101350,2023-01-05,3,2,2
E101350,2021-11-29,3,4,5
E101350,2021-05-20,5,4,3
E101351,2021-06-18,3,2,2
E101351,2020-12-02,1,3,3
E101351,2019-08-23,1,1,5
E101352,2020-03-09,4,1,1
E101352,2021-04-28,1,5,4
E101352,2022-05-26,1,5,1
E101353,2019-10-03,5,5,2
E101354,2019-09-04,3,1,1
E101354,2020-08-23,4,2,5
E101354,2020-08-14,1,1,3
E101355,2021-01-06,1,2,2
E101355,2022-06-11,1,5,5
E101356,2023-04-18,3,2,4
E101356,2023-07-13,5,2,3
E101357,2019-10-02,4,2,1
E101358,2021-10-15,4,3,1
E101358,2022-08-24,2,5,3
E101359,2022-05-12,3,5,5
E101359,2023-05-14,1,2,3
E101360,2023-06-30,5,2,4
E101360,2022-06-23,3,2,2
E101360,2020-02-21,3,5,3
E101361,2023-03-27,3,4,4
E101361,2020-05-11,2,5,5
E101362,2019-11-23,3,1,1
E101363,2020-04-29,2,3,2
E101364,2021-04-05,2,2,1
E101365,2022-12-12,2,2,5
E101365,2021-09-06,4,2,5
E101366,2019-04-14,2,5,5
E101366,2021-06-11,5,2,1
E101366,2019-09-27,1,5,1
E101367,2019-06-23,1,1,2
E101367,2019-08-19,5,2,1
E101367,2021-02-11,3,2,2
E101368,2023-04-08,5,4,4
E101368,2020-01-02,3,2,2
E101369,2022-06-05,5,2,5
E101369,2021-12-11,1,4,5
E101369,2021-10-07,2,1,4
E101370,2020-11-12,3,1,3
E101371,2019-12-24,3,4,4
E101372,2023-05-01,3,1,5
E101372,2019-12-16,4,1,4
E101372,2021-04-21,4,1,2
E101373,2019-09-29,4,2,3
E101374,2020-03-22,1,3,2
E101374,2023-03-22,1,2,1
E101374,2023-08-05,5,2,3
E101375,2022-11-12,1,2,4
E101375,2019-07-08,3,3,2
E101375,2020-07-29,1,4,3
E101376,2019-08-10,3,4,5
E101376,2021-12-17,2,5,2
E101377,2023-02-05,1,5,5
E101378,2022-06-04,2,4,5
E101378,2019-11-02,4,3,2
E101379,2019-07-14,5,4,5
E101379,2019-12-18,5,1,5
E101379,2019-03-15,3,2,2
E101380,2023-03-16,4,4,3
E101380,2020-09-01,1,4,2
E101380,2019-09-14,1,4,1
E101381,2021-11-24,1,5,5
E101382,2022-10-21,3,3,5
E101383,2022-02-12,5,2,2
E101383,2021-05-17,5,4,1
E101384,2019-05-31,3,1,2
E101384,2022-01-05,5,3,5
E101384,2022-11-03,2,3,4
E101385,2021-10-31,3,2,2
E101385,2022-07-13,1,3,3
E101386,2022-05-17,1,2,2
E101386,2020-09-20,1,2,1
E101386,2022-07-26,2,2,1
E101387,2023-02-05,1,2,1
E101388,2022-03-04,2,4,5
E101388,2021-06-20,2,4,5
E101389,2021-09-16,2,3,1
E101389,2019-04-12,1,1,2
E101389,2020-08-07,3,3,5
E101390,2022-04-20,2,4,5
E101390,2023-02-12,3,2,3
E101391,2019-11-06,1,3,3
E101391,2020-07-03,1,5,4
E101391,2021-09-14,4,5,2
E101392,2021-05-26,4,5,3
E101392,2021-07-20,1,2,2
E101392,2020-11-19,4,2,1
E101393,2019-12-18,3,4,5
E101393,2020-12-13,4,2,2
E101393,2022-03-03,4,2,2
E101394,2023-07-16,3,1,5
E101394,2022-11-20,2,1,1
E101395,2021-12-09,4,1,4
E101395,2022-05-17,3,5,5
E101395,2023-11-01,5,2,3
E101396,2020-10-10,1,2,5
E101396,2020-02-05,5,4,3
E101397,2022-02-13,3,5,5
E101397,2022-05-30,5,3,1
E101398,2023-04-22,5,1,5
E101398,2021-11-19,3,1,3
E101399,2019-09-16,4,1,2
E101399,2020-02-23,2,1,4
E101400,2022-10-04,4,3,5
E101401,2023-08-28,3,5,2
E101401,2020-09-08,5,5,3
E101402,2023-06-14,4,1,5
E101403,2019-10-06,5,3,3
E101403,2020-03-27,5,3,4
E101404,2021-12-29,5,1,3
E101404,2020-10-24,1,3,2
E101404,2020-12-05,4,2,4
E101405,2020-09-05,1,5,2
E101406,2022-10-21,4,1,1
E101407,2021-08-15,3,3,1
E101407,2020-01-14,2,4,4
E101408,2023-02-21,1,1,2
E101409,2020-10-16,3,3,5
E101409,2021-02-11,2,2,1
E101409,2021-04-21,2,1,4
E101410,2020-10-20,2,1,5
E101411,2022-04-15,1,3,2
E101412,2019-04-28,5,2,2
E101413,2023-05-28,2,1,1
E101413,2023-04-15,3,1,3
E101414,2019-11-03,5,1,4
E101414,2021-01-24,1,2,2
E101414,2020-05-18,1,2,3
E101415,2019-05-23,4,5,4
E101416,2019-12-18,1,1,2
E101416,2023-02-24,5,4,5
E101416,2023-05-09,2,4,4
E101417,2022-05-30,5,1,1
E101418,2022-03-09,2,5,1
E101419,2022-05-08,1,2,2
E101419,2020-06-23,1,5,2
E101420,2020-02-06,1,2,2
E101420,2023-03-25,2,4,5
E101421,2023-10-27,1,5,3
E101421,2019-07-22,5,1,2
E101421,2020-01-09,2,3,1
E101422,2020-01-03,1,5,2
E101422,2022-03-30,3,4,1
E101422,2019-05-11,3,4,4
E101423,2023-09-29,3,3,3
E101424,2020-06-30,2,4,5
E101425,2020-04-30,5,5,5
E101425,2020-11-03,5,2,2
E101426,2020-10-13,1,2,2
E101426,2020-02-28,1,1,5
E101426,2019-06-29,2,2,4
E101427,2019-06-22,4,5,3
E101427,2022-02-11,4,1,2
E101427,2023-10-29,2,3,5
E101428,2021-11-26,2,1,4
E101428,2023-10-31,2,5,4
E101428,2021-11-18,5,3,5
E101429,2022-12-27,2,4,4
E101430,2020-07-16,2,5,5
E101431,2023-03-20,3,3,1
E101432,2022-01-23,5,5,2
E101433,2023-04-12,3,1,3
E101434,2019-08-30,2,1,2
E101434,2023-03-11,3,5,1
E101435,2020-01-05,3,1,5
E101435,2021-12-26,2,2,4
E101435,2019-04-12,2,2,2
E101436,2019-10-19,3,1,1
E101437,2020-10-04,3,3,5
E101438,2023-03-27,2,5,4
E101438,2019-11-13,5,2,5
E101439,2019-04-20,1,3,4
E101440,2020-05-16,1,1,3
E101440,2019-11-08,3,4,4
E101441,2021-09-28,3,2,2
E101441,2021-11-25,4,3,3
E101441,2021-07-11,5,1,1
E101442,2021-10-07,4,1,4
E101442,2020-08-08,1,3,5
E101442,2023-10-25,2,2,4
E101443,2020-09-25,5,1,1
E101443,2023-01-14,4,3,2
E101444,2023-09-04,5,2,3
E101444,2022-01-29,4,2,4
E101444,2022-09-25,3,4,3
E101445,2023-08-23,2,3,3
E101446,2022-03-14,3,4,4
E101447,2022-12-08,4,4,2
E101447,2023-09-21,1,5,4
E101448,2020-08-20,5,2,4
E101449,2023-01-05,3,4,4
E101449,2022-10-22,1,4,5
E101450,2021-01-03,1,5,4
E101450,2022-05-07,1,3,4
E101451,2022-03-18,4,5,1
E101452,2020-07-25,1,2,4
E101453,2019-09-01,2,4,1
E101454,2020-09-09,5,1,1
E101454,2023-02-24,1,3,5
E101455,2021-08-08,5,3,3
E101455,2020-01-31,1,5,3
E101456,2019-12-22,4,4,4
E101457,2023-09-22,5,4,3
E101457,2019-09-13,4,1,3
E101457,2021-08-09,2,3,4
E101458,2019-09-17,1,1,1
E101458,2019-04-11,2,4,3
E101459,2022-12-25,3,3,1
E101460,2020-08-22,2,4,2
E101461,2019-12-23,2,4,3
E101461,2022-10-16,5,1,1
E101461,2023-09-22,1,4,2
E101462,2023-04-25,1,5,2
E101463,2021-11-26,4,4,2
E101463,2020-02-02,4,3,4
E101463,2022-03-27,5,2,4
E101464,2021-06-13,3,2,2
E101464,2021-07-24,2,5,3
E101465,2020-09-21,1,3,2
E101465,2019-12-23,5,1,2
E101465,2019-06-13,2,4,3
E101466,2020-05-27,3,4,5
E101466,2022-06-28,5,1,4
E101466,2021-06-24,5,5,5
E101467,2023-09-09,5,3,2
E101468,2020-11-20,1,2,4
E101468,2023-02-06,3,3,5
E101469,2019-12-02,3,1,4
E101469,2019-11-12,5,3,3
E101470,2022-05-30,2,3,4
E101470,2021-02-15,1,3,5
E101470,2019-09-26,1,5,2
E101471,2020-07-31,4,2,5
E101471,2023-03-23,1,4,1
E101471,2020-01-03,4,3,2
E101472,2021-06-29,1,1,3
E101472,2022-10-23,5,4,1
E101473,2020-05-02,3,1,3
E101474,2021-10-07,3,5,4
E101474,2020-11-04,3,5,5
E101474,2021-09-08,4,2,2
E101475,2020-08-23,2,4,2
E101475,2021-12-25,4,3,5
E101476,2022-10-16,1,2,2
E101476,2019-12-28,5,2,2
E101476,2021-05-18,5,2,1
E101477,2021-01-21,1,3,3
E101477,2021-02-28,1,4,1
E101477,2021-08-07,4,5,5
E101478,2020-01-02,4,3,1
E101478,2022-06-24,4,5,3
E101478,2020-05-28,4,3,1
E101479,2020-11-16,3,4,2
E101480,2020-05-02,1,5,2
E101480,2023-04-27,1,5,5
E101481,2020-07-28,2,1,5
E101481,2019-05-05,4,4,3
E101482,2021-05-30,3,4,2
E101482,2020-07-12,4,3,3
E101483,2019-05-16,3,3,1
E101483,2020-06-11,5,5,3
E101484,2019-12-31,1,5,2
E101484,2019-04-30,4,4,2
E101484,2023-08-25,1,3,2
E101485,2022-11-27,2,4,4
E101486,2021-07-29,2,2,2
E101486,2021-02-05,5,1,1
E101486,2021-05-22,1,5,4
E101487,2023-06-01,2,2,2
E101488,2021-07-09,4,1,2
E101489,2019-11-05,2,5,4
E101490,2021-05-17,4,2,2
E101490,2022-05-03,3,5,1
E101491,2022-10-20,4,4,3
E101491,2022-09-21,4,3,1
E101491,2019-12-12,1,5,4
E101492,2020-01-18,5,3,5
E101492,2021-11-07,1,4,3
E101493,2019-06-19,4,4,1
E101493,2022-06-25,3,1,3
E101493,2021-12-01,3,5,3
E101494,2020-11-21,1,1,5
E101494,2022-03-22,1,3,2
E101495,2020-02-20,5,5,3
E101495,2020-10-09,5,4,3
E101496,2022-09-20,5,1,4
E101496,2021-06-21,4,1,5
E101496,2019-12-04,3,5,5
E101497,2019-10-12,2,3,1
E101497,2021-02-27,5,1,5
E101497,2019-07-04,5,1,1
E101498,2023-07-03,1,4,5
E101498,2021-01-19,4,2,2
E101498,2020-01-07,5,1,3
E101499,2019-11-21,1,3,5
E101499,2020-11-25,4,5,2
E101500,2020-03-02,3,2,3
E101501,2022-03-02,1,4,4
E101502,2022-06-22,1,4,1
E101502,2022-06-29,3,2,1
E101502,2022-05-07,2,5,5
E101503,2022-09-16,3,5,3
E101503,2022-09-05,1,4,4
E101503,2021-03-11,3,1,2
E101504,2020-10-14,1,3,1
E101504,2021-11-14,4,1,2
E101504,2020-09-01,2,2,3
E101505,2020-05-06,5,2,1
E101505,2019-12-22,3,3,5
E101506,2023-07-23,4,4,4
E101506,2019-08-23,3,3,3
E101506,2021-01-05,3,3,1
E101507,2020-03-24,2,2,5
E101508,2023-04-13,3,4,2
E101509,2023-03-08,4,3,4
E101510,2019-04-01,2,2,2
E101510,2019-10-16,2,4,1
E101510,2019-05-12,1,3,4
E101511,2021-08-26,1,2,1
E101511,2020-10-08,1,3,5
E101512,2019-08-23,3,1,2
E101512,2020-08-11,4,5,3
E101512,2022-08-20,4,2,5
E101513,2023-02-09,4,4,5
E101514,2021-07-31,4,4,5
E101515,2019-10-08,1,3,5
E101515,2023-04-08,1,5,2
E101515,2022-01-27,5,3,5
E101516,2020-02-08,5,3,4
E101516,2021-08-08,4,3,5
E101517,2019-07-25,5,1,2
E101517,2022-07-21,3,4,1
E101518,2023-10-14,1,5,5
E101518,2019-09-01,5,1,2
E101518,2022-01-04,4,4,3
E101519,2020-11-16,2,5,5
E101519,2019-11-24,4,5,4
E101519,2022-09-04,3,5,3
E101520,2022-10-11,1,5,5
E101520,2019-09-19,3,1,4
E101521,2021-10-03,1,2,2
E101521,2023-06-10,4,4,4
E101522,2019-09-16,2,5,3
E101523,2022-01-28,3,3,4
E101523,2023-07-18,1,5,3
E101524,2023-09-10,1,2,3
E101524,2023-03-28,4,4,4
E101525,2022-09-28,5,5,3
E101525,2022-03-22,5,2,1
E101526,2022-02-10,3,2,1
E101527,2022-11-03,5,4,5
E101527,2021-06-20,4,4,3
E101527,2021-12-12,5,5,5
E101528,2020-03-09,5,3,2
E101528,2023-04-11,1,4,2
E101529,2023-01-24,2,5,2
E101529,2023-05-26,1,5,5
E101529,2022-04-21,3,2,1
E101530,2021-04-14,3,4,5
E101531,2022-10-06,4,1,3
E101531,2023-10-07,1,2,3
E101531,2021-08-03,5,1,3
E101532,2021-11-17,3,3,4
E101533,2021-03-01,3,2,5
E101534,2021-06-06,4,2,2
E101535,2020-03-27,1,5,5
E101535,2020-06-30,2,3,3
E101535,2021-09-30,2,4,4
E101536,2021-01-19,2,5,1
E101536,2021-06-25,3,1,4
E101536,2020-11-14,2,4,4
E101537,2022-11-16,3,3,2
E101538,2022-06-10,3,1,2
E101538,2021-12-21,1,1,5
E101538,2023-10-27,1,2,5
E101539,2019-06-05,4,4,5
E101540,2021-01-20,4,1,2
E101540,2020-07-27,1,5,4
E101541,2021-04-30,2,4,1
E101541,2019-03-13,4,5,4
E101542,2023-09-05,4,5,5
E101543,2023-05-14,3,5,1
E101543,2022-07-25,5,2,5
E101544,2022-01-14,4,4,3
E101544,2022-11-14,2,4,4
E101545,2020-11-15,4,2,4
E101545,2023-04-02,4,1,3
E101545,2020-02-19,4,4,2
E101546,2020-02-03,1,5,5
E101546,2022-11-27,5,1,2
E101547,2023-03-23,2,2,5
E101548,2019-08-21,1,2,4
E101549,2023-10-05,2,3,3
E101549,2022-10-24,3,1,2
E101549,2022-07-24,2,2,4
E101550,2023-01-08,4,5,5
E101550,2021-12-03,5,4,2
E101550,2022-04-04,5,5,4
E101551,2020-01-11,5,1,5
E101551,2022-08-30,4,1,2
E101551,2021-12-30,5,4,2
E101552,2020-09-14,5,1,3
E101553,2019-05-02,2,4,5
E101553,2021-09-30,3,4,1
E101553,2021-07-25,2,2,3
E101554,2023-09-06,1,1,2
E101555,2020-09-30,5,5,1
E101555,2021-08-31,1,3,3
E101555,2020-01-29,2,2,3
E101556,2020-10-19,3,4,2
E101557,2020-10-17,2,5,3
E101557,2019-11-22,4,3,2
E101558,2019-11-25,1,1,3
E101558,2023-03-08,4,1,3
E101559,2022-04-15,2,3,1
E101560,2019-12-08,3,4,3
E101561,2022-08-19,5,4,3
E101561,2023-08-07,2,3,1
E101561,2022-12-16,1,1,3
E101562,2023-06-18,5,2,1
E101562,2022-05-25,3,5,2
E101563,2019-05-14,5,1,2
E101564,2023-10-25,4,3,2
E101565,2019-03-18,1,5,1
E101565,2019-11-20,4,4,2
E101565,2023-05-24,3,1,4
E101566,2022-10-06,2,5,3
E101567,2022-05-25,3,4,3
E101567,2019-07-22,5,5,1
E101568,2022-05-10,4,5,1
E101568,2023-08-11,3,3,3
E101569,2021-04-26,1,3,4
E101569,2019-03-13,5,3,3
E101569,2023-04-05,5,2,3
E101570,2019-05-16,5,1,3
E101570,2019-05-17,4,2,3
E101570,2023-02-14,1,2,1
E101571,2019-05-11,2,5,4
E101571,2023-01-03,3,4,4
E101572,2020-08-17,2,2,3
E101573,2023-10-22,1,4,2
E101573,2022-09-23,5,4,5
E101574,2022-04-19,1,1,4
E101574,2022-07-14,1,1,1
E101575,2020-02-10,3,4,2
E101575,2021-02-18,2,5,5
E101575,2023-03-18,3,1,3
E101576,2023-09-01,4,3,2
E101576,2020-02-26,3,2,5
E101577,2022-06-05,4,1,3
E101578,2020-03-07,1,3,1
E101579,2019-11-23,4,1,3
E101580,2020-04-17,1,4,2
E101580,2022-07-17,1,4,5
E101581,2023-10-21,3,2,4
E101581,2022-03-21,5,4,5
E101581,2021-04-26,5,2,2
E101582,2022-11-22,5,5,4
E101583,2019-09-13,1,4,1
E101583,2019-11-01,1,3,1
E101583,2019-04-07,5,4,5
E101584,2022-06-19,5,1,4
E101584,2021-10-11,5,4,5
E101585,2021-08-14,5,2,5
E101585,2022-04-16,1,4,5
E101586,2020-07-08,5,3,2
E101586,2019-11-15,2,5,5
E101587,2023-05-19,3,2,5
E101587,2021-02-18,2,2,2
E101588,2021-01-12,2,2,2
E101588,2022-04-27,1,4,5
E101589,2023-03-24,3,1,2
E101590,2023-11-03,5,1,1
E101590,2020-06-15,5,3,3
E101591,2023-09-20,1,2,3
E101592,2022-08-19,4,3,2
E101592,2022-05-30,4,2,4
E101593,2021-06-25,2,3,1
E101593,2022-01-15,4,5,4
E101594,2021-07-20,2,5,2
E101594,2021-02-10,3,5,1
E101595,2019-10-20,3,2,4
E101595,2022-04-26,2,3,5
E101595,2020-05-25,3,4,4
E101596,2020-01-07,5,4,5
E101596,2019-05-29,2,1,1
E101597,2021-09-19,2,2,1
E101597,2022-06-07,3,3,1
E101597,2023-05-30,2,3,1
E101598,2020-06-27,1,5,4
E101598,2021-07-12,2,1,1
E101598,2021-06-06,3,3,1
E101599,2023-03-10,5,5,4
E101599,2020-05-16,1,3,2
E101599,2022-11-21,2,3,4
E101600,2022-08-25,5,1,4
E101600,2020-10-30,2,1,5
E101601,2020-11-02,1,1,3
E101601,2020-05-26,5,1,4
E101602,2021-06-08,2,1,3
E101602,2020-07-17,1,1,1
E101603,2020-06-16,4,5,3
E101604,2023-08-27,1,5,1
E101604,2021-02-09,1,3,1
E101604,2020-05-04,1,2,4
E101605,2022-05-28,1,1,1
E101606,2023-08-08,3,4,4
E101606,2019-08-20,2,2,5
E101607,2022-09-09,2,2,2
E101607,2021-03-26,3,1,1
E101608,2022-12-18,5,5,4
E101608,2022-08-27,4,2,4
E101608,2022-04-30,4,3,2
E101609,2019-11-22,2,5,5
E101610,2020-09-28,1,1,5
E101611,2021-01-21,2,2,5
E101612,2020-05-01,4,5,3
E101613,2021-05-13,1,4,2
E101613,2023-04-28,4,2,1
E101614,2023-04-16,5,1,3
E101615,2023-02-07,3,1,4
E101615,2022-12-31,3,5,3
E101615,2020-10-29,5,2,3
E101616,2020-08-19,5,4,2
E101616,2023-03-25,1,1,5
E101616,2023-10-28,2,3,1
E101617,2023-10-24,1,5,5
E101617,2021-12-10,2,5,2
E101617,2022-07-17,5,3,2
E101618,2021-02-02,4,3,2
E101618,2021-07-31,1,4,1
E101619,2020-09-03,2,3,5
E101619,2021-11-19,5,1,4
E101619,2019-08-17,4,5,4
E101620,2020-02-22,1,3,3
E101620,2021-05-05,3,3,1
E101620,2023-05-15,3,2,3
E101621,2020-07-14,5,2,3
E101621,2023-02-27,3,4,5
E101622,2023-04-06,5,5,2
E101622,2020-08-02,5,3,2
E101622,2023-09-18,1,5,3
E101623,2021-12-29,2,3,5
E101623,2022-09-12,2,3,2
E101623,2020-04-19,5,4,4
E101624,2022-01-16,3,3,2
E101625,2019-08-04,5,5,4
E101626,2022-05-29,4,3,2
E101626,2019-10-22,3,1,1
E101626,2022-02-24,2,1,1
E101627,2019-09-30,5,3,1
E101628,2023-07-08,2,5,2
E101629,2021-03-21,5,4,1
E101629,2021-04-28,5,5,2
E101630,2020-01-14,5,3,1
E101631,2020-06-09,5,1,1
E101632,2019-09-19,3,4,3
E101632,2021-11-02,5,3,1
E101632,2021-10-27,2,5,1
E101633,2019-11-11,3,1,5
E101633,2023-06-24,4,2,3
E101633,2019-10-05,4,5,4
E101634,2019-12-22,5,2,2
E101635,2023-03-19,5,5,3
E101636,2019-08-02,2,1,2
E101636,2023-06-19,1,2,5
E101637,2022-03-30,1,4,4
E101638,2023-11-03,2,4,3
E101638,2022-06-06,1,1,2
E101639,2021-04-24,2,5,3
E101639,2023-03-31,5,4,5
E101640,2022-11-18,4,1,5
E101640,2022-01-15,3,3,3
E101641,2020-06-29,3,1,5
E101641,2019-03-24,1,2,2
E101641,2023-10-10,2,4,4
E101642,2022-10-17,4,5,1
E101643,2022-06-18,1,1,4
E101644,2021-08-01,1,3,3
E101644,2020-09-05,4,3,2
E101644,2023-03-10,1,4,1
E101645,2019-07-04,2,4,5
E101645,2023-08-24,5,3,3
E101645,2022-06-27,3,4,2
E101646,2019-12-22,1,5,3
E101647,2021-10-22,1,1,3
E101647,2019-03-27,1,4,3
E101648,2023-05-01,5,3,3
E101648,2020-11-25,2,1,2
E101649,2020-08-15,5,1,5
E101649,2023-02-14,3,5,4
E101649,2020-09-07,1,4,1
E101650,2022-11-06,2,3,4
E101650,2021-07-02,1,3,1
E101650,2022-07-19,5,1,2
E101651,2022-03-07,1,3,1
E101651,2023-05-05,2,3,5
E101652,2021-05-19,3,1,3
E101652,2020-04-15,3,1,2
E101653,2020-07-03,1,1,5
E101653,2020-11-01,4,1,2
E101654,2021-05-26,2,4,3
E101654,2021-09-26,1,1,3
E101654,2023-05-22,4,2,2
E101655,2020-09-08,5,3,5
E101655,2021-11-17,1,5,5
E101656,2019-07-30,4,1,1
E101657,2022-05-09,4,3,5
E101657,2023-06-05,4,2,2
E101658,2023-07-28,4,2,5
E101659,2021-01-31,2,4,2
E101659,2022-05-28,2,4,2
E101659,2023-08-20,3,5,1
E101660,2023-03-06,3,1,3
E101661,2022-12-20,1,2,4
E101661,2022-04-30,1,4,5
E101661,2019-11-27,3,5,3
E101662,2019-04-08,1,3,1
E101663,2022-12-22,3,1,5
E101664,2019-05-15,3,3,4
E101665,2020-05-08,5,4,2
E101665,2021-03-12,5,1,1
E101665,2022-12-23,1,5,4
E101666,2020-04-22,3,2,1
E101667,2021-10-08,1,2,3
E101667,2022-06-25,1,1,4
E101667,2021-06-27,5,4,4
E101668,2023-10-07,5,5,5
E101668,2021-10-02,3,3,1
E101668,2022-03-21,4,1,1
E101669,2022-04-05,5,5,2
E101670,2021-12-05,4,4,5
E101671,2020-10-06,5,3,4
E101671,2022-05-04,2,4,2
E101671,2022-07-25,4,1,1
E101672,2019-05-06,2,3,4
E101673,2022-06-17,4,1,1
E101674,2021-04-01,2,3,1
E101675,2020-12-21,3,5,1
E101676,2020-02-26,4,5,4
E101676,2021-04-12,5,2,5
E101677,2021-11-10,3,1,3
E101678,2022-11-01,4,2,4
E101678,2019-12-21,3,1,3
E101678,2023-11-05,2,4,3
E101679,2019-11-06,2,1,4
E101679,2022-11-06,4,5,2
E101680,2020-08-05,4,4,3
E101681,2020-11-14,5,2,1
E101682,2021-10-25,1,5,3
E101682,2019-11-27,2,2,4
E101683,2021-01-14,5,5,2
E101683,2020-05-03,5,3,3
E101684,2023-01-01,3,1,2
E101685,2021-02-15,1,4,3
E101685,2021-12-10,4,4,1
E101685,2023-08-18,4,3,1
E101686,2023-06-09,1,2,4
E101687,2022-07-16,5,5,2
E101687,2022-04-23,4,1,2
E101688,2019-03-15,5,4,5
E101688,2022-05-18,5,2,5
E101689,2023-04-18,4,2,5
E101689,2019-10-05,5,5,2
E101689,2021-11-09,4,5,3
E101690,2023-04-18,1,3,1
E101690,2022-10-13,5,2,2
E101691,2020-12-28,5,5,4
E101691,2023-07-10,3,5,3
E101691,2022-03-11,2,3,4
E101692,2023-09-01,4,3,4
E101692,2021-11-30,2,2,1
E101693,2019-05-25,3,3,5
E101693,2023-10-20,3,1,2
E101693,2020-09-10,2,5,1
E101694,2021-02-22,4,5,3
E101695,2023-08-16,1,4,4
E101695,2019-10-27,5,5,2
E101696,2022-02-17,2,4,5
E101697,2022-05-06,2,1,2
E101697,2023-09-22,3,3,1
E101697,2020-03-28,3,3,3
E101698,2019-04-05,2,1,3
E101698,2022-12-05,3,1,4
E101699,2021-05-02,3,3,4
E101700,2019-07-14,4,2,5
E101700,2019-12-01,5,5,3
E101700,2022-11-24,4,5,3
E101701,2020-04-10,3,5,2
E101702,2019-07-27,4,5,5
E101703,2023-01-06,4,2,1
E101703,2020-03-14,3,1,5
E101704,2022-07-04,5,2,3
E101704,2021-06-09,2,1,1
E101704,2019-07-03,3,2,5
E101705,2019-09-17,2,5,5
E101705,2021-02-05,5,4,1
E101706,2020-03-31,5,2,5
E101706,2021-03-28,1,3,2
E101707,2020-04-29,5,2,1
E101707,2022-02-08,2,5,5
E101708,2020-04-24,4,3,4
E101709,2020-02-24,3,3,4
E101709,2021-05-12,4,4,1
E101709,2019-08-19,1,1,1
E101710,2021-07-28,1,4,2
E101710,2023-05-16,2,2,4
E101710,2020-02-27,3,1,5
E101711,2022-10-20,2,1,1
E101712,2020-11-21,3,3,2
E101712,2022-05-04,3,2,4
E101713,2020-03-26,1,5,3
E101713,2021-01-01,1,5,5
E101713,2020-02-09,2,4,5
E101714,2023-07-05,4,4,1
E101714,2020-12-05,4,2,4
E101715,2019-06-29,4,2,2
E101716,2021-05-26,4,3,4
E101716,2020-05-09,2,4,3
E101717,2023-01-16,3,3,5
E101717,2023-08-21,5,5,1
E101717,2023-03-02,5,5,1
E101718,2023-02-21,2,4,4
E101718,2019-07-24,5,1,4
E101718,2020-03-13,3,1,5
E101719,2019-10-02,4,4,2
E101719,2020-02-10,4,4,3
E101720,2020-08-29,4,4,5
E101720,2020-02-25,3,5,4
E101720,2022-05-17,4,2,5
E101721,2021-06-07,4,4,1
E101721,2019-05-06,1,5,3
E101721,2019-03-23,5,3,4
E101722,2021-09-12,5,5,2
E101723,2022-06-20,3,5,3
E101723,2022-07-01,3,2,1
E101723,2022-03-17,3,1,1
E101724,2023-07-20,4,1,3
E101725,2023-11-03,1,1,5
E101726,2023-05-08,3,4,4
E101726,2019-07-25,3,2,3
E101726,2019-12-18,5,2,5
E101727,2022-06-29,1,3,4
E101727,2020-09-14,4,2,3
E101728,2020-05-27,1,5,2
E101728,2022-11-23,1,5,4
E101728,2020-02-05,1,5,5
E101729,2022-05-02,4,1,2
E101730,2019-06-02,2,5,2
E101730,2022-08-12,4,1,5
E101731,2020-12-25,4,3,1
E101731,2020-02-16,2,1,5
E101731,2020-05-28,2,1,4
E101732,2023-04-25,5,2,2
E101733,2021-11-09,2,3,1
E101733,2022-02-20,5,3,5
E101734,2023-03-17,5,5,2
E101734,2020-10-13,3,4,1
E101734,2020-05-18,3,2,2
E101735,2020-10-30,1,5,5
E101735,2021-02-02,2,3,5
E101736,2019-07-29,3,2,4
E101736,2021-01-14,1,4,2
E101736,2020-06-08,4,1,5
E101737,2019-05-20,5,1,3
E101738,2021-02-16,3,5,1
E101739,2021-08-28,2,3,5
E101739,2023-05-23,1,2,1
E101740,2019-12-13,1,5,4
E101740,2019-09-20,4,2,1
E101740,2019-04-13,2,1,5
E101741,2021-04-04,2,2,1
E101741,2023-08-26,3,4,5
E101741,2022-05-12,2,5,4
E101742,2022-08-11,4,3,2
E101743,2021-08-30,5,4,1
E101743,2022-09-27,1,3,2
E101743,2019-11-21,1,2,4
E101744,2022-05-01,1,5,1
E101745,2022-06-08,3,5,4
E101745,2020-06-20,4,2,5
E101745,2021-10-09,3,5,4
E101746,2023-01-07,4,5,4
E101747,2021-01-07,1,4,2
E101747,2020-01-29,5,2,3
E101748,2021-11-06,3,3,1
E101749,2022-09-24,1,5,5
E101749,2022-10-27,2,3,4
E101750,2022-08-14,3,5,2
E101750,2021-06-21,5,1,5
E101751,2023-03-17,2,4,3
E101752,2020-10-16,4,1,4
E101753,2019-05-09,4,3,3
E101754,2023-08-17,4,2,1
E101755,2020-07-29,4,1,5
E101756,2022-07-21,3,3,5
E101756,2019-12-24,5,5,5
E101756,2020-05-24,1,3,4
E101757,2021-11-18,4,3,2
E101757,2019-03-30,4,2,4
E101757,2020-07-28,4,2,3
E101758,2023-05-13,5,4,5
E101758,2020-07-31,4,5,1
E101758,2019-08-13,2,4,2
E101759,2020-12-10,4,5,5
E101760,2021-01-04,3,3,1
E101761,2021-05-11,3,5,5
E101762,2020-01-28,5,2,1
E101762,2020-09-11,3,1,1
E101763,2023-04-06,4,3,1
E101763,2022-01-31,1,5,3
E101764,2021-08-02,3,3,3
E101764,2019-12-17,2,4,3
E101764,2020-03-26,2,5,1
E101765,2020-12-06,1,1,3
E101765,2023-03-20,5,3,1
E101766,2020-09-17,2,1,1
E101766,2022-07-10,5,2,4
E101766,2021-07-07,2,1,2
E101767,2023-07-09,5,2,3
E101767,2021-09-17,5,2,3
E101768,2020-05-28,2,4,5
E101768,2023-02-07,2,5,2
E101769,2019-10-23,4,1,2
E101769,2021-07-07,3,5,3
E101770,2019-07-11,3,2,5
E101770,2020-04-27,3,2,4
E101770,2019-10-17,1,1,1
E101771,2020-05-15,2,1,2
E101771,2019-12-11,2,2,3
E101771,2023-02-16,4,2,2
E101772,2021-11-08,5,1,1
E101772,2020-11-11,3,5,5
E101772,2020-10-30,1,5,2
E101773,2020-12-28,5,3,1
E101773,2022-11-08,3,5,1
E101773,2020-01-04,3,3,5
E101774,2022-01-01,5,1,4
E101775,2021-07-23,4,4,3
E101776,2020-03-08,1,3,4
E101776,2023-08-30,1,1,3
E101777,2021-10-13,3,5,5
E101777,2020-01-26,3,5,1
E101777,2019-06-19,5,1,2
E101778,2022-01-30,4,1,5
E101779,2023-03-08,1,1,1
E101780,2022-10-11,2,1,2
E101780,2019-09-14,1,2,2
E101780,2021-04-03,3,5,2
E101781,2022-03-25,4,1,1
E101781,2021-07-15,3,3,1
E101781,2019-11-01,2,2,2
E101782,2019-10-25,1,2,1
E101783,2019-03-29,5,5,5
E101784,2020-04-27,5,4,1
E101784,2022-03-11,4,1,2
E101785,2023-07-28,2,2,1
E101785,2021-06-13,5,3,2
E101785,2022-04-14,4,1,4
E101786,2021-04-24,1,4,4
E101787,2019-03-12,3,4,1
E101787,2023-08-13,4,3,3
E101788,2023-08-26,3,4,5
E101789,2020-11-25,3,4,1
E101789,2021-07-09,3,4,4
E101790,2021-02-24,1,5,4
E101790,2019-04-16,5,5,3
E101791,2021-10-29,5,5,5
E101791,2022-12-25,2,1,2
E101791,2019-08-17,3,5,1
E101792,2020-11-29,5,5,1
E101792,2022-02-14,5,3,2
E101793,2023-03-02,3,2,4
E101793,2021-07-25,4,4,4
E101794,2023-08-07,2,3,5
E101795,2020-06-12,2,1,5
E101795,2019-09-12,2,2,1
E101796,2021-10-09,3,4,1
E101797,2021-01-26,5,5,4
E101797,2022-06-06,3,3,2
E101798,2021-02-18,1,3,1
E101798,2021-03-26,1,4,1
E101799,2021-04-03,4,4,3
E101799,2023-09-22,4,3,4
E101800,2022-07-09,5,5,4
E101801,2020-11-26,3,2,2
E101801,2023-06-13,5,3,2
E101802,2020-04-16,3,4,2
E101802,2023-05-27,3,2,4
E101802,2022-09-19,4,3,1
E101803,2023-04-22,4,5,3
E101804,2022-06-02,1,1,5
E101804,2023-02-24,1,1,5
E101805,2020-02-09,5,5,5
E101806,2021-03-22,2,5,2
E101806,2022-09-23,5,4,3
E101806,2020-07-19,2,5,2
E101807,2023-06-18,3,2,1
E101807,2019-11-06,2,3,3
E101808,2023-04-20,1,2,3
E101808,2023-09-01,2,2,5
E101809,2022-06-16,5,5,4
E101810,2019-05-06,5,4,4
E101810,2022-07-31,5,3,5
E101811,2021-12-15,3,1,5
E101812,2022-06-01,1,4,3
E101813,2020-03-03,5,4,2
E101814,2023-08-15,3,2,1
E101815,2020-07-18,3,3,3
E101816,2022-10-18,1,2,3
E101817,2022-02-14,4,5,1
E101818,2020-02-27,1,5,3
E101819,2019-07-08,5,2,4
E101820,2022-07-08,1,1,1
E101820,2019-10-06,2,3,5
E101821,2019-11-14,5,4,1
E101822,2022-05-24,2,2,3
E101822,2022-07-10,5,5,1
E101823,2019-09-24,5,1,2
E101823,2020-04-05,4,1,5
E101824,2022-08-22,4,4,1
E101825,2023-08-17,3,2,4
E101825,2022-05-29,5,1,5
E101826,2022-12-10,5,2,1
E101827,2019-05-11,1,1,4
E101828,2020-02-11,3,3,1
E101828,2022-03-27,4,3,5
E101828,2022-06-27,1,3,4
E101829,2020-03-28,5,1,2
E101829,2020-09-24,5,4,3
E101830,2022-04-23,1,5,3
E101830,2019-05-09,5,4,1
E101831,2023-07-26,5,2,4
E101831,2019-06-07,1,2,4
E101831,2020-09-17,4,4,4
E101832,2023-06-19,3,1,2
E101832,2020-04-24,2,2,2
E101833,2019-04-25,2,2,1
E101834,2020-04-22,3,2,4
E101834,2021-03-22,4,5,2
E101834,2023-03-18,5,4,5
E101835,2021-05-18,5,5,4
E101835,2022-07-18,5,2,1
E101836,2022-08-17,1,1,3
E101836,2020-03-15,5,4,2
E101836,2023-07-10,2,5,2
E101837,2019-10-12,2,1,1
E101837,2020-08-31,3,3,4
E101838,2019-08-30,4,3,5
E101839,2020-12-26,4,1,4
E101840,2019-10-03,5,1,1
E101840,2021-01-30,1,4,4
E101841,2020-05-10,1,1,1
E101841,2020-04-21,4,5,5
E101841,2023-01-22,3,3,4
E101842,2020-04-16,1,5,2
E101843,2020-07-11,1,3,2
E101844,2021-08-14,5,4,2
E101845,2019-07-07,3,4,3
E101846,2020-01-09,1,3,4
E101847,2021-07-27,5,5,4
E101848,2019-04-14,5,3,3
E101848,2022-05-29,2,4,3
E101849,2020-10-19,3,2,3
E101850,2023-05-26,4,4,4
E101850,2019-11-03,5,3,2
E101850,2023-09-07,2,2,1
E101851,2022-01-21,5,4,4
E101852,2019-10-31,4,5,2
E101853,2023-01-13,2,4,2
E101854,2021-06-08,5,2,1
E101855,2021-04-26,4,4,2
E101856,2023-05-22,1,4,1
E101856,2023-10-23,2,2,2
E101856,2020-05-16,5,3,3
E101857,2020-10-14,3,5,5
E101857,2022-03-11,1,1,2
E101858,2019-05-22,3,3,1
E101859,2020-03-07,4,5,3
E101859,2022-07-31,3,1,1
E101860,2022-02-21,1,1,3
E101861,2022-01-06,3,3,1
E101862,2023-10-11,5,1,5
E101862,2019-06-07,2,5,5
E101862,2023-07-08,5,3,3
E101863,2022-07-18,2,1,5
E101863,2023-08-20,5,3,5
E101864,2022-03-01,5,3,2
E101864,2020-12-23,4,2,2
E101865,2022-01-09,1,5,5
E101865,2019-09-04,5,4,1
E101866,2020-10-01,3,2,3
E101866,2019-08-19,2,3,5
E101866,2020-09-09,3,5,5
E101867,2021-10-16,1,1,2
E101867,2023-01-03,4,5,3
E101868,2019-12-22,4,4,3
E101868,2020-11-15,4,1,1
E101868,2021-07-23,4,4,5
E101869,2023-06-20,5,1,2
E101869,2019-03-27,5,3,3
E101869,2021-04-28,1,2,1
E101870,2020-02-14,1,2,1
E101870,2021-05-21,4,5,2
E101870,2019-11-08,3,3,4
E101871,2020-11-06,1,5,5
E101871,2022-07-16,4,5,1
E101871,2021-09-12,5,4,4
E101872,2020-08-30,4,2,5
E101872,2022-10-01,2,5,3
E101873,2021-06-07,4,1,5
E101873,2021-12-19,4,2,3
E101873,2020-08-06,5,4,3
E101874,2022-10-04,3,3,4
E101875,2021-09-25,1,1,2
E101876,2021-04-19,3,2,3
E101877,2019-12-10,3,1,3
E101878,2020-12-19,5,4,2
E101878,2019-03-23,1,3,5
E101878,2020-01-10,3,1,5
E101879,2019-10-13,5,3,4
E101879,2021-06-14,2,1,2
E101879,2022-02-04,2,1,4
E101880,2019-10-03,1,1,3
E101880,2021-08-09,3,5,5
E101880,2023-03-28,3,2,5
E101881,2020-09-25,5,2,4
E101882,2019-10-05,2,3,1
E101882,2023-10-13,3,1,2
E101882,2019-06-28,3,1,2
E101883,2023-03-02,4,4,2
E101883,2023-10-01,2,4,2
E101884,2021-09-17,5,4,1
E101885,2021-01-13,3,2,4
E101886,2022-07-31,1,3,1
E101886,2020-08-01,5,5,5
E101886,2019-08-17,5,3,1
E101887,2022-08-26,5,1,3
E101888,2021-11-02,5,3,5
E101888,2022-04-15,4,5,5
E101889,2022-04-10,2,2,3
E101889,2023-04-02,5,5,4
E101890,2021-10-08,5,3,2
E101890,2023-02-11,3,1,2
E101891,2022-05-23,2,2,5
E101891,2019-11-04,3,4,5
E101892,2019-10-01,2,3,2
E101892,2023-06-19,1,1,1
E101893,2021-10-17,1,2,5
E101893,2021-04-19,2,2,2
E101894,2022-02-06,1,3,4
E101895,2020-10-12,5,4,2
E101896,2019-08-22,5,2,5
E101896,2022-02-07,3,1,1
E101897,2019-08-20,3,3,2
E101898,2019-03-28,1,3,4
E101898,2022-06-10,5,4,2
E101899,2020-04-21,3,4,3
E101899,2023-03-11,1,3,1
E101899,2022-07-11,2,3,2
E101900,2023-05-10,4,3,4
E101900,2019-10-06,1,4,3
E101900,2022-01-02,3,3,4
E101901,2019-07-22,2,5,1
E101902,2021-08-14,4,5,3
E101902,2021-01-12,1,5,3
E101903,2020-06-28,2,4,1
E101904,2021-06-25,5,1,1
E101904,2020-09-21,1,2,4
E101904,2022-03-28,3,5,4
E101905,2019-04-11,5,5,2
E101905,2021-03-22,1,5,1
E101905,2023-07-21,3,1,3
E101906,2021-06-04,4,5,3
E101906,2020-12-12,3,1,2
E101906,2020-11-22,1,2,3
E101907,2023-07-15,5,2,4
E101908,2020-11-04,3,2,2
E101908,2021-02-15,4,5,4
E101909,2020-03-09,1,1,5
E101910,2020-12-24,4,3,4
E101911,2021-09-29,1,1,3
E101911,2022-01-17,3,4,2
E101911,2019-07-29,3,2,3
E101912,2023-06-09,3,1,4
E101912,2021-07-19,1,4,1
E101912,2023-03-26,2,5,2
E101913,2023-02-14,3,3,3
E101913,2022-04-02,5,2,1
E101914,2021-06-27,4,5,5
E101915,2021-10-06,1,2,5
E101915,2021-10-01,4,4,1
E101916,2023-03-27,4,1,1
E101916,2023-05-29,4,5,5
E101916,2023-06-20,4,3,3
E101917,2023-02-20,4,1,3
E101917,2019-04-01,3,4,3
E101918,2021-12-20,5,2,1
E101918,2021-09-17,1,1,4
E101919,2020-01-17,2,3,5
E101919,2023-03-06,2,3,1
E101920,2019-03-26,2,4,3
E101921,2022-10-28,5,3,4
E101921,2023-01-01,4,2,4
E101922,2020-08-08,1,4,1
E101923,2022-04-26,2,1,2
E101924,2023-09-06,2,1,3
E101924,2023-05-13,5,2,3
E101925,2019-06-26,5,3,5
E101925,2023-07-16,3,2,4
E101926,2022-04-30,4,4,5
E101926,2022-11-14,3,5,1
E101927,2020-05-16,5,5,3
E101928,2022-11-05,4,2,2
E101929,2021-06-21,1,2,1
E101929,2021-07-24,3,3,4
E101930,2022-06-14,2,3,3
E101930,2021-01-28,4,4,3
E101930,2022-05-01,4,1,5
E101931,2023-05-22,4,4,4
E101932,2022-01-24,2,4,3
E101932,2023-09-10,5,1,5
E101933,2020-10-08,5,1,3
E101933,2023-07-21,4,5,2
E101933,2019-05-13,3,5,3
E101934,2020-04-16,2,2,2
E101934,2023-06-14,1,2,5
E101935,2022-09-03,2,3,2
E101936,2020-04-05,4,1,5
E101936,2022-03-26,2,1,1
E101937,2022-06-30,1,5,2
E101937,2020-03-31,5,2,2
E101938,2019-06-25,4,4,5
E101938,2020-10-06,2,2,4
E101938,2019-11-25,4,1,2
E101939,2022-01-29,5,3,5
E101939,2019-12-19,3,3,3
E101940,2021-06-06,5,4,1
E101941,2020-01-08,5,3,3
E101941,2022-10-08,5,2,4
E101941,2021-12-25,5,1,4
E101942,2022-12-05,2,5,5
E101942,2021-02-24,3,5,2
E101942,2021-07-30,3,3,2
E101943,2023-09-28,2,5,3
E101943,2020-04-04,3,1,1
E101944,2020-09-13,1,5,5
E101944,2021-02-06,5,3,3
E101944,2023-07-03,4,4,5
E101945,2022-04-18,4,5,2
E101945,2023-05-21,5,4,3
E101945,2019-11-11,1,3,5
E101946,2022-02-27,4,5,4
E101946,2021-01-11,5,5,4
E101947,2019-05-24,3,5,4
E101947,2021-07-04,4,4,2
E101948,2019-04-07,3,3,5
E101949,2021-01-06,3,4,1
E101950,2021-05-24,1,3,3
E101950,2022-05-09,3,4,5
E101951,2019-04-07,5,2,4
E101951,2023-08-09,1,4,1
E101951,2020-08-14,5,3,1
E101952,2021-04-16,4,3,2
E101952,2020-12-02,1,4,3
E101952,2022-10-08,3,5,1
E101953,2023-02-06,1,2,2
E101954,2020-05-05,5,5,2
E101954,2022-01-08,1,1,5
E101955,2023-05-20,1,2,4
E101955,2020-01-25,3,2,3
E101956,2021-04-14,3,4,4
E101956,2021-11-30,3,3,3
E101957,2020-01-03,1,5,3
E101958,2019-07-06,1,1,5
E101958,2023-09-18,4,4,2
E101959,2019-11-20,3,3,1
E101960,2021-10-09,1,4,2
E101960,2020-10-30,3,4,4
E101960,2021-09-30,3,4,5
E101961,2019-08-04,1,5,5
E101962,2021-08-31,5,5,3
E101962,2023-07-11,2,4,4
E101963,2022-05-29,1,5,5
E101964,2021-08-06,3,1,5
E101964,2022-07-02,4,2,4
E101965,2022-07-11,3,3,2
E101965,2023-09-09,1,5,2
E101965,2020-12-02,4,4,5
E101966,2023-08-30,4,4,1
E101967,2020-12-24,1,1,4
E101968,2021-08-05,5,2,2
E101969,2020-10-27,4,5,3
E101969,2022-09-18,2,5,4
E101969,2020-04-08,2,4,5
E101970,2020-06-01,4,2,1
E101970,2023-08-18,4,2,3
E101970,2020-11-30,2,2,4
E101971,2019-03-30,1,4,5
E101971,2021-10-05,1,1,3
E101972,2020-10-14,2,4,5
E101973,2022-05-07,5,2,5
E101973,2020-01-22,1,5,4
E101974,2021-11-01,1,3,5
E101974,2019-07-19,1,5,5
E101974,2020-10-09,5,4,2
E101975,2023-05-26,3,4,4
E101976,2021-11-20,5,4,4
E101976,2020-08-25,2,5,3
E101976,2020-09-19,1,2,4
E101977,2023-07-20,1,1,4
E101977,2019-07-21,5,3,4
E101978,2019-04-19,3,2,2
E101979,2021-12-25,3,3,2
E101979,2022-04-21,3,3,5
E101980,2022-01-15,5,1,1
E101980,2022-03-27,1,4,3
E101981,2022-07-22,1,1,3
E101981,2023-06-24,1,1,1
E101981,2020-06-03,2,2,5
E101982,2022-09-02,2,2,4
E101983,2021-01-13,2,2,4
E101984,2020-09-13,1,1,5
E101985,2022-03-11,1,3,1
E101985,2022-01-30,4,4,2
E101986,2023-03-17,3,2,1
E101986,2022-05-14,2,4,3
E101986,2019-12-15,2,2,3
E101987,2022-12-11,5,3,1
E101988,2019-05-11,2,5,4
E101989,2020-07-26,2,1,2
E101989,2019-10-05,2,4,2
E101990,2022-05-22,1,4,3
E101991,2020-11-16,3,4,3
E101991,2022-11-25,3,1,3
E101991,2023-03-13,3,2,5
E101992,2019-11-26,1,4,3
E101992,2019-10-15,3,3,1
E101992,2022-07-25,1,4,3
E101993,2021-12-01,3,1,2
E101993,2019-10-27,4,4,5
E101994,2022-08-15,2,5,2
E101994,2022-07-20,5,5,4
E101995,2020-05-29,3,1,2
E101995,2022-06-25,3,3,2
E101996,2020-05-03,3,3,5
E101996,2020-11-14,2,2,3
E101997,2023-11-03,5,1,4
E101998,2021-11-18,5,3,4
E101998,2022-07-06,5,3,1
E101999,2019-06-09,5,4,3
E101999,2022-01-22,4,3,4
E102000,2019-06-14,3,5,1
E102000,2023-09-13,2,4,2
E102001,2021-08-23,5,4,4
E102002,2020-01-09,5,1,1
E102002,2019-11-10,3,1,5
E102003,2019-06-07,5,2,2
E102004,2023-03-19,1,2,3
E102004,2019-12-04,2,2,1
E102004,2022-01-15,3,3,3
E102005,2021-05-22,2,3,3
E102005,2019-03-21,2,2,4
E102005,2023-04-18,3,3,1
E102006,2022-03-28,4,3,2
E102007,2019-07-22,1,4,5
E102007,2023-10-28,2,3,2
E102008,2019-08-27,2,4,3
E102008,2021-06-05,5,2,1
E102009,2021-12-21,1,1,4
E102009,2021-10-17,5,1,4
E102009,2020-11-05,3,4,1
E102010,2022-07-29,3,5,3
E102010,2020-02-15,4,5,1
E102011,2021-12-25,2,3,3
E102011,2019-07-27,4,1,1
E102012,2023-02-04,4,2,2
E102012,2022-08-09,1,1,2
E102012,2023-06-10,2,5,1
E102013,2020-09-10,2,5,2
E102013,2019-09-01,4,1,2
E102014,2021-05-10,3,5,1
E102014,2021-03-13,1,3,3
E102014,2019-04-10,5,4,3
E102015,2021-04-08,2,2,2
E102016,2022-09-26,4,3,1
E102016,2020-08-18,3,3,3
E102016,2021-01-22,1,3,4
E102017,2022-01-23,4,2,2
E102018,2023-07-17,3,1,3
E102019,2019-09-05,5,3,1
E102019,2021-10-17,2,3,2
E102019,2022-12-08,2,1,1
E102020,2019-05-28,2,4,1
E102020,2020-04-08,5,5,2
E102020,2022-10-25,4,2,3
E102021,2023-06-14,2,1,1
E102022,2022-12-18,3,1,3
E102022,2019-12-10,5,2,3
E102022,2021-03-15,4,1,1
E102023,2023-03-03,4,3,3
E102023,2021-03-16,5,2,4
E102023,2023-07-21,4,5,2
E102024,2020-02-02,4,2,4
E102024,2019-05-23,3,4,3
E102025,2022-07-28,5,1,3
E102025,2023-06-27,4,1,2
E102025,2023-04-02,3,4,4
E102026,2020-02-02,5,5,1
E102027,2022-07-11,1,5,2
E102027,2020-09-28,4,1,5
E102028,2022-09-04,3,1,1
E102028,2019-07-08,5,1,3
E102028,2022-10-28,4,2,4
E102029,2019-09-17,3,3,4
E102030,2021-05-21,1,1,4
E102031,2022-06-02,5,2,1
E102031,2019-11-21,5,2,1
E102031,2019-09-29,1,2,2
E102032,2019-08-30,5,3,2
E102032,2019-06-03,3,5,5
E102033,2023-10-16,1,5,4
E102033,2023-04-23,2,5,2
E102034,2022-08-11,5,2,4
E102034,2020-08-11,5,1,3
E102034,2019-09-14,2,5,5
E102035,2021-08-14,1,3,4
E102035,2021-11-25,3,5,4
E102035,2023-07-20,4,1,2
E102036,2019-03-26,5,5,2
E102036,2022-02-18,1,1,2
E102037,2021-05-25,3,5,4
E102037,2022-10-11,3,1,4
E102038,2021-05-07,4,4,3
E102038,2020-11-08,2,2,1
E102039,2019-03-26,3,4,2
E102040,2019-05-10,1,4,4
E102041,2019-09-19,2,4,2
E102041,2020-01-20,4,2,1
E102042,2021-10-11,5,1,1
E102043,2020-09-24,5,3,2
E102043,2020-03-06,2,5,2
E102043,2020-12-24,2,2,3
E102044,2023-08-19,2,4,1
E102045,2021-10-14,5,5,1
E102046,2023-02-24,5,5,2
E102046,2019-07-27,5,3,2
E102046,2023-06-24,3,1,3
E102047,2021-12-04,4,3,5
E102047,2021-06-18,3,3,3
E102048,2022-05-06,3,4,5
E102049,2023-03-19,2,5,3
E102049,2020-09-19,4,3,4
E102049,2023-07-12,4,3,1
E102050,2021-02-05,5,4,4
E102050,2019-11-04,5,3,3
E102051,2023-05-01,5,4,1
E102052,2022-03-23,3,1,3
E102052,2023-08-27,3,5,1
E102052,2022-09-23,3,3,2
E102053,2022-09-04,4,5,4
E102054,2022-08-27,3,5,5
E102054,2019-07-02,1,4,2
E102055,2020-05-09,1,4,1
E102055,2020-12-16,4,1,3
E102055,2020-12-09,1,2,5
E102056,2022-07-31,4,2,4
E102056,2022-08-16,4,5,1
E102057,2020-12-25,5,4,4
E102057,2019-07-20,3,3,5
E102058,2021-11-15,5,5,2
E102058,2020-11-17,2,1,2
E102059,2020-07-23,5,2,2
E102059,2022-02-11,5,1,2
E102059,2022-08-11,3,2,5
E102060,2019-06-26,2,2,3
E102060,2020-03-28,2,5,5
E102060,2023-11-04,2,3,5
E102061,2023-05-01,5,2,4
E102061,2023-05-06,1,2,4
E102062,2019-10-03,1,4,3
E102063,2019-12-02,1,1,5
E102063,2020-10-02,2,4,4
E102064,2020-09-05,3,3,4
E102064,2020-05-26,4,5,2
E102065,2023-03-26,1,1,5
E102065,2023-06-11,5,5,3
E102065,2021-08-26,2,4,1
E102066,2023-09-18,5,1,3
E102066,2019-04-16,5,3,5
E102066,2020-02-06,4,4,1
E102067,2022-07-05,1,5,5
E102068,2023-08-11,2,3,5
E102068,2019-08-28,2,3,4
E102068,2020-12-21,5,3,5
E102069,2019-12-29,4,4,2
E102070,2021-11-23,4,2,2
E102071,2019-06-22,3,5,4
E102071,2020-01-06,1,2,1
E102072,2020-07-01,2,2,1
E102072,2022-03-08,1,3,4
E102073,2019-10-10,5,5,1
E102073,2021-03-01,1,2,1
E102073,2022-06-03,2,1,1
E102074,2023-02-21,3,4,5
E102074,2020-07-02,4,2,1
E102074,2020-08-11,3,4,2
E102075,2023-08-01,1,1,3
E102076,2021-06-06,5,5,2
E102076,2023-01-01,3,1,5
E102076,2019-08-12,3,1,2
E102077,2019-11-06,4,2,5
E102077,2020-06-03,1,2,1
E102077,2023-07-08,1,3,3
E102078,2019-12-29,2,5,2
E102079,2022-02-14,1,2,4
E102080,2021-08-22,1,1,4
E102081,2022-07-04,4,4,3
E102081,2022-04-09,2,5,3
E102081,2020-09-12,3,5,2
E102082,2021-05-12,1,1,2
E102083,2023-08-12,2,3,4
E102083,2023-03-24,4,1,1
E102083,2020-04-21,5,3,3
E102084,2020-06-06,4,4,2
E102084,2021-11-04,1,4,2
E102084,2023-07-10,2,3,3
E102085,2019-06-26,2,5,1
E102085,2020-12-06,3,3,2
E102086,2019-06-08,4,3,5
E102086,2020-06-09,5,4,5
E102086,2020-06-25,5,3,5
E102087,2023-06-18,3,1,2
E102087,2023-04-15,3,2,3
E102087,2020-12-17,3,4,3
E102088,2020-12-09,5,3,1
E102089,2021-02-22,1,2,3
E102090,2022-07-22,1,2,4
E102090,2023-09-04,1,2,4
E102090,2019-04-13,1,3,1
E102091,2022-05-04,2,3,1
E102091,2022-06-22,3,4,2
E102092,2020-12-07,4,5,3
E102092,2022-07-07,2,1,1
E102093,2022-03-06,3,1,1
E102093,2021-10-11,2,3,4
E102094,2023-10-17,4,4,4
E102094,2019-11-01,1,1,5
E102094,2021-10-04,3,5,5
E102095,2022-07-06,3,2,4
E102095,2021-06-14,2,1,5
E102096,2020-02-19,4,3,1
E102097,2023-03-10,1,1,2
E102098,2021-12-06,5,3,4
E102099,2023-07-13,5,5,5
E102099,2021-12-29,5,2,1
E102099,2019-09-26,2,2,1
E102100,2021-03-04,5,5,2
E102101,2022-01-03,1,1,1
E102101,2019-03-18,2,4,4
E102101,2022-08-23,5,3,3
E102102,2022-04-24,5,3,2
E102102,2023-09-12,3,5,3
E102102,2019-12-23,2,2,3
E102103,2021-01-05,4,2,1
E102104,2021-05-15,5,4,2
E102104,2022-03-21,1,4,2
E102104,2022-12-29,5,4,4
E102105,2023-03-18,5,4,2
E102106,2022-12-30,4,3,4
E102106,2021-02-13,5,5,4
E102107,2019-07-01,5,3,5
E102107,2022-07-11,1,5,4
E102107,2021-04-27,3,1,3
E102108,2021-10-07,2,1,2
E102108,2022-10-23,5,3,2
E102108,2019-04-04,1,4,4
E102109,2021-05-24,3,5,4
E102110,2020-09-25,2,4,4
E102111,2020-03-03,1,1,1
E102112,2023-06-25,4,3,1
E102112,2021-11-08,5,5,4
E102112,2021-09-10,2,1,5
E102113,2021-11-28,4,5,1
E102113,2022-05-25,4,4,4
E102114,2021-06-18,2,2,3
E102114,2023-07-10,2,3,1
E102114,2021-11-22,2,3,3
E102115,2020-04-30,5,3,2
E102115,2022-06-19,1,3,2
E102115,2022-11-06,2,5,2
E102116,2021-11-15,1,3,1
E102116,2021-01-06,1,4,3
E102117,2019-08-21,1,5,5
E102117,2021-12-30,2,1,4
E102117,2021-01-31,2,5,4
E102118,2022-06-21,4,3,3
E102118,2019-10-01,1,5,2
E102118,2021-05-04,1,2,2
E102119,2019-03-15,5,4,1
E102119,2021-11-09,4,4,5
E102119,2022-01-01,5,4,3
E102120,2023-06-19,5,2,1
E102120,2022-05-09,1,2,2
E102121,2020-08-01,5,4,4
E102121,2023-01-18,2,1,3
E102121,2022-02-18,4,1,3
E102122,2021-04-03,3,3,2
E102123,2023-06-06,3,2,4
E102123,2020-05-13,4,3,4
E102123,2020-06-23,3,4,5
E102124,2023-01-05,2,5,1
E102125,2019-05-26,5,4,3
E102126,2023-10-22,2,1,3
E102126,2020-09-07,1,2,3
E102126,2023-09-04,1,3,4
E102127,2022-07-27,4,2,3
E102127,2021-12-20,3,4,4
E102128,2019-04-06,5,3,5
E102129,2022-04-08,2,5,2
E102130,2021-01-01,5,5,3
E102130,2022-05-05,5,1,4
E102130,2021-06-13,5,5,1
E102131,2023-05-12,3,1,1
E102131,2021-10-06,3,2,5
E102131,2022-08-23,1,2,3
E102132,2019-11-25,3,1,1
E102132,2019-09-17,5,3,5
E102132,2020-05-08,5,3,1
E102133,2022-07-18,2,1,4
E102134,2019-10-09,2,1,1
E102134,2019-03-25,5,5,5
E102134,2021-08-08,1,5,1
E102135,2021-08-25,5,4,5
E102135,2022-06-03,3,4,2
E102135,2022-07-08,2,3,2
E102136,2022-01-30,2,3,2
E102136,2021-08-26,1,5,1
E102136,2019-05-30,1,1,2
E102137,2023-04-14,1,3,3
E102137,2021-04-09,3,1,4
E102137,2019-06-05,5,4,2
E102138,2023-05-08,1,4,1
E102138,2021-10-05,2,4,5
E102138,2022-12-30,3,2,3
E102139,2021-06-07,4,3,2
E102139,2022-06-21,1,2,2
E102139,2023-02-03,4,5,5
E102140,2020-09-17,4,4,4
E102140,2022-07-19,3,5,5
E102141,2023-09-23,2,5,2
E102141,2023-05-15,2,4,1
E102142,2019-11-04,5,5,1
E102142,2021-02-16,1,2,1
E102143,2019-04-19,3,3,4
E102143,2020-03-05,4,1,5
E102143,2019-12-20,3,3,3
E102144,2023-05-20,3,5,3
E102145,2022-10-12,1,2,1
E102146,2020-10-20,3,2,4
E102146,2021-11-25,4,1,2
E102146,2020-10-19,4,4,1
E102147,2022-12-26,1,1,5
E102148,2023-09-08,1,1,5
E102149,2020-03-31,4,5,1
E102149,2021-09-16,5,2,4
E102150,2019-11-09,2,3,4
E102151,2020-06-21,3,4,1
E102152,2020-04-25,1,4,2
E102152,2021-04-03,2,5,2
E102153,2023-07-31,1,4,5
E102154,2021-04-13,3,5,4
E102155,2021-01-26,4,4,2
E102155,2021-10-21,4,2,2
E102155,2019-11-15,4,2,1
E102156,2022-05-21,4,5,2
E102157,2021-09-17,5,5,4
E102158,2023-10-19,2,4,4
E102159,2023-06-30,1,4,4
E102159,2020-07-06,2,2,5
E102159,2020-08-12,1,3,2
E102160,2022-08-08,5,2,3
E102160,2021-05-03,1,1,5
E102160,2022-07-09,2,2,1
E102161,2019-10-12,5,4,1
E102161,2021-12-29,1,3,5
E102162,2023-10-23,5,5,1
E102162,2022-09-12,1,3,4
E102163,2019-09-11,4,5,1
E102163,2020-08-26,5,1,5
E102164,2023-03-30,3,3,5
E102165,2023-08-22,5,1,2
E102165,2023-01-29,5,2,5
E102165,2019-11-09,4,5,3
E102166,2023-11-03,3,2,1
E102166,2020-12-03,1,5,2
E102166,2023-06-19,3,2,5
E102167,2020-02-17,2,4,1
E102167,2020-02-12,1,4,3
E102167,2020-07-27,3,4,2
E102168,2023-01-18,5,1,5
E102169,2021-05-14,1,1,4
E102170,2021-02-28,1,2,3
E102171,2019-08-27,3,2,4
E102172,2022-04-19,4,3,1
E102172,2021-01-26,4,1,5
E102172,2022-03-04,4,1,1
E102173,2022-01-08,2,1,3
E102173,2023-02-05,3,3,4
E102174,2020-07-31,3,1,3
E102174,2023-03-22,1,1,2
E102174,2023-02-17,5,5,1
E102175,2019-04-02,5,5,3
E102175,2021-04-16,5,5,5
E102175,2023-07-26,2,5,3
E102176,2020-05-08,4,2,3
E102176,2021-07-13,1,3,4
E102176,2019-05-08,4,1,1
E102177,2020-04-23,3,3,5
E102177,2021-12-30,4,1,2
E102178,2023-02-10,1,5,3
E102178,2023-01-09,3,5,2
E102178,2021-11-25,3,5,3
E102179,2021-09-18,4,2,1
E102180,2021-12-10,5,5,1
E102180,2022-07-15,4,3,5
E102180,2021-08-03,3,3,3
E102181,2019-10-25,3,5,5
E102182,2021-07-10,1,3,1
E102182,2021-08-03,2,5,3
E102183,2019-10-09,4,1,5
E102183,2023-11-02,4,5,4
E102183,2022-10-27,1,1,2
E102184,2020-08-23,1,4,1
E102185,2023-10-31,2,4,4
E102185,2020-01-17,3,1,2
E102186,2019-12-30,5,4,4
E102186,2020-08-15,2,1,5
E102187,2021-01-08,5,2,4
E102188,2019-04-20,1,5,2
E102188,2020-07-12,3,5,4
E102189,2020-02-12,5,5,5
E102190,2022-02-02,5,3,2
E102191,2019-04-08,4,1,3
E102191,2020-04-21,5,1,5
E102191,2019-10-29,4,1,5
E102192,2019-04-22,1,1,4
E102193,2023-05-24,4,1,2
E102193,2021-08-05,4,3,5
E102194,2022-06-22,1,2,1
E102194,2023-08-09,5,5,4
E102195,2022-09-01,3,3,3
E102196,2021-04-20,4,3,4
E102197,2021-01-14,4,4,4
E102197,2023-07-28,3,1,4
E102197,2022-09-09,1,3,1
E102198,2020-02-14,3,4,5
E102199,2023-01-10,3,1,3
E102199,2023-09-06,4,2,2
E102200,2021-12-20,2,1,3
E102200,2022-01-06,5,3,1
E102201,2020-09-25,5,5,5
E102201,2020-11-01,2,2,2
E102202,2019-12-07,3,2,5
E102202,2022-12-10,5,5,3
E102202,2021-04-25,2,4,2
E102203,2021-03-19,1,3,3
E102203,2022-06-19,3,5,3
E102204,2019-04-23,4,3,3
E102204,2021-12-03,2,5,5
E102205,2022-04-23,5,2,1
E102206,2022-05-29,2,1,1
E102207,2020-09-01,4,2,1
E102207,2019-05-08,5,4,1
E102207,2023-10-19,4,1,5
E102208,2021-07-30,1,1,4
E102208,2019-12-17,5,3,5
E102209,2021-01-06,5,3,4
E102210,2019-09-06,2,4,1
E102211,2021-09-17,4,4,3
E102211,2023-05-12,4,3,1
E102212,2020-02-27,1,1,1
E102212,2020-09-17,5,5,1
E102212,2020-07-12,5,2,3
E102213,2021-12-06,3,3,4
E102213,2020-02-09,4,5,4
E102213,2019-06-30,1,4,2
E102214,2022-11-25,3,2,1
E102215,2022-11-09,2,4,5
E102215,2022-11-22,2,2,4
E102215,2023-07-11,1,4,4
E102216,2021-03-10,2,4,4
E102216,2019-08-28,2,2,1
E102216,2022-10-29,4,4,3
E102217,2019-07-22,2,2,5
E102217,2019-05-14,4,2,3
E102217,2022-08-11,4,1,1
E102218,2023-04-08,2,5,3
E102219,2023-02-10,2,2,3
E102220,2023-07-25,5,3,3
E102221,2021-08-12,1,3,3
E102221,2020-09-18,3,1,5
E102221,2021-11-30,3,4,4
E102222,2019-11-08,3,4,2
E102222,2023-06-06,1,1,1
E102223,2023-09-30,4,5,1
E102224,2020-12-04,2,3,4
E102225,2021-05-16,4,2,4
E102226,2023-01-05,2,2,1
E102227,2022-07-07,1,2,5
E102228,2022-07-21,5,3,1
E102229,2021-07-07,5,3,2
E102229,2023-08-14,4,3,4
E102229,2022-04-23,5,4,1
E102230,2021-02-01,3,1,3
E102230,2020-09-25,4,2,4
E102231,2022-08-21,3,5,4
E102232,2020-03-15,1,1,4
E102233,2021-09-01,1,4,3
E102233,2022-12-16,4,4,2
E102234,2023-05-29,5,5,2
E102234,2021-01-09,2,3,2
E102235,2023-09-13,1,4,4
E102235,2021-08-13,4,3,3
E102235,2022-07-02,4,1,2
E102236,2021-01-14,3,3,1
E102237,2022-05-03,4,5,5
E102238,2022-10-13,2,2,3
E102238,2021-01-08,2,5,4
E102239,2022-05-06,3,1,3
E102240,2023-08-20,5,1,3
E102241,2022-03-18,5,4,2
E102241,2022-05-06,5,5,2
E102241,2020-10-16,5,4,1
E102242,2021-03-09,5,1,3
E102243,2022-09-21,1,5,4
E102244,2021-12-05,5,5,4
E102244,2022-01-26,3,4,3
E102245,2019-09-19,1,1,2
E102246,2019-03-30,4,3,2
E102246,2019-11-05,2,3,4
E102247,2019-06-12,5,2,3
E102248,2019-12-04,1,2,4
E102248,2022-11-26,4,1,5
E102249,2020-12-04,1,4,1
E102249,2021-11-29,3,2,1
E102249,2021-06-26,4,4,5
E102250,2023-07-23,3,5,5
E102251,2020-06-11,4,4,5
E102251,2023-04-09,5,5,3
E102252,2022-02-03,3,2,4
E102253,2023-09-16,1,4,2
E102254,2020-11-29,4,4,3
E102255,2019-08-06,1,2,1
E102255,2021-02-22,1,1,2
E102256,2021-07-14,1,2,5
E102256,2021-11-17,5,3,2
E102256,2021-11-30,1,5,3
E102257,2020-05-31,5,3,1
E102258,2023-06-22,5,1,4
E102258,2020-09-24,4,5,2
E102259,2020-03-01,1,2,2
E102259,2023-03-25,4,5,4
E102259,2023-06-13,3,1,5
E102260,2022-05-01,1,2,1
E102260,2022-09-24,1,1,3
E102260,2022-11-22,4,1,2
E102261,2022-10-06,1,4,1
E102261,2021-03-27,5,4,1
E102262,2019-07-01,1,4,4
E102262,2020-04-16,2,1,5
E102263,2021-10-12,2,5,4
E102263,2020-12-03,1,3,5
E102263,2022-12-23,5,5,4
E102264,2023-03-26,1,4,1
E102265,2022-07-20,5,3,5
E102265,2021-06-18,3,2,2
E102265,2022-01-18,3,5,1
E102266,2022-02-03,2,3,3
E102266,2022-07-17,4,2,1
E102267,2021-02-21,4,1,4
E102267,2020-07-27,2,1,5
E102268,2020-10-11,1,1,5
E102268,2020-05-31,2,5,1
E102268,2021-01-14,1,1,1
E102269,2021-11-08,5,4,4
E102269,2020-08-18,4,1,4
E102270,2019-06-19,2,5,4
E102270,2021-07-19,3,2,3
E102270,2022-10-11,5,5,3
E102271,2020-02-26,5,1,2
E102271,2020-05-03,5,5,3
E102272,2021-09-13,4,1,1
E102273,2023-10-31,1,4,3
E102273,2020-11-30,2,2,3
E102273,2022-08-03,2,3,2
E102274,2019-12-06,4,3,2
E102275,2021-02-10,2,1,1
E102276,2019-06-02,4,3,2
E102277,2019-06-18,2,4,3
E102277,2022-08-27,3,2,4
E102277,2023-10-23,3,3,2
E102278,2020-01-22,3,1,3
E102279,2019-12-15,5,3,1
E102279,2019-05-22,4,3,2
E102280,2023-06-29,5,3,5
E102281,2020-07-21,4,5,3
E102281,2020-03-29,2,1,3
E102281,2020-10-31,1,5,2
E102282,2021-07-22,4,3,2
E102282,2019-05-16,4,5,4
E102282,2023-10-04,4,1,3
E102283,2023-07-02,4,5,5
E102283,2022-04-24,2,3,5
E102283,2022-07-26,2,5,2
E102284,2021-11-03,3,2,1
E102284,2020-07-27,2,5,1
E102285,2020-03-10,3,4,5
E102285,2019-10-07,3,2,1
E102286,2023-08-22,1,1,1
E102286,2021-09-16,3,4,4
E102286,2021-12-29,2,3,3
E102287,2023-01-28,3,1,5
E102287,2022-09-11,2,2,1
E102288,2023-04-27,5,2,4
E102288,2020-10-23,3,5,5
E102288,2021-05-22,2,5,1
E102289,2022-04-13,5,2,4
E102290,2020-09-10,3,4,4
E102290,2019-07-19,5,2,5
E102291,2023-01-13,3,5,4
E102291,2021-01-01,3,2,2
E102291,2021-11-16,5,5,2
E102292,2019-06-24,1,5,4
E102293,2019-06-06,4,2,2
E102293,2019-09-23,1,3,2
E102294,2023-10-02,2,3,4
E102294,2022-08-29,4,5,2
E102294,2023-05-31,1,3,3
E102295,2021-09-02,2,1,1
E102295,2020-11-26,4,2,1
E102296,2021-04-22,4,1,3
E102296,2023-04-10,4,4,3
E102297,2022-06-13,5,5,1
E102297,2022-01-02,3,4,3
E102298,2022-09-20,4,5,4
E102298,2023-05-08,3,5,3
E102298,2020-01-08,4,3,2
E102299,2020-01-06,1,2,3
E102299,2019-05-02,3,1,4
E102299,2022-12-29,5,3,2
E102300,2020-01-09,2,3,4
E102300,2021-02-01,5,3,4
E102301,2022-06-10,5,1,2
E102301,2019-08-13,1,5,3
E102302,2019-08-09,5,3,1
E102303,2023-06-01,5,4,5
E102303,2021-04-23,3,1,5
E102303,2020-06-10,1,2,1
E102304,2020-11-13,3,3,1
E102305,2021-04-21,5,1,3
E102305,2020-06-22,2,3,2
E102306,2023-08-01,1,1,4
E102307,2020-03-11,1,2,1
E102308,2021-07-12,1,3,4
E102308,2019-07-02,2,1,5
E102309,2022-06-12,5,1,5
E102310,2021-01-06,1,2,4
E102311,2020-07-06,2,2,3
E102312,2020-04-12,3,3,3
E102312,2021-02-03,5,4,3
E102312,2020-02-03,2,1,1
E102313,2021-03-16,5,5,3
E102313,2019-12-03,5,4,3
E102314,2020-03-08,3,4,5
E102314,2020-01-09,4,3,4
E102315,2019-08-05,4,2,2
E102315,2020-04-14,3,4,3
E102316,2021-08-19,4,3,4
E102317,2020-07-30,1,3,4
E102317,2022-06-23,2,5,4
E102317,2019-05-12,4,4,1
E102318,2022-06-13,3,2,2
E102318,2020-05-31,3,2,5
E102319,2023-07-14,2,3,1
E102319,2019-12-05,1,4,1
E102319,2022-11-03,5,2,1
E102320,2020-12-24,1,1,4
E102321,2021-07-10,4,2,2
E102321,2019-06-03,5,3,2
E102322,2023-02-20,1,5,2
E102322,2022-09-12,5,2,5
E102322,2021-09-12,2,2,1
E102323,2021-07-03,3,3,4
E102323,2020-09-09,4,1,1
E102323,2022-12-13,4,3,5
E102324,2019-12-15,2,2,5
E102325,2021-08-20,1,4,2
E102326,2021-08-19,3,5,2
E102326,2021-01-18,3,5,1
E102326,2019-05-02,1,4,2
E102327,2021-10-27,3,3,5
E102327,2019-06-11,5,1,3
E102327,2021-02-11,2,1,1
E102328,2020-12-30,5,4,1
E102328,2019-12-22,1,5,4
E102329,2020-10-04,5,2,3
E102330,2021-04-22,4,3,5
E102330,2020-08-07,4,1,1
E102331,2022-02-22,5,2,5
E102332,2022-10-22,2,4,3
E102333,2022-10-12,3,5,5
E102334,2020-10-03,3,1,2
E102334,2020-04-30,3,3,1
E102335,2021-04-29,5,4,1
E102336,2021-03-10,5,2,5
E102337,2021-02-23,5,1,5
E102337,2019-05-26,3,2,5
E102337,2022-11-08,1,2,5
E102338,2021-06-28,5,2,2
E102338,2021-01-28,4,4,3
E102339,2019-09-07,2,1,2
E102340,2022-05-01,3,5,1
E102340,2020-10-27,3,1,3
E102341,2019-07-25,5,1,1
E102341,2020-01-19,5,3,2
E102341,2020-12-21,5,2,4
E102342,2020-05-29,5,3,4
E102343,2020-08-01,5,1,4
E102343,2022-08-02,1,3,4
E102344,2021-04-11,5,5,1
E102344,2021-03-23,5,5,1
E102345,2019-12-26,1,4,4
E102345,2021-11-08,5,2,2
E102345,2021-04-12,4,4,3
E102346,2023-02-10,5,4,3
E102346,2022-07-27,1,2,2
E102346,2021-04-13,3,3,5
E102347,2021-02-03,5,1,5
E102347,2021-08-16,2,2,3
E102348,2020-01-14,5,5,4
E102348,2021-12-19,3,3,2
E102349,2019-03-25,4,1,4
E102350,2022-01-01,3,4,2
E102350,2023-01-06,1,3,5
E102351,2019-08-16,3,3,5
E102351,2022-06-28,5,4,5
E102351,2019-12-03,3,1,2
E102352,2022-01-22,1,4,4
E102352,2022-01-09,3,3,3
E102352,2022-03-04,2,2,1
E102353,2020-05-14,5,5,5
E102353,2023-03-09,5,4,4
E102354,2020-05-01,4,1,2
E102354,2020-01-29,4,1,4
E102355,2019-09-07,3,2,4
E102356,2020-12-20,4,4,3
E102356,2022-03-11,5,5,2
E102357,2020-12-13,1,2,5
E102357,2022-05-23,3,5,3
E102358,2020-11-08,4,5,1
E102358,2021-11-26,3,5,5
E102358,2022-03-26,1,5,1
E102359,2022-07-20,1,1,5
E102360,2023-08-17,1,4,2
E102360,2020-11-11,4,3,1
E102361,2023-09-06,3,4,1
E102361,2020-07-25,4,1,4
E102362,2020-01-18,4,2,4
E102362,2020-08-08,2,3,1
E102362,2021-08-29,4,3,5
E102363,2023-01-06,1,5,2
E102363,2020-06-03,3,2,2
E102363,2022-11-25,4,1,5
E102364,2019-03-18,2,5,4
E102364,2019-10-27,1,1,2
E102364,2020-10-11,1,5,5
E102365,2021-09-18,4,5,1
E102365,2022-03-16,1,4,2
E102366,2019-11-12,2,2,3
E102366,2023-04-17,2,1,4
E102367,2019-05-16,4,4,4
E102368,2022-12-18,4,1,3
E102369,2019-08-17,1,5,5
E102370,2022-08-21,3,1,3
E102370,2020-11-04,1,2,3
E102370,2019-12-19,5,4,5
E102371,2020-09-08,1,4,5
E102371,2022-04-20,4,4,3
E102371,2023-01-29,2,2,5
E102372,2021-11-20,3,5,1
E102373,2019-11-05,5,1,3
E102373,2023-08-16,5,2,4
E102374,2022-05-31,3,5,3
E102375,2023-08-21,2,1,5
E102376,2023-07-21,5,4,3
E102376,2020-07-04,2,4,5
E102376,2020-03-10,4,2,2
E102377,2020-02-01,2,2,2
E102378,2019-12-13,3,4,2
E102378,2022-02-06,5,1,5
E102379,2020-03-19,2,4,5
E102379,2023-10-04,1,4,4
E102379,2022-10-31,1,3,4
E102380,2019-11-29,1,1,3
E102380,2023-06-18,2,1,3
E102380,2023-08-29,5,1,5
E102381,2019-04-11,1,3,5
E102382,2022-07-05,5,5,4
E102382,2022-12-19,2,2,5
E102383,2022-11-23,1,5,1
E102383,2023-05-27,2,4,2
E102383,2021-09-27,2,5,1
E102384,2021-08-25,1,1,2
E102385,2023-07-23,1,4,3
E102385,2020-12-23,1,3,2
E102385,2021-10-08,2,2,4
E102386,2020-03-28,2,1,1
E102387,2020-11-24,2,1,2
E102388,2021-09-08,5,2,5
E102389,2020-05-30,4,5,3
E102390,2022-05-06,4,4,3
E102390,2020-04-15,2,3,5
E102390,2019-08-19,1,3,3
E102391,2019-12-05,4,4,4
E102392,2019-03-21,2,5,2
E102393,2019-09-20,5,3,4
E102394,2022-08-30,3,4,3
E102394,2023-05-23,3,4,5
E102395,2022-02-08,3,1,5
E102395,2020-02-21,3,3,1
E102395,2022-04-17,4,2,3
E102396,2023-05-28,4,5,1
E102396,2022-01-18,5,2,5
E102396,2020-05-29,1,5,5
E102397,2022-07-08,3,1,5
E102397,2022-11-27,3,1,2
E102398,2022-03-03,4,5,4
E102399,2022-03-28,3,5,4
E102399,2019-10-13,5,2,1
E102400,2021-07-30,3,2,1
E102400,2022-05-19,2,3,1
E102401,2019-04-11,1,3,5
E102402,2022-12-21,5,2,1
E102402,2020-06-07,5,4,1
E102403,2020-02-17,5,3,4
E102403,2023-02-06,2,5,5
E102404,2020-03-28,2,5,5
E102404,2020-04-04,4,1,3
E102404,2021-10-21,1,3,1
E102405,2022-05-24,5,2,1
E102406,2022-12-05,1,4,1
E102406,2021-03-14,5,2,4
E102406,2021-12-10,5,5,4
E102407,2023-08-27,2,5,3
E102408,2023-09-05,3,2,2
E102409,2021-08-25,2,5,1
E102410,2023-05-20,5,5,3
E102410,2021-03-10,4,4,2
E102410,2020-12-17,5,3,4
E102411,2023-04-19,3,5,1
E102412,2022-05-15,2,3,4
E102413,2020-05-26,5,5,1
E102413,2021-09-09,2,2,5
E102414,2022-03-02,4,3,4
E102415,2021-02-14,5,4,3
E102415,2020-06-16,1,3,3
E102415,2019-07-09,5,4,2
E102416,2022-09-09,1,5,3
E102416,2023-06-08,4,4,2
E102417,2020-12-14,3,2,3
E102417,2021-08-13,2,3,2
E102417,2020-09-26,4,3,1
E102418,2021-08-20,5,3,3
E102418,2023-07-19,1,3,1
E102419,2020-09-21,1,2,4
E102419,2021-07-18,3,3,4
E102419,2020-02-01,4,1,1
E102420,2021-12-20,2,1,2
E102420,2021-11-03,5,1,2
E102421,2021-11-30,3,3,4
E102421,2022-07-07,4,4,1
E102422,2021-10-29,1,4,2
E102422,2019-06-20,3,4,2
E102422,2020-06-20,3,5,4
E102423,2021-09-17,2,2,4
E102423,2019-12-18,1,2,4
E102424,2022-06-12,4,5,2
E102425,2020-07-04,2,4,5
E102425,2020-09-29,5,2,4
E102426,2019-09-10,2,3,4
E102426,2019-12-24,4,1,3
E102426,2020-02-09,5,2,5
E102427,2021-01-21,5,2,5
E102427,2020-04-08,5,5,2
E102428,2021-06-14,5,3,4
E102429,2023-01-07,2,4,1
E102430,2021-10-25,4,2,3
E102430,2023-02-20,4,2,3
E102430,2020-08-19,3,4,4
E102431,2021-12-16,5,2,4
E102432,2023-01-26,2,5,3
E102432,2022-10-05,4,4,2
E102433,2023-01-09,2,4,5
E102433,2019-03-30,4,4,2
E102434,2022-08-22,2,1,4
E102434,2020-08-05,3,3,4
E102434,2021-01-10,5,2,2
E102435,2020-07-26,1,3,4
E102436,2022-12-02,4,4,2
E102436,2021-12-07,2,4,1
E102437,2023-01-24,1,2,4
E102437,2021-08-04,1,5,2
E102438,2023-04-05,4,5,5
E102438,2019-06-14,3,3,5
E102438,2020-09-28,5,1,2
E102439,2019-11-26,1,3,2
E102439,2021-08-25,2,3,2
E102439,2022-09-02,4,2,1
E102440,2022-08-30,1,1,5
E102440,2021-10-31,2,4,3
E102441,2022-11-10,5,4,2
E102442,2019-08-07,1,1,3
E102443,2020-01-27,4,2,4
E102443,2021-11-19,3,2,4
E102443,2020-09-03,3,4,2
E102444,2019-09-08,2,1,5
E102445,2019-12-29,5,1,3
E102445,2023-02-05,1,1,2
E102446,2020-05-08,2,3,4
E102446,2021-03-05,2,5,1
E102447,2022-09-05,4,3,1
E102447,2023-06-08,5,3,5
E102447,2019-12-14,2,1,4
E102448,2020-05-30,5,1,1
E102448,2019-10-28,2,3,2
E102448,2020-10-01,1,5,5
E102449,2022-06-20,2,1,2
E102449,2023-02-17,2,3,3
E102450,2021-07-10,4,5,1
E102450,2023-04-26,2,3,5
E102451,2019-11-26,1,1,5
E102451,2022-11-14,1,5,3
E102451,2022-02-17,4,2,3
E102452,2023-04-14,1,4,1
E102452,2023-01-03,1,5,2
E102453,2022-01-16,1,1,2
E102454,2022-04-11,2,4,4
E102454,2022-07-20,1,2,1
E102454,2020-02-19,4,2,5
E102455,2022-08-17,4,1,1
E102455,2021-05-14,5,1,4
E102456,2020-01-12,5,5,1
E102456,2019-06-16,2,3,5
E102456,2020-11-09,5,3,4
E102457,2023-01-22,1,5,2
E102457,2021-08-05,3,2,5
E102457,2021-09-07,5,2,1
E102458,2019-04-23,2,3,3
E102459,2019-12-27,3,4,3
E102459,2022-09-06,3,2,4
E102460,2022-03-22,2,2,2
E102461,2023-04-30,4,5,3
E102461,2023-02-03,5,1,3
E102461,2023-10-01,3,4,4
E102462,2022-06-14,3,4,3
E102462,2022-02-20,4,1,4
E102462,2022-03-04,1,5,4
E102463,2020-10-15,4,1,3
E102464,2020-03-03,5,5,3
E102464,2022-05-06,1,3,4
E102465,2023-07-09,2,4,3
E102465,2023-01-04,1,4,1
E102465,2019-10-10,5,1,4
E102466,2020-05-06,1,4,5
E102467,2020-09-30,1,3,4
E102467,2023-03-25,5,3,4
E102468,2021-10-11,2,5,1
E102469,2020-05-26,5,2,4
E102469,2021-08-31,3,2,1
E102469,2021-05-30,5,2,3
E102470,2019-09-29,5,5,5
E102471,2019-11-08,2,1,5
E102471,2021-10-29,3,2,5
E102472,2020-06-30,2,1,3
E102472,2023-01-12,4,2,3
E102472,2020-07-10,3,1,2
E102473,2023-07-26,3,3,5
E102473,2022-06-03,3,2,5
E102474,2021-02-13,2,5,2
E102474,2021-06-18,2,2,3
E102474,2023-10-19,4,1,1
E102475,2019-08-04,2,5,5
E102475,2023-09-05,1,1,5
E102475,2022-01-03,5,1,3
E102476,2022-12-24,2,3,1
E102476,2022-12-09,5,3,1
E102477,2019-11-05,3,1,2
E102477,2021-11-12,3,4,3
E102477,2022-07-24,1,5,2
E102478,2022-01-10,4,4,2
E102478,2022-12-14,3,5,1
E102478,2019-03-25,3,3,5
E102479,2019-11-29,1,1,1
E102479,2022-09-18,3,5,5
E102480,2023-02-15,5,1,2
E102480,2023-01-14,5,5,5
E102481,2022-10-12,3,2,3
E102482,2022-08-26,1,3,5
E102482,2020-10-14,2,5,2
E102483,2021-03-13,1,5,4
E102483,2023-08-12,1,2,4
E102483,2021-12-04,5,5,5
E102484,2020-03-03,4,1,4
E102485,2022-07-20,3,1,1
E102486,2021-02-19,3,1,1
E102487,2022-01-02,2,5,5
E102487,2023-01-31,4,1,2
E102487,2020-12-14,2,3,2
E102488,2019-08-23,3,2,5
E102488,2020-12-26,2,2,1
E102488,2020-12-15,3,3,3
E102489,2020-03-27,5,3,3
E102489,2022-10-04,2,4,3
E102490,2022-09-30,2,4,4
E102491,2021-07-19,4,3,1
E102491,2020-10-09,3,3,2
E102491,2023-02-12,3,4,5
E102492,2020-10-18,1,3,3
E102492,2022-08-03,5,1,5
E102492,2020-07-10,5,1,2
E102493,2022-02-13,3,2,4
E102494,2020-06-08,3,2,2
E102494,2019-06-11,3,2,1
E102494,2021-02-09,5,2,4
E102495,2022-06-03,3,1,3
E102495,2019-12-25,4,2,2
E102496,2021-08-02,3,4,1
E102496,2021-05-12,1,2,3
E102497,2021-03-05,2,5,1
E102498,2022-05-02,2,4,1
E102499,2023-01-11,4,4,1
E102499,2019-03-31,1,3,4
E102499,2021-09-09,1,3,4
E102500,2019-12-23,3,3,3
E102500,2020-01-23,4,5,1
E102501,2022-09-22,3,5,2
E102502,2021-10-26,1,2,3
E102502,2022-12-09,1,3,2
E102502,2023-07-28,2,4,4
E102503,2022-03-05,3,2,1
E102504,2020-07-26,2,1,2
E102504,2019-07-07,2,2,1
E102504,2019-07-13,3,5,1
E102505,2022-08-21,5,5,1
E102505,2022-09-02,2,3,5
E102506,2023-03-16,5,5,4
E102507,2020-01-17,2,4,3
E102507,2021-04-19,1,4,4
E102507,2022-12-05,2,4,1
E102508,2023-05-10,4,4,5
E102508,2021-07-16,5,3,2
E102508,2020-07-16,5,4,5
E102509,2021-09-18,4,5,4
E102510,2023-10-27,3,1,5
E102511,2021-02-06,4,3,1
E102511,2021-07-21,5,1,3
E102512,2020-10-24,1,4,5
E102513,2020-09-20,5,3,2
E102513,2020-08-18,4,2,2
E102514,2023-01-02,3,4,3
E102514,2023-10-01,4,1,4
E102515,2023-02-19,3,1,1
E102516,2023-07-01,5,5,5
E102517,2020-01-24,3,2,1
E102518,2021-10-05,2,2,5
E102518,2022-09-21,3,5,1
E102519,2023-09-06,5,5,2
E102520,2022-08-29,5,1,3
E102520,2019-07-02,3,1,5
E102520,2021-09-21,3,1,1
E102521,2019-07-13,3,1,3
E102521,2021-03-18,3,5,1
E102522,2020-11-21,4,4,3
E102522,2019-05-31,4,2,1
E102523,2022-08-12,2,2,4
E102523,2022-08-13,4,4,3
E102524,2023-05-03,5,2,5
E102525,2022-03-27,3,3,3
E102525,2021-10-27,2,3,5
E102526,2023-08-14,3,4,3
E102527,2021-01-22,2,5,4
E102527,2021-02-08,1,4,2
E102528,2021-05-31,1,5,4
E102529,2019-09-24,1,2,3
E102529,2023-07-31,4,2,3
E102530,2019-04-16,1,3,4
E102531,2020-03-15,1,3,4
E102531,2019-05-17,4,5,1
E102531,2023-05-28,3,5,4
E102532,2020-04-18,3,3,3
E102532,2023-10-24,1,1,3
E102533,2022-11-24,4,5,4
E102533,2020-10-09,5,5,2
E102534,2020-03-27,1,3,5
E102535,2023-03-07,1,4,2
E102536,2021-02-28,2,1,3
E102536,2019-09-21,2,1,5
E102537,2019-04-26,2,5,1
E102537,2020-05-02,5,4,1
E102537,2021-10-07,5,2,4
E102538,2022-01-21,1,1,4
E102538,2019-04-15,2,5,2
E102539,2022-07-17,4,5,3
E102539,2023-03-20,4,2,5
E102539,2021-10-27,5,5,4
E102540,2022-05-03,5,3,3
E102540,2019-06-05,5,1,1
E102540,2021-12-30,4,4,1
E102541,2021-01-20,3,2,4
E102542,2021-01-07,4,2,5
E102542,2020-12-22,5,3,1
E102542,2023-04-24,3,1,3
E102543,2019-03-27,3,3,1
E102544,2021-07-18,4,2,2
E102545,2020-08-08,2,4,3
E102546,2022-04-07,2,2,1
E102547,2019-12-22,5,4,1
E102548,2022-08-12,3,3,5
E102549,2021-06-28,4,2,5
E102549,2020-10-05,2,2,3
E102549,2021-12-19,4,1,5
E102550,2021-11-05,3,3,5
E102551,2023-03-15,1,4,2
E102551,2023-07-01,1,1,3
E102552,2020-06-05,1,4,1
E102553,2021-03-11,2,5,2
E102553,2021-05-03,4,1,2
E102554,2023-06-17,4,4,2
E102554,2023-10-20,5,2,2
E102554,2022-02-26,4,3,4
E102555,2022-12-28,3,2,4
E102555,2021-08-02,4,3,5
E102556,2021-10-19,4,1,5
E102556,2020-06-04,2,2,3
E102556,2023-01-14,3,2,2
E102557,2021-05-18,3,5,5
E102557,2019-07-08,5,2,4
E102558,2020-04-25,2,5,3
E102558,2019-07-15,5,1,2
E102559,2023-06-07,1,5,2
E102559,2022-01-18,5,5,1
E102559,2020-04-24,5,3,2
E102560,2019-07-18,1,2,2
E102561,2020-03-22,1,2,2
E102562,2021-06-21,2,2,5
E102562,2020-10-08,3,2,5
E102562,2021-05-01,5,4,1
E102563,2019-08-21,1,3,5
E102564,2019-12-05,5,2,2
E102565,2019-09-22,2,3,2
E102565,2020-09-05,5,2,4
E102565,2021-06-18,5,4,5
E102566,2020-09-11,2,1,3
E102566,2022-06-12,1,1,2
E102567,2019-07-16,1,3,4
E102568,2019-08-28,2,2,3
E102568,2022-12-30,2,3,1
E102568,2023-08-22,5,2,1
E102569,2020-09-20,2,1,1
E102569,2023-10-11,3,1,3
E102569,2020-08-11,4,4,3
E102570,2019-06-18,3,5,4
E102571,2023-01-11,2,3,2
E102571,2021-10-15,3,1,1
E102572,2022-10-03,4,4,1
E102572,2023-04-17,5,3,5
E102572,2021-01-08,5,3,2
E102573,2022-06-29,3,1,2
E102573,2023-03-07,5,2,5
E102573,2023-02-19,3,2,5
E102574,2020-07-15,5,1,1
E102574,2021-06-27,3,2,4
E102574,2021-02-13,2,4,3
E102575,2020-10-12,4,5,5
E102575,2019-08-08,4,5,4
E102576,2023-04-02,3,2,5
E102577,2023-02-13,3,1,5
E102577,2020-11-02,3,4,1
E102577,2022-10-19,2,3,4
E102578,2022-10-25,4,1,4
E102579,2019-03-12,5,1,2
E102579,2020-07-11,3,5,3
E102579,2022-04-15,1,5,1
E102580,2019-06-17,2,1,1
E102580,2020-11-10,1,4,4
E102581,2023-05-15,5,5,2
E102581,2022-05-13,4,4,1
E102581,2021-02-23,3,4,1
E102582,2019-11-05,2,5,5
E102582,2020-02-06,5,4,3
E102583,2021-12-20,1,1,3
E102583,2023-04-21,4,2,4
E102584,2019-11-25,5,3,5
E102584,2023-02-18,1,5,5
E102584,2023-07-05,2,4,4
E102585,2021-10-21,2,3,4
E102585,2021-08-13,5,5,3
E102585,2022-07-05,1,1,5
E102586,2022-03-02,5,4,1
E102586,2022-04-18,3,2,3
E102587,2019-11-14,5,1,1
E102588,2019-06-21,3,2,4
E102588,2023-10-19,3,1,4
E102588,2022-04-29,2,3,3
E102589,2020-10-20,4,1,1
E102589,2019-09-26,1,2,5
E102589,2019-08-18,2,4,1
E102590,2021-02-13,3,3,1
E102591,2021-10-10,1,3,2
E102591,2023-07-01,2,5,3
E102591,2019-06-07,1,1,1
E102592,2023-11-03,1,5,1
E102592,2021-03-19,1,2,2
E102592,2019-05-21,3,4,2
E102593,2020-08-05,4,3,4
E102593,2021-01-23,1,2,4
E102593,2020-08-04,5,1,5
E102594,2019-09-28,2,5,4
E102595,2019-04-12,5,5,2
E102596,2021-10-23,2,1,5
E102597,2020-12-29,4,4,4
E102598,2021-03-07,3,2,2
E102598,2021-04-02,3,5,1
E102599,2021-10-12,1,1,3
E102600,2021-09-22,5,3,3
E102601,2021-09-06,5,1,4
E102601,2021-09-16,5,1,1
E102602,2022-11-09,5,5,4
E102602,2021-06-11,5,1,1
E102603,2019-10-14,1,5,3
E102603,2019-11-03,2,4,1
E102603,2021-11-02,5,5,1
E102604,2019-05-14,3,1,4
E102605,2020-09-27,1,2,1
E102605,2021-02-01,4,3,2
E102606,2023-08-23,1,2,1
E102606,2021-03-09,2,2,5
E102606,2023-06-23,5,4,3
E102607,2023-05-14,1,3,2
E102608,2019-07-10,4,5,3
E102608,2023-10-19,5,2,2
E102609,2022-12-21,3,2,4
E102610,2021-07-23,1,2,4
E102611,2019-12-13,3,1,5
E102611,2022-12-05,3,4,4
E102612,2021-09-24,5,3,4
E102612,2020-06-24,1,2,3
E102612,2020-01-07,5,2,4
E102613,2022-03-22,2,4,3
E102613,2019-04-06,5,5,4
E102614,2020-06-28,1,4,1
E102614,2023-09-14,2,3,4
E102614,2021-08-20,2,2,2
E102615,2022-10-22,2,4,1
E102616,2020-12-09,5,4,3
E102616,2020-05-15,1,5,2
E102616,2020-10-22,5,2,3
E102617,2021-04-21,3,1,1
E102617,2023-08-18,2,5,4
E102617,2021-03-30,4,1,4
E102618,2020-01-18,2,5,4
E102618,2019-06-09,4,3,4
E102619,2019-09-30,4,2,1
E102619,2021-03-31,2,1,1
E102620,2020-06-23,2,5,1
E102621,2019-10-29,2,2,2
E102622,2020-03-05,4,5,3
E102622,2023-09-23,2,2,3
E102623,2021-07-13,5,1,2
E102623,2021-12-21,3,3,1
E102623,2023-09-01,3,5,2
E102624,2019-09-06,4,1,3
E102625,2023-04-21,5,1,2
E102625,2019-06-24,3,5,4
E102625,2022-07-17,3,1,1
E102626,2020-03-11,1,5,1
E102627,2022-04-08,3,4,3
E102627,2020-10-24,3,3,5
E102628,2019-11-18,4,4,1
E102628,2022-07-06,3,4,4
E102629,2020-06-21,2,5,3
E102629,2019-07-09,4,1,4
E102630,2023-04-01,1,5,1
E102631,2023-03-01,2,1,4
E102631,2023-01-24,5,3,1
E102632,2019-11-17,3,1,4
E102633,2019-07-27,1,2,4
E102634,2021-03-22,4,1,4
E102635,2022-01-04,1,2,4
E102635,2020-09-05,5,2,5
E102635,2022-05-28,1,1,1
E102636,2022-02-21,4,3,1
E102637,2020-03-16,4,1,1
E102637,2020-01-29,3,5,5
E102637,2019-11-05,1,2,5
E102638,2023-05-11,5,3,5
E102639,2022-05-11,5,1,4
E102640,2021-10-09,4,1,5
E102640,2020-04-21,2,2,4
E102640,2021-07-13,2,4,3
E102641,2020-04-29,5,1,3
E102641,2023-03-29,2,2,4
E102642,2020-04-07,1,4,4
E102642,2021-11-23,2,3,1
E102642,2021-04-22,1,3,4
E102643,2022-07-18,5,2,1
E102643,2020-03-12,3,1,5
E102644,2022-02-24,5,1,1
E102644,2019-04-27,4,5,1
E102645,2022-04-28,2,3,4
E102645,2022-03-17,4,4,3
E102646,2021-07-11,2,3,2
E102646,2020-08-14,4,1,2
E102646,2019-04-14,2,2,4
E102647,2021-02-21,5,5,2
E102647,2020-07-23,1,1,2
E102648,2023-08-18,3,2,2
E102648,2019-04-22,4,3,4
E102648,2019-11-16,3,1,1
E102649,2022-12-27,2,4,2
E102649,2021-05-19,3,2,2
E102650,2019-08-30,2,1,5
E102651,2019-03-29,4,5,2
E102652,2023-09-20,2,1,2
E102652,2019-10-13,3,3,2
E102652,2020-10-22,3,1,3
E102653,2019-11-25,4,1,3
E102653,2022-09-25,2,3,5
E102654,2020-05-09,5,5,3
E102655,2023-03-18,3,4,2
E102656,2020-12-01,5,3,1
E102656,2021-02-09,2,5,5
E102657,2023-01-11,1,5,5
E102657,2020-05-22,1,1,3
E102657,2021-09-07,5,3,5
E102658,2023-01-04,2,2,1
E102659,2020-06-25,2,3,4
E102660,2023-05-28,5,3,1
E102661,2022-02-23,1,1,3
E102662,2022-12-03,3,4,4
E102662,2021-03-30,3,1,4
E102663,2021-06-03,3,5,4
E102663,2022-10-14,3,5,2
E102663,2020-07-11,1,1,3
E102664,2020-10-31,2,1,1
E102664,2019-05-05,3,1,5
E102664,2022-02-25,4,4,2
E102665,2021-01-24,3,3,4
E102665,2020-01-18,2,5,3
E102666,2019-08-03,4,1,5
E102666,2020-03-19,4,1,5
E102667,2022-10-10,2,5,3
E102667,2023-10-09,3,4,3
E102668,2020-07-18,4,1,1
E102669,2021-11-29,1,5,2
E102669,2022-06-30,1,3,1
E102670,2021-10-26,4,2,4
E102671,2022-07-02,2,2,2
E102672,2021-05-28,3,4,4
E102673,2020-01-26,5,2,1
E102673,2022-11-15,1,2,2
E102673,2021-03-06,1,3,4
E102674,2021-03-19,3,1,2
E102674,2019-08-18,4,3,5
E102675,2023-06-26,2,4,4
E102675,2022-06-19,1,2,1
E102676,2022-10-28,1,2,5
E102677,2023-05-19,2,4,3
E102677,2022-06-28,1,4,5
E102677,2023-01-17,3,1,5
E102678,2019-12-29,1,2,5
E102679,2023-06-02,1,3,3
E102680,2023-05-05,5,5,1
E102680,2019-08-10,1,1,3
E102681,2020-12-24,1,2,1
E102681,2022-09-15,1,5,5
E102682,2020-07-12,5,1,1
E102682,2021-07-28,3,3,5
E102682,2023-08-26,2,2,1
E102683,2023-08-25,3,5,2
E102683,2019-05-16,5,2,3
E102684,2021-09-23,2,4,2
E102684,2022-05-05,5,2,4
E102685,2019-07-26,5,1,1
E102685,2019-06-05,5,5,4
E102686,2019-10-03,2,3,2
E102687,2022-12-16,3,3,3
E102687,2020-03-09,5,1,5
E102687,2019-12-16,4,2,4
E102688,2022-04-05,3,5,3
E102688,2021-09-25,1,2,2
E102689,2020-10-27,3,5,1
E102689,2020-10-28,1,2,2
E102690,2020-05-09,5,3,1
E102690,2019-11-07,4,1,2
E102690,2023-07-27,4,4,2
E102691,2020-07-13,2,5,4
E102691,2022-08-29,3,5,3
E102691,2023-05-13,2,4,5
E102692,2019-05-23,5,5,4
E102693,2023-01-09,4,4,5
E102694,2022-04-17,3,4,1
E102694,2022-07-14,2,2,4
E102695,2023-04-06,5,3,5
E102696,2020-01-28,2,5,4
E102696,2020-09-08,3,4,1
E102697,2021-06-24,3,1,5
E102697,2023-04-22,2,1,5
E102697,2020-05-06,4,3,1
E102698,2021-06-19,5,2,1
E102698,2020-04-05,2,4,5
E102699,2023-02-11,5,3,5
E102699,2020-02-10,5,5,1
E102700,2021-08-23,1,2,4
E102700,2022-08-25,4,5,2
E102700,2019-03-15,1,3,3
E102701,2021-05-31,1,2,3
E102701,2019-08-24,5,1,2
E102702,2023-05-18,3,2,4
E102703,2020-06-27,1,4,3
E102703,2020-07-26,5,3,4
E102704,2023-06-23,2,5,2
E102704,2020-10-11,3,1,5
E102705,2020-11-30,1,5,1
E102706,2019-07-18,3,2,3
E102707,2023-01-07,3,2,2
E102707,2023-02-16,1,3,5
E102708,2020-01-04,1,3,1
E102709,2021-07-03,1,3,5
E102709,2021-08-24,4,5,4
E102709,2021-08-18,2,2,3
E102710,2020-11-10,2,4,1
E102710,2023-04-01,2,1,4
E102711,2022-05-07,2,1,3
E102711,2019-07-31,1,5,4
E102711,2020-04-08,2,3,2
E102712,2022-11-09,4,3,4
E102712,2021-04-07,3,1,4
E102712,2021-05-16,1,3,5
E102713,2023-06-23,3,1,5
E102714,2019-12-15,1,5,4
E102714,2019-05-27,3,1,5
E102714,2023-06-30,2,1,3
E102715,2021-09-12,3,3,3
E102716,2022-04-27,2,3,2
E102716,2022-02-18,4,3,2
E102717,2021-11-02,3,2,1
E102717,2019-07-19,4,3,5
E102718,2020-03-25,3,4,5
E102718,2023-04-06,2,1,3
E102718,2020-03-26,3,1,1
E102719,2020-11-22,1,1,1
E102720,2020-01-23,5,3,5
E102721,2023-09-03,1,2,3
E102721,2020-02-25,3,2,3
E102722,2023-07-29,1,1,1
E102722,2023-11-05,1,4,3
E102723,2023-01-29,3,5,2
E102723,2021-07-03,4,2,4
E102723,2023-03-16,4,1,3
E102724,2020-06-27,3,4,4
E102724,2021-08-02,1,2,1
E102725,2021-06-14,3,1,5
E102725,2019-09-16,4,1,4
E102725,2020-11-14,1,2,2
E102726,2022-02-14,5,5,3
E102726,2019-12-19,3,3,1
E102726,2021-01-22,4,3,1
E102727,2022-10-05,5,5,1
E102728,2022-04-30,5,5,2
E102728,2022-06-18,5,3,4
E102728,2021-11-11,2,1,3
E102729,2021-01-02,2,2,1
E102729,2022-03-16,4,5,3
E102730,2022-02-28,1,1,4
E102730,2021-10-15,1,1,4
E102731,2020-02-15,3,2,3
E102731,2019-03-22,3,2,2
E102731,2020-03-26,1,5,5
E102732,2021-06-13,5,3,4
E102732,2020-07-02,2,3,3
E102732,2020-02-07,3,3,5
E102733,2020-06-15,2,1,5
E102733,2022-06-03,4,1,2
E102733,2021-04-12,4,3,2
E102734,2021-11-12,2,4,4
E102735,2022-10-02,2,4,4
E102736,2021-04-16,4,4,3
E102737,2023-08-27,3,4,5
E102737,2021-06-04,1,2,2
E102737,2019-12-29,2,3,4
E102738,2022-07-09,3,1,5
E102738,2022-07-07,1,1,3
E102739,2022-08-16,2,3,2
E102739,2021-10-14,5,4,2
E102740,2019-12-02,1,2,1
E102740,2022-03-20,5,2,4
E102740,2019-03-28,3,1,4
E102741,2022-09-26,5,1,2
E102742,2023-09-30,1,1,3
E102743,2021-02-02,5,1,3
E102744,2022-08-13,1,4,5
E102744,2023-06-16,5,2,3
E102744,2022-03-27,3,2,1
E102745,2019-06-21,5,2,2
E102746,2019-09-21,4,3,5
E102746,2021-02-21,4,3,4
E102747,2019-09-05,1,2,5
E102747,2020-05-13,5,5,4
E102747,2019-08-27,1,5,3
E102748,2021-11-06,1,2,1
E102748,2021-07-31,4,2,4
E102749,2019-08-17,5,2,3
E102749,2021-07-31,4,4,4
E102750,2023-09-23,3,2,1
E102750,2023-02-07,5,4,4
E102751,2021-03-28,3,3,5
E102752,2019-08-03,2,4,1
E102752,2021-12-13,4,2,5
E102753,2020-11-27,3,1,4
E102753,2019-11-30,3,4,3
E102753,2022-07-27,5,4,1
E102754,2023-03-16,3,5,3
E102754,2023-05-06,4,5,2
E102754,2020-04-16,4,1,2
E102755,2023-04-22,4,2,4
E102755,2022-07-13,3,4,2
E102756,2020-07-21,3,2,4
E102756,2020-06-22,3,5,1
E102757,2023-08-18,4,3,2
E102757,2023-03-24,5,5,5
E102758,2023-05-15,1,4,2
E102758,2022-04-14,2,2,3
E102759,2019-04-01,2,1,3
E102759,2020-08-29,1,1,4
E102760,2021-04-23,2,1,2
E102760,2021-07-29,2,2,1
E102761,2021-10-17,3,2,1
E102761,2019-04-10,3,5,3
E102761,2021-04-07,4,5,1
E102762,2021-10-15,3,5,1
E102762,2020-11-10,4,2,1
E102763,2020-04-10,1,2,4
E102763,2021-04-30,2,5,3
E102764,2022-03-24,5,3,1
E102764,2023-09-09,5,1,2
E102765,2023-10-30,5,2,1
E102766,2022-03-31,5,3,4
E102766,2021-10-14,4,4,2
E102766,2021-11-09,1,4,4
E102767,2023-06-29,5,1,2
E102768,2019-12-30,5,5,2
E102768,2020-11-30,2,3,4
E102768,2020-03-20,2,5,5
E102769,2021-06-04,4,5,2
E102769,2023-09-13,3,1,2
E102770,2019-12-11,5,2,2
E102770,2023-04-01,4,4,5
E102771,2020-12-18,2,1,1
E102771,2022-01-29,1,4,5
E102771,2020-07-05,5,4,2
E102772,2019-09-01,5,1,1
E102772,2023-03-09,3,5,2
E102773,2023-02-14,1,5,3
E102773,2019-08-22,1,4,3
E102773,2023-03-20,4,5,3
E102774,2020-06-20,3,3,2
E102774,2021-11-29,4,2,3
E102774,2022-06-07,3,3,2
E102775,2022-08-27,3,1,1
E102775,2023-07-18,1,3,2
E102776,2020-09-29,2,3,5
E102776,2020-07-14,3,3,5
E102776,2022-10-12,3,4,4
E102777,2022-04-18,1,1,2
E102777,2020-09-11,4,5,4
E102777,2022-12-04,2,4,1
E102778,2022-08-11,4,3,5
E102779,2023-02-28,2,5,5
E102780,2023-08-09,5,3,4
E102780,2022-10-10,2,2,2
E102781,2021-04-10,4,1,1
E102781,2021-11-20,2,4,2
E102781,2021-09-15,1,5,3
E102782,2021-05-09,3,1,2
E102782,2019-04-06,4,5,4
E102782,2019-06-11,5,3,4
E102783,2021-11-15,2,5,1
E102784,2019-06-30,4,4,2
E102784,2021-02-21,5,1,1
E102785,2022-07-07,1,4,1
E102785,2019-09-18,2,2,4
E102785,2020-06-04,1,5,2
E102786,2023-09-04,1,1,1
E102787,2021-05-19,1,3,5
E102788,2021-11-17,3,4,1
E102788,2020-04-10,2,4,2
E102789,2020-10-04,5,4,3
E102789,2022-12-08,3,5,1
E102790,2020-01-12,4,3,5
E102791,2020-04-01,3,5,4
E102792,2023-07-09,3,5,5
E102792,2023-08-14,2,4,1
E102793,2019-12-25,2,2,5
E102793,2023-04-01,3,3,3
E102794,2023-01-08,1,4,4
E102794,2020-04-21,2,4,1
E102794,2020-10-30,3,3,3
E102795,2019-11-21,4,5,5
E102795,2019-12-20,3,4,1
E102795,2020-11-16,5,3,5
E102796,2022-12-02,2,2,4
E102796,2020-12-10,1,5,3
E102797,2023-09-18,4,1,3
E102798,2020-10-21,1,4,4
E102798,2022-08-16,2,2,1
E102798,2021-12-25,4,3,4
E102799,2020-06-22,5,4,1
E102799,2022-05-28,5,4,4
E102800,2019-03-31,1,2,5
E102801,2019-08-01,4,1,5
E102802,2020-09-17,4,3,3
E102802,2022-08-25,1,2,3
E102802,2021-04-10,4,4,2
E102803,2019-07-28,3,4,1
E102804,2023-06-04,2,5,5
E102804,2020-03-19,1,1,2
E102805,2023-08-20,1,5,5
E102806,2022-08-07,4,2,4
E102806,2022-01-03,3,3,2
E102807,2023-04-13,5,4,2
E102808,2020-10-13,5,1,3
E102808,2019-09-24,1,3,1
E102808,2022-10-31,1,1,2
E102809,2020-01-10,1,2,3
E102810,2023-06-11,2,2,1
E102810,2019-09-20,5,1,1
E102811,2020-03-21,2,5,5
E102812,2023-02-21,4,3,5
E102812,2019-12-02,2,4,1
E102812,2021-11-17,5,1,2
E102813,2021-04-04,3,4,1
E102814,2020-11-30,3,4,3
E102814,2019-09-12,5,5,3
E102814,2023-07-25,5,5,3
E102815,2023-01-13,4,5,2
E102816,2021-09-28,4,5,3
E102816,2021-06-24,5,4,4
E102817,2020-07-16,5,1,3
E102817,2023-05-24,1,1,1
E102817,2020-03-06,1,4,1
E102818,2022-01-19,3,2,2
E102818,2020-12-19,5,2,1
E102818,2023-04-25,2,1,3
E102819,2020-04-29,3,4,5
E102819,2020-09-06,2,3,5
E102819,2022-10-19,5,1,1
E102820,2020-06-04,4,4,4
E102821,2021-08-31,5,5,3
E102821,2021-12-06,1,2,2
E102821,2023-05-17,5,4,3
E102822,2021-04-19,4,1,2
E102823,2021-03-23,4,4,4
E102823,2023-10-06,2,5,2
E102823,2023-10-03,2,4,1
E102824,2019-05-26,5,5,2
E102825,2019-08-25,1,4,4
E102825,2019-04-14,3,2,2
E102826,2021-03-23,2,2,3
E102827,2023-05-02,2,4,2
E102828,2022-12-07,1,2,3
E102829,2021-05-14,4,4,4
E102829,2023-05-19,1,5,1
E102829,2020-01-16,3,1,2
E102830,2023-05-04,3,5,1
E102831,2020-10-26,5,3,5
E102831,2021-06-15,2,2,3
E102832,2019-07-01,4,2,2
E102832,2020-08-17,5,1,1
E102833,2022-11-12,2,3,4
E102833,2019-11-17,2,5,1
E102834,2023-10-29,2,4,4
E102834,2022-10-06,4,2,1
E102835,2022-11-20,2,5,4
E102835,2020-02-24,3,3,5
E102836,2019-09-04,2,4,3
E102836,2021-10-06,5,3,1
E102836,2021-04-21,5,1,2
E102837,2021-09-16,4,1,5
E102838,2023-02-20,5,4,2
E102838,2023-05-09,3,3,2
E102839,2022-09-21,5,3,2
E102840,2023-10-19,2,2,3
E102840,2021-03-24,4,3,3
E102840,2020-06-08,3,4,2
E102841,2023-08-21,5,2,3
E102842,2023-02-09,1,2,1
E102842,2019-08-16,5,5,5
E102843,2023-01-26,1,1,2
E102843,2021-06-20,3,5,2
E102843,2020-02-05,5,1,1
E102844,2020-08-13,4,1,5
E102844,2023-03-29,2,4,4
E102845,2023-08-08,4,4,5
E102846,2022-07-06,1,3,4
E102846,2019-12-19,5,2,3
E102847,2020-07-08,5,3,5
E102848,2021-06-23,3,2,5
E102848,2020-05-06,2,5,2
E102849,2019-12-21,2,1,1
E102850,2021-05-04,2,1,4
E102850,2021-04-30,4,4,5
E102851,2021-03-27,4,5,2
E102852,2019-07-25,1,4,3
E102852,2019-08-12,3,1,5
E102853,2023-10-01,3,3,3
E102854,2019-07-18,2,2,4
E102854,2022-08-15,5,4,3
E102854,2022-01-15,5,3,2
E102855,2021-12-01,1,5,4
E102855,2022-10-15,2,1,5
E102855,2020-03-31,4,2,5
E102856,2020-07-11,2,2,2
E102856,2021-10-15,4,5,1
E102856,2021-01-25,4,3,1
E102857,2022-10-31,5,3,3
E102857,2020-04-30,2,2,3
E102858,2021-03-11,1,1,1
E102858,2022-03-26,4,1,3
E102858,2021-08-19,2,3,1
E102859,2022-01-28,2,1,5
E102859,2020-05-04,2,1,5
E102860,2023-07-31,5,2,1
E102861,2022-09-30,2,5,4
E102861,2023-08-28,1,4,1
E102862,2021-11-05,2,5,2
E102862,2021-01-22,5,1,2
E102862,2020-01-18,2,5,3
E102863,2019-07-05,2,5,1
E102864,2022-04-01,1,3,2
E102864,2020-02-01,1,4,2
E102864,2023-03-16,5,2,1
E102865,2023-02-19,2,4,4
E102865,2022-10-03,1,1,1
E102865,2019-07-25,1,5,1
E102866,2020-08-06,1,1,4
E102867,2020-02-20,1,2,3
E102867,2022-06-19,2,3,1
E102868,2021-03-28,4,3,5
E102868,2020-11-20,3,5,3
E102869,2023-03-17,4,1,4
E102869,2021-06-26,4,4,4
E102869,2022-07-14,5,3,2
E102870,2020-12-18,2,1,3
E102870,2022-01-28,1,5,4
E102871,2021-01-28,1,5,3
E102871,2021-04-01,4,4,3
E102871,2023-09-12,5,5,1
E102872,2021-06-03,2,5,3
E102872,2020-06-07,3,2,3
E102873,2022-06-22,4,3,4
E102873,2020-05-30,4,2,4
E102873,2023-08-10,1,4,5
E102874,2020-07-03,3,5,3
E102875,2020-12-28,2,2,2
E102876,2023-01-11,5,4,4
E102876,2023-08-01,2,2,5
E102877,2019-05-12,4,3,2
E102877,2021-12-05,1,1,1
E102877,2023-10-08,5,3,2
E102878,2021-09-20,4,2,2
E102879,2022-09-30,1,3,5
E102880,2022-11-22,3,5,3
E102881,2023-01-09,5,4,2
E102881,2019-07-06,5,4,1
E102881,2023-10-12,5,4,4
E102882,2023-09-26,3,4,4
E102882,2020-03-04,5,3,1
E102883,2021-01-03,3,3,5
E102883,2019-04-26,2,5,5
E102883,2021-03-08,1,1,1
E102884,2023-09-01,2,3,2
E102884,2020-11-06,5,5,3
E102885,2019-05-09,4,1,4
E102885,2020-09-01,5,5,3
E102885,2021-05-16,3,4,1
E102886,2022-02-19,3,5,1
E102887,2022-06-23,3,4,4
E102888,2020-05-09,4,2,4
E102889,2021-03-05,2,4,5
E102889,2020-05-30,1,4,2
E102889,2019-05-25,5,5,4
E102890,2022-10-08,1,4,5
E102890,2019-11-23,5,1,4
E102890,2023-02-24,1,1,3
E102891,2021-01-09,5,3,4
E102891,2022-02-11,1,5,4
E102892,2022-01-03,4,2,1
E102893,2023-03-14,1,4,1
E102893,2021-10-29,2,5,5
E102894,2021-08-24,1,3,2
E102894,2023-01-10,5,2,2
E102894,2023-05-07,1,2,3
E102895,2020-09-08,3,3,1
E102896,2022-01-11,2,4,1
E102896,2021-04-25,4,3,1
E102896,2023-10-13,4,2,5
E102897,2020-10-27,2,1,5
E102898,2019-09-08,3,5,1
E102899,2020-08-16,2,5,1
E102899,2021-07-25,4,3,4
E102900,2020-02-07,3,2,2
E102900,2021-04-27,4,4,5
E102900,2019-12-04,5,3,1
E102901,2020-04-24,2,5,4
E102901,2022-12-14,3,5,2
E102901,2020-07-25,5,1,1
E102902,2023-09-22,3,1,3
E102903,2022-09-24,3,2,4
E102903,2020-08-29,4,5,3
E102904,2020-06-13,5,4,2
E102904,2019-07-07,5,5,3
E102904,2021-09-23,5,1,2
E102905,2023-05-28,2,2,1
E102905,2019-04-14,2,2,4
E102906,2019-08-19,2,5,4
E102906,2020-06-03,5,3,4
E102907,2019-12-03,5,4,4
E102908,2022-05-25,2,1,3
E102908,2021-01-23,5,1,2
E102909,2020-02-24,1,3,1
E102909,2019-08-10,3,1,1
E102910,2023-03-24,2,3,1
E102910,2022-01-09,1,4,5
E102910,2022-09-29,3,2,1
E102911,2023-08-14,3,5,4
E102911,2020-05-10,3,3,4
E102912,2022-10-28,4,2,4
E102913,2023-10-17,2,1,5
E102913,2021-12-15,1,4,5
E102913,2020-12-26,1,4,5
E102914,2023-09-25,5,1,1
E102914,2022-06-06,2,1,1
E102914,2019-04-15,3,1,4
E102915,2022-09-03,1,3,1
E102915,2020-10-20,3,1,3
E102915,2019-11-14,4,5,1
E102916,2022-04-21,5,5,2
E102917,2021-09-07,3,3,3
E102918,2020-08-04,4,3,5
E102919,2023-05-06,1,5,2
E102919,2020-08-07,5,2,1
E102920,2022-12-04,5,5,3
E102920,2022-09-15,3,4,1
E102921,2019-04-10,5,5,1
E102922,2020-11-11,1,1,2
E102922,2022-08-15,4,3,2
E102922,2020-11-18,1,5,1
E102923,2019-09-29,3,1,1
E102923,2022-01-29,4,3,5
E102924,2020-10-08,5,4,1
E102925,2021-04-03,1,4,5
E102926,2022-05-19,1,2,5
E102926,2021-06-17,2,4,1
E102926,2020-12-03,3,1,2
E102927,2020-05-20,3,2,2
E102928,2022-03-01,3,3,3
E102929,2021-04-13,2,1,5
E102929,2022-12-27,3,3,2
E102930,2022-10-24,5,4,1
E102930,2023-04-13,2,1,4
E102930,2020-03-04,5,1,4
E102931,2020-08-03,1,2,1
E102931,2019-06-29,3,2,1
E102932,2022-12-21,3,4,1
E102932,2022-08-22,1,2,4
E102933,2022-11-15,4,1,5
E102933,2023-03-27,4,5,3
E102933,2021-03-12,2,4,2
E102934,2021-11-15,3,5,5
E102935,2019-06-17,2,3,2
E102936,2023-05-17,1,1,4
E102936,2021-03-14,5,1,2
E102936,2023-02-13,2,5,5
E102937,2020-01-02,2,4,2
E102938,2022-04-27,1,4,4
E102938,2019-09-04,2,3,1
E102939,2022-12-19,5,5,5
E102939,2020-12-21,4,5,5
E102940,2023-06-06,1,4,2
E102940,2022-10-15,1,1,2
E102940,2019-05-22,4,3,2
E102941,2020-12-04,3,2,2
E102941,2020-04-17,5,2,2
E102942,2019-10-14,1,3,4
E102942,2023-05-07,1,3,1
E102943,2023-07-21,5,4,4
E102943,2019-06-16,1,2,2
E102944,2023-10-26,5,2,2
E102944,2020-10-07,5,1,4
E102945,2021-07-23,5,5,4
E102945,2022-02-25,3,3,3
E102945,2021-02-28,1,5,3
E102946,2022-11-05,3,2,1
E102946,2021-10-24,5,4,2
E102947,2019-04-30,3,4,1
E102947,2019-07-22,1,2,4
E102948,2019-06-16,2,2,1
E102949,2020-10-24,3,4,2
E102949,2022-07-06,5,2,4
E102950,2021-07-12,5,3,2
E102950,2020-03-29,5,2,4
E102950,2022-04-18,2,1,5
E102951,2019-08-14,1,4,2
E102952,2022-08-20,5,4,1
E102952,2022-11-09,1,1,1
E102952,2021-12-11,5,3,1
E102953,2021-05-01,3,1,4
E102954,2021-02-13,5,4,2
E102954,2021-02-20,5,2,2
E102954,2019-12-25,4,1,5
E102955,2021-11-26,2,1,5
E102955,2020-12-15,2,1,4
E102956,2021-12-30,4,2,4
E102957,2019-09-02,5,3,3
E102957,2023-06-23,4,3,2
E102958,2019-07-02,3,4,5
E102959,2020-09-12,3,3,5
E102959,2021-06-21,5,1,5
E102960,2023-10-29,1,3,5
E102960,2023-08-19,3,5,4
E102961,2020-12-14,4,1,5
E102962,2020-04-29,1,2,2
E102963,2021-11-09,3,1,4
E102963,2023-02-18,4,2,1
E102963,2022-10-20,5,2,2
E102964,2020-12-30,5,5,4
E102964,2019-03-23,4,5,5
E102965,2021-10-10,2,3,2
E102965,2021-09-01,3,5,2
E102965,2023-02-21,5,2,3
E102966,2019-09-26,2,2,5
E102966,2019-03-30,5,3,1
E102967,2021-04-28,5,4,3
E102968,2021-05-11,1,3,3
E102968,2021-06-12,3,2,5
E102969,2021-06-27,4,1,4
E102969,2019-12-28,1,2,2
E102970,2022-05-16,5,4,2
E102971,2019-10-17,2,4,1
E102971,2022-11-13,1,1,5
E102971,2019-08-31,1,4,1
E102972,2021-03-31,3,5,5
E102973,2019-04-04,1,3,3
E102974,2021-07-11,5,5,4
E102975,2020-11-12,2,5,5
E102976,2020-03-30,5,5,4
E102976,2022-08-04,4,3,5
E102976,2019-05-10,1,2,2
E102977,2023-08-06,5,2,1
E102978,2019-06-22,3,2,1
E102978,2021-07-18,1,2,5
E102978,2023-11-01,3,1,2
E102979,2022-07-02,1,2,4
E102979,2020-05-18,2,5,1
E102979,2023-09-07,2,4,5
E102980,2023-04-20,5,4,4
E102980,2022-11-10,1,1,1
E102980,2022-12-31,1,5,2
E102981,2022-12-06,1,4,2
E102981,2019-10-14,3,3,5
E102981,2022-12-19,5,5,5
E102982,2020-06-16,2,3,2
E102982,2022-09-08,1,2,4
E102983,2020-05-29,4,4,5
E102983,2022-01-13,3,2,2
E102984,2019-05-22,4,4,5
E102984,2020-10-20,3,4,2
E102985,2020-05-29,1,2,4
E102985,2020-03-02,5,1,3
E102986,2019-05-27,3,1,1
E102986,2020-11-18,2,5,5
E102987,2021-08-14,2,5,5
E102987,2020-08-17,1,4,2
E102988,2020-03-02,4,4,1
E102989,2019-10-08,5,3,5
E102989,2022-03-20,4,2,4
E102989,2022-02-02,4,3,5
E102990,2019-08-09,5,2,5
E102990,2019-05-28,5,4,2
E102991,2019-10-17,3,5,3
E102992,2020-03-03,5,3,3
E102992,2021-06-25,3,2,3
E102992,2020-10-20,2,2,2
E102993,2021-01-09,4,1,3
E102993,2021-06-19,4,5,2
E102994,2021-08-20,2,5,3
E102994,2021-08-13,3,1,5
E102995,2023-02-07,3,1,2
E102996,2021-09-19,4,3,3
E102996,2023-05-13,5,4,5
E102997,2021-08-23,1,1,4
E102998,2021-07-29,3,4,1
E102999,2022-05-11,5,5,4
E102999,2020-08-15,3,2,1
E103000,2022-04-02,1,1,1
E103000,2021-08-06,2,2,5
E103001,2019-08-18,2,3,5
E103001,2023-04-17,1,4,3
E103001,2019-05-25,5,3,1
E103002,2022-04-20,4,4,1
E103002,2020-08-15,1,4,1
E103003,2022-09-23,1,5,4
E103003,2020-11-21,5,5,1
E103003,2019-09-12,3,4,2
E103004,2023-01-30,4,5,3
E103004,2020-02-11,2,1,3
E103005,2023-07-28,5,1,1
E103005,2023-03-16,4,3,5
E103005,2020-04-20,2,1,5
E103006,2020-03-16,4,1,3
E103006,2022-07-30,5,5,1
E103006,2022-02-14,1,3,4
E103007,2021-09-12,4,2,1
E103007,2021-04-10,3,5,1
E103007,2022-04-28,4,2,5
E103008,2023-05-27,2,1,2
E103009,2020-03-02,5,4,1
E103009,2023-07-27,4,1,1
E103009,2019-12-15,1,3,2
E103010,2019-06-29,2,3,4
E103010,2022-04-05,3,4,2
E103010,2022-05-06,5,1,1
E103011,2021-09-14,2,1,1
E103012,2022-04-18,2,3,4
E103012,2019-05-22,5,4,2
E103013,2020-09-01,2,5,1
E103013,2021-04-12,5,2,3
E103014,2019-10-03,4,1,4
E103014,2021-01-22,1,4,3
E103014,2020-02-11,2,1,3
E103015,2020-04-21,3,5,4
E103016,2020-06-27,1,3,2
E103016,2022-09-08,5,3,5
E103017,2023-02-28,2,3,5
E103017,2023-06-10,5,4,1
E103017,2019-09-12,5,5,2
E103018,2022-12-05,4,4,5
E103018,2021-04-04,4,5,5
E103018,2021-01-18,2,4,2
E103019,2019-08-05,4,2,1
E103019,2019-12-18,4,4,2
E103019,2022-06-20,5,1,1
E103020,2023-04-03,5,2,3
E103021,2022-06-21,5,5,5
E103021,2022-01-27,4,1,1
E103022,2022-04-06,5,5,3
E103022,2019-11-07,5,2,2
E103023,2021-11-29,3,5,5
E103023,2021-04-23,5,3,5
E103023,2022-08-26,1,5,5
E103024,2022-11-03,4,3,2
E103024,2023-05-25,3,4,2
E103025,2023-05-23,2,4,4
E103025,2022-05-31,2,3,5
E103026,2023-02-06,3,5,5
E103027,2019-06-29,5,3,4
E103028,2021-11-28,1,2,3
E103028,2020-09-01,5,3,4
E103028,2023-03-01,3,3,2
E103029,2023-10-11,2,1,2
E103030,2019-04-21,3,3,3
E103030,2022-01-25,1,2,2
E103031,2022-08-20,2,2,2
E103031,2021-04-18,5,5,4
E103032,2020-12-01,3,5,3
E103032,2022-09-19,4,3,2
E103033,2023-06-19,2,5,2
E103033,2019-03-22,4,2,5
E103034,2021-09-04,5,3,3
E103034,2022-08-11,5,2,2
E103035,2023-10-13,4,4,3
E103036,2020-05-08,5,5,1
E103036,2021-05-25,5,1,1
E103037,2023-04-03,5,1,4
E103037,2023-07-17,4,1,4
E103038,2023-03-30,4,3,5
E103038,2019-06-07,1,4,4
E103039,2022-08-16,4,1,4
E103039,2021-01-08,5,5,5
E103039,2023-01-27,2,5,4
E103040,2023-08-15,2,1,1
E103041,2022-12-17,3,3,1
E103041,2022-06-10,2,5,5
E103041,2020-11-27,2,2,1
E103042,2019-06-21,2,2,2
E103042,2021-04-23,5,3,1
E103042,2022-02-08,4,3,5
E103043,2019-03-30,1,5,3
E103043,2020-10-14,2,3,2
E103044,2020-04-10,5,2,5
E103045,2022-03-21,1,3,2
E103045,2023-02-25,1,2,4
E103046,2022-08-11,1,3,5
E103047,2022-09-30,5,5,2
E103047,2020-09-29,3,3,3
E103048,2019-06-03,2,3,5
E103049,2022-05-20,5,2,1
E103049,2023-10-23,3,4,1
E103050,2021-06-15,2,2,2
E103050,2023-01-11,4,2,5
E103051,2020-08-20,4,2,3
E103051,2021-01-28,4,3,4
E103052,2022-04-09,1,5,2
E103053,2023-10-28,5,4,1
E103053,2023-04-09,1,5,3
E103053,2020-10-20,5,1,5
E103054,2019-03-21,1,5,4
E103054,2022-11-05,2,1,3
E103054,2023-08-16,2,3,1
E103055,2022-03-01,1,5,3
E103056,2020-06-23,3,3,4
E103057,2022-11-19,3,2,2
E103058,2023-09-10,1,3,3
E103058,2020-05-29,2,4,2
E103059,2020-09-06,3,2,3
E103060,2021-11-09,1,4,1
E103061,2021-09-28,2,1,2
E103061,2019-11-07,2,5,5
E103062,2020-04-28,1,4,2
E103063,2020-03-22,4,4,1
E103063,2019-12-03,2,3,3
E103063,2023-09-12,2,5,1
E103064,2019-04-24,1,3,5
E103064,2020-11-13,1,3,2
E103065,2021-11-14,1,3,5
E103066,2021-05-31,5,1,1
E103067,2022-02-06,3,3,3
E103067,2022-04-25,1,2,2
E103068,2021-07-07,4,2,5
E103069,2021-08-29,2,3,4
E103069,2023-07-22,5,1,4
E103070,2021-12-24,2,5,3
E103070,2021-03-14,3,4,5
E103071,2023-03-01,1,1,4
E103072,2020-01-21,4,3,4
E103072,2021-01-17,1,2,1
E103072,2021-01-30,5,2,2
E103073,2020-04-10,4,2,3
E103073,2022-04-06,3,1,4
E103074,2022-10-13,2,1,2
E103074,2019-05-12,1,5,1
E103075,2020-12-16,3,5,1
E103075,2019-05-07,3,4,4
E103075,2022-01-28,4,5,4
E103076,2020-03-05,4,3,5
E103077,2023-01-13,2,4,2
E103077,2020-06-11,1,4,1
E103077,2019-12-17,5,2,1
E103078,2021-10-30,3,4,2
E103078,2022-05-03,4,4,1
E103078,2022-05-28,4,2,3
E103079,2020-05-07,4,3,4
E103080,2020-05-18,5,1,3
E103081,2023-10-20,5,3,4
E103082,2021-03-01,5,2,3
E103082,2021-07-10,2,3,3
E103082,2022-02-01,2,4,2
E103083,2019-09-25,2,1,3
E103083,2022-07-20,4,4,5
E103083,2019-03-23,1,4,5
E103084,2020-02-02,4,5,4
E103084,2020-01-05,3,5,4
E103084,2022-12-19,5,2,5
E103085,2023-02-01,3,5,4
E103086,2022-09-12,3,1,4
E103086,2020-09-16,3,3,5
E103086,2022-04-25,4,3,3
E103087,2021-03-29,4,3,3
E103087,2023-01-03,1,5,2
E103087,2022-02-27,1,4,5
E103088,2020-06-05,3,3,4
E103088,2019-08-30,4,4,3
E103089,2022-08-20,2,4,4
E103089,2023-08-14,4,2,5
E103090,2020-12-22,4,5,1
E103091,2023-08-11,4,4,1
E103091,2021-12-23,4,2,2
E103092,2021-10-23,4,5,2
E103092,2021-02-16,3,3,1
E103093,2022-12-29,2,3,4
E103093,2020-05-30,2,1,2
E103094,2023-03-05,2,4,5
E103094,2023-03-01,2,2,4
E103094,2019-09-07,3,2,4
E103095,2021-05-12,1,4,3
E103096,2019-07-29,4,1,4
E103096,2023-08-08,1,1,1
E103096,2022-07-14,2,4,5
E103097,2021-11-09,2,4,4
E103097,2020-09-20,2,3,3
E103097,2021-08-11,2,1,1
E103098,2022-02-20,2,3,5
E103098,2021-03-19,5,3,4
E103099,2022-12-08,2,5,1
E103099,2019-07-13,3,1,5
E103099,2022-09-03,4,4,4
E103100,2021-07-30,1,5,3
E103100,2021-06-01,4,5,3
E103101,2020-07-17,5,4,4
E103101,2022-11-01,2,5,4
E103102,2022-02-12,3,1,1
E103102,2022-04-18,4,3,3
E103103,2022-02-14,4,1,3
E103104,2020-10-10,1,5,5
E103104,2022-04-12,5,5,4
E103105,2021-02-25,4,3,2
E103106,2023-06-09,2,1,2
E103107,2022-10-28,2,5,2
E103107,2023-10-15,3,2,1
E103107,2022-09-18,3,2,1
E103108,2020-08-18,1,5,1
E103108,2023-01-25,3,4,1
E103108,2020-11-08,3,4,2
E103109,2021-03-21,2,5,3
E103110,2021-07-20,4,5,3
E103110,2021-02-27,5,3,5
E103110,2020-01-23,4,2,1
E103111,2022-01-20,5,3,3
E103111,2022-01-18,1,2,2
E103111,2023-04-17,2,5,3
E103112,2023-05-01,5,1,1
E103113,2023-10-18,4,3,2
E103114,2021-12-28,5,1,3
E103115,2022-11-22,4,5,1
E103116,2020-07-28,3,4,3
E103116,2022-08-10,3,2,1
E103117,2021-06-14,5,1,5
E103117,2019-05-28,1,2,4
E103118,2019-09-08,1,5,1
E103118,2019-08-23,4,1,4
E103118,2022-01-28,4,4,5
E103119,2022-06-17,3,3,5
E103119,2019-05-21,3,3,5
E103119,2023-08-31,2,3,2
E103120,2023-05-13,1,5,2
E103121,2020-02-21,2,3,1
E103121,2020-05-15,4,4,5
E103121,2020-05-24,1,5,1
E103122,2019-09-15,1,1,2
E103123,2023-04-27,4,4,3
E103124,2023-10-21,1,3,4
E103124,2023-01-21,4,1,3
E103124,2020-12-05,2,5,4
E103125,2020-10-09,1,2,4
E103125,2019-06-09,4,2,4
E103126,2019-11-08,3,5,5
E103126,2022-06-23,5,2,5
E103126,2021-02-23,3,5,5
E103127,2023-06-11,2,1,3
E103128,2019-10-20,4,1,4
E103128,2021-05-24,3,2,5
E103128,2023-06-09,4,5,5
E103129,2019-03-27,1,2,2
E103129,2023-04-07,1,1,2
E103130,2021-02-01,5,4,2
E103131,2020-10-20,5,1,1
E103132,2021-08-08,5,4,5
E103133,2021-07-04,2,5,2
E103133,2021-06-24,4,3,5
E103133,2022-03-20,3,3,2
E103134,2023-05-07,3,3,2
E103134,2023-04-27,3,4,4
E103134,2021-02-10,2,4,2
E103135,2020-07-20,2,1,3
E103135,2019-08-11,5,5,3
E103135,2020-06-05,4,2,5
E103136,2020-03-05,1,5,4
E103136,2022-05-31,4,4,3
E103137,2022-01-06,1,4,3
E103138,2019-09-15,5,5,2
E103138,2023-03-27,2,2,2
E103138,2019-03-15,1,5,5
E103139,2020-03-23,3,1,3
E103140,2020-06-30,3,4,3
E103140,2022-02-02,5,3,2
E103140,2021-01-17,1,4,1
E103141,2019-11-09,5,1,3
E103141,2019-06-08,3,5,2
E103142,2022-08-10,4,2,5
E103143,2020-06-13,3,1,4
E103143,2019-11-28,2,4,5
E103144,2020-08-02,1,3,4
E103145,2020-11-23,2,3,4
E103146,2020-03-01,4,5,4
E103146,2019-04-20,3,3,5
E103146,2021-05-24,3,3,4
E103147,2021-02-21,3,2,1
E103147,2022-05-16,1,3,5
E103147,2020-12-31,3,1,3
E103148,2019-07-18,3,2,3
E103148,2022-02-11,5,4,3
E103148,2022-12-25,5,3,4
E103149,2019-09-19,3,5,2
E103150,2021-01-24,2,5,5
E103150,2020-12-23,2,3,4
E103150,2023-10-21,2,1,1
E103151,2022-12-05,4,1,5
E103152,2019-12-13,2,3,2
E103153,2020-02-09,3,5,2
E103154,2021-08-06,1,2,2
E103155,2019-12-14,4,5,1
E103155,2020-07-31,1,2,1
E103155,2021-03-31,1,5,2
E103156,2022-10-16,4,1,1
E103157,2020-08-30,1,2,2
E103158,2019-10-19,4,2,1
E103158,2019-05-19,2,1,1
E103159,2021-05-12,3,1,2
E103159,2023-05-07,3,3,3
E103159,2023-11-03,5,2,5
E103160,2023-07-21,2,5,4
E103160,2020-10-14,1,3,2
E103161,2020-10-08,5,3,5
E103161,2023-01-18,1,1,5
E103162,2022-09-03,3,5,2
E103163,2020-01-30,5,1,5
E103163,2021-12-24,2,3,3
E103164,2021-10-16,5,2,2
E103165,2022-02-02,2,2,3
E103165,2021-05-12,3,3,1
E103166,2023-06-10,4,5,5
E103166,2021-05-11,3,5,4
E103167,2022-03-19,4,4,3
E103168,2021-02-25,1,1,4
E103169,2019-10-16,2,5,5
E103169,2021-03-12,4,5,4
E103170,2021-01-11,5,5,1
E103170,2023-05-29,1,4,2
E103170,2019-05-27,1,5,1
E103171,2022-01-08,5,3,4
E103172,2019-09-14,3,4,4
E103173,2023-08-08,3,5,4
E103173,2020-12-09,5,2,3
E103173,2021-06-02,5,3,1
E103174,2020-07-18,3,4,5
E103174,2021-07-07,4,2,3
E103174,2020-01-29,2,4,5
E103175,2019-05-21,3,3,2
E103175,2021-08-13,1,1,2
E103176,2023-01-08,3,2,2
E103177,2020-01-02,5,2,4
E103177,2019-07-19,5,3,1
E103177,2019-11-14,3,3,1
E103178,2021-12-03,3,2,4
E103178,2023-05-02,2,5,2
E103178,2022-09-14,4,2,5
E103179,2023-07-19,2,5,1
E103179,2023-03-20,2,1,1
E103179,2023-06-02,5,3,4
E103180,2023-08-11,5,1,2
E103180,2023-04-05,4,4,1
E103181,2021-06-14,2,4,3
E103181,2022-01-18,4,2,1
E103182,2020-06-08,4,1,4
E103182,2020-07-17,2,3,5
E103183,2023-03-04,1,5,4
E103183,2023-01-20,2,2,1
E103183,2020-08-03,3,1,2
E103184,2019-09-30,1,2,1
E103185,2022-05-24,1,5,5
E103185,2021-05-31,3,4,1
E103186,2021-12-02,3,2,2
E103186,2021-03-08,2,1,5
E103187,2019-10-02,5,3,1
E103187,2019-05-04,2,2,5
E103188,2023-01-25,2,1,2
E103188,2021-01-16,1,5,2
E103189,2019-04-06,1,4,1
E103190,2019-11-07,5,1,1
E103190,2023-04-13,1,3,5
E103191,2021-06-05,2,5,1
E103192,2020-10-08,4,3,5
E103193,2021-04-01,5,4,3
E103194,2021-10-04,1,4,3
E103194,2022-04-18,1,2,2
E103194,2019-12-20,1,4,2
E103195,2019-04-27,5,1,2
E103196,2023-04-19,4,4,1
E103196,2022-08-16,1,3,4
E103196,2021-07-23,2,1,1
E103197,2022-10-07,5,3,4
E103198,2022-03-24,1,1,3
E103198,2021-04-24,3,2,2
E103199,2020-11-28,5,2,4
E103199,2021-07-27,2,4,3
E103199,2023-05-01,4,2,5
