employee_id,review_year,performance_rating,promotion_flag
E100000,2020,4,No
E100001,2017,4,No
E100001,2018,2,No
E100001,2019,3,No
E100001,2020,4,No
E100002,2018,3,No
E100003,2021,4,No
E100003,2022,5,No
E100003,2023,4,No
E100003,2024,4,No
E100004,2018,4,No
E100004,2019,4,No
E100005,2020,4,No
E100005,2021,5,No
E100006,2019,3,No
E100006,2020,5,No
E100007,2019,5,No
E100007,2020,3,No
E100008,2019,4,No
E100008,2020,3,No
E100009,2022,4,No
E100009,2023,4,No
E100009,2024,5,No
E100009,2025,4,No
E100010,2023,2,No
E100010,2024,3,No
E100010,2025,4,No
E100011,2022,3,No
E100012,2018,3,No
E100012,2019,3,No
E100012,2020,4,No
E100012,2021,5,No
E100013,2019,2,No
E100014,2018,3,No
E100014,2019,5,No
E100014,2020,3,No
E100014,2021,4,No
E100015,2019,4,No
E100015,2020,3,No
E100015,2021,5,No
E100016,2023,4,No
E100016,2024,4,No
E100017,2020,3,No
E100017,2021,5,Yes
E100018,2018,4,No
E100018,2019,2,No
E100018,2020,3,No
E100019,2022,3,No
E100020,2021,3,No
E100021,2017,2,No
E100021,2018,3,No
E100021,2019,3,No
E100022,2018,2,No
E100022,2019,3,No
E100022,2020,2,Yes
E100023,2022,3,No
E100023,2023,4,No
E100024,2020,5,No
E100024,2021,4,No
E100024,2022,2,No
E100025,2019,4,No
E100025,2020,4,No
E100026,2021,4,No
E100026,2022,4,Yes
E100026,2023,5,No
E100026,2024,4,Yes
E100027,2020,2,No
E100027,2021,3,No
E100028,2022,3,No
E100028,2023,4,No
E100029,2022,5,No
E100029,2023,3,No
E100029,2024,2,No
E100030,2023,3,No
E100031,2019,3,No
E100031,2020,2,No
E100032,2022,4,No
E100032,2023,3,No
E100032,2024,4,No
E100032,2025,3,No
E100033,2020,3,No
E100033,2021,4,No
E100034,2022,4,No
E100034,2023,4,No
E100034,2024,3,No
E100035,2019,4,No
E100035,2020,5,No
E100036,2022,2,Yes
E100036,2023,2,No
E100036,2024,3,No
E100036,2025,4,No
E100037,2018,5,No
E100037,2019,3,No
E100038,2018,3,No
E100038,2019,4,No
E100038,2020,2,Yes
E100038,2021,4,No
E100039,2023,4,No
E100039,2024,2,No
E100039,2025,5,No
E100039,2026,2,No
E100040,2017,4,Yes
E100041,2017,2,No
E100042,2021,5,No
E100042,2022,4,No
E100043,2019,5,No
E100044,2017,3,No
E100044,2018,5,No
E100045,2021,4,No
E100045,2022,5,No
E100046,2021,4,Yes
E100046,2022,3,No
E100046,2023,2,No
E100046,2024,3,No
E100047,2018,3,No
E100047,2019,5,No
E100048,2023,2,No
E100048,2024,3,No
E100048,2025,3,Yes
E100048,2026,3,No
E100049,2017,4,No
E100049,2018,4,No
E100049,2019,5,No
E100049,2020,2,No
E100050,2021,3,No
E100050,2022,2,No
E100050,2023,3,No
E100051,2018,2,No
E100051,2019,2,Yes
E100052,2021,3,No
E100052,2022,3,No
E100053,2018,4,No
E100053,2019,4,No
E100053,2020,2,No
E100053,2021,4,Yes
E100054,2019,3,No
E100055,2020,5,Yes
E100056,2019,4,No
E100056,2020,3,No
E100057,2023,2,No
E100058,2018,3,No
E100058,2019,3,No
E100058,2020,3,No
E100058,2021,2,No
E100059,2020,5,No
E100059,2021,4,No
E100060,2020,4,No
E100060,2021,3,No
E100060,2022,4,No
E100060,2023,4,Yes
E100061,2023,4,No
E100061,2024,3,Yes
E100062,2023,3,No
E100063,2021,4,No
E100063,2022,2,No
E100064,2019,4,No
E100065,2018,5,No
E100066,2019,4,No
E100066,2020,3,No
E100066,2021,3,No
E100066,2022,3,No
E100067,2017,4,No
E100068,2020,4,No
E100069,2021,3,No
E100070,2021,4,Yes
E100070,2022,4,No
E100071,2023,2,Yes
E100071,2024,4,No
E100072,2022,3,No
E100073,2017,5,No
E100073,2018,3,No
E100073,2019,4,No
E100073,2020,3,No
E100074,2018,2,No
E100074,2019,5,No
E100075,2018,4,No
E100075,2019,4,No
E100076,2022,3,No
E100076,2023,2,No
E100076,2024,3,No
E100077,2017,4,No
E100078,2022,5,Yes
E100078,2023,3,No
E100078,2024,4,No
E100078,2025,3,No
E100079,2022,3,No
E100079,2023,4,No
E100080,2018,4,No
E100080,2019,5,No
E100080,2020,2,No
E100081,2020,3,No
E100081,2021,3,No
E100082,2017,3,No
E100082,2018,3,No
E100082,2019,3,No
E100083,2022,2,No
E100084,2021,5,No
E100084,2022,3,No
E100085,2019,4,No
E100085,2020,2,Yes
E100085,2021,3,Yes
E100085,2022,5,No
E100086,2022,3,Yes
E100086,2023,2,No
E100086,2024,5,No
E100087,2023,2,Yes
E100087,2024,2,No
E100087,2025,5,No
E100087,2026,4,No
E100088,2020,3,No
E100089,2017,4,No
E100089,2018,5,No
E100089,2019,4,Yes
E100090,2022,3,No
E100091,2020,5,No
E100091,2021,3,No
E100092,2022,4,No
E100092,2023,3,No
E100092,2024,3,No
E100093,2022,4,No
E100094,2022,5,No
E100094,2023,5,Yes
E100094,2024,3,No
E100095,2022,3,No
E100095,2023,3,No
E100095,2024,3,No
E100096,2017,4,No
E100096,2018,3,No
E100096,2019,3,No
E100096,2020,4,No
E100097,2020,4,No
E100097,2021,4,No
E100097,2022,4,Yes
E100097,2023,3,No
E100098,2017,2,No
E100098,2018,3,No
E100099,2023,3,No
E100099,2024,3,Yes
E100100,2019,4,No
E100101,2021,3,No
E100101,2022,3,No
E100101,2023,2,No
E100101,2024,2,Yes
E100102,2019,3,No
E100102,2020,3,No
E100102,2021,3,No
E100102,2022,3,No
E100103,2022,4,Yes
E100103,2023,3,No
E100103,2024,4,No
E100103,2025,4,No
E100104,2023,4,No
E100104,2024,2,No
E100104,2025,3,Yes
E100104,2026,3,No
E100105,2022,4,No
E100105,2023,3,No
E100106,2022,3,No
E100106,2023,3,No
E100107,2020,3,No
E100107,2021,2,No
E100107,2022,5,No
E100108,2019,2,No
E100108,2020,3,Yes
E100109,2021,3,Yes
E100110,2020,3,No
E100110,2021,4,Yes
E100110,2022,4,No
E100110,2023,4,No
E100111,2018,3,No
E100111,2019,3,No
E100111,2020,3,Yes
E100112,2020,5,No
E100112,2021,4,No
E100112,2022,4,No
E100112,2023,3,No
E100113,2023,4,No
E100113,2024,2,No
E100114,2021,2,Yes
E100114,2022,4,No
E100114,2023,4,No
E100114,2024,5,No
E100115,2018,4,No
E100116,2017,3,No
E100116,2018,4,No
E100116,2019,3,No
E100116,2020,3,No
E100117,2019,4,No
E100117,2020,4,No
E100117,2021,4,No
E100117,2022,4,No
E100118,2020,3,No
E100119,2020,4,No
E100119,2021,5,No
E100119,2022,4,No
E100119,2023,4,Yes
E100120,2017,5,No
E100121,2019,4,No
E100121,2020,3,Yes
E100121,2021,3,No
E100122,2020,4,No
E100122,2021,2,No
E100123,2019,4,No
E100123,2020,3,Yes
E100123,2021,2,No
E100123,2022,3,No
E100124,2017,4,No
E100124,2018,4,No
E100124,2019,4,Yes
E100125,2021,5,No
E100125,2022,4,No
E100125,2023,4,No
E100125,2024,5,No
E100126,2022,4,No
E100127,2021,4,No
E100128,2021,4,No
E100128,2022,4,No
E100129,2021,4,No
E100129,2022,4,Yes
E100129,2023,3,No
E100129,2024,3,Yes
E100130,2017,4,No
E100130,2018,4,No
E100130,2019,4,No
E100131,2017,4,No
E100131,2018,3,No
E100132,2021,4,No
E100132,2022,3,No
E100132,2023,3,No
E100132,2024,2,No
E100133,2021,3,No
E100133,2022,3,No
E100133,2023,4,No
E100133,2024,2,No
E100134,2017,3,No
E100134,2018,4,No
E100134,2019,3,No
E100134,2020,4,No
E100135,2019,3,No
E100136,2021,2,No
E100136,2022,4,Yes
E100137,2018,2,No
E100137,2019,5,No
E100137,2020,2,No
E100138,2017,2,No
E100139,2018,4,No
E100139,2019,3,No
E100140,2020,4,No
E100140,2021,4,No
E100140,2022,4,No
E100140,2023,4,No
E100141,2017,5,No
E100142,2020,3,No
E100142,2021,4,No
E100143,2020,3,No
E100144,2017,3,No
E100144,2018,4,Yes
E100144,2019,2,No
E100144,2020,3,No
E100145,2022,2,No
E100145,2023,3,No
E100146,2022,4,No
E100147,2019,3,No
E100147,2020,3,No
E100147,2021,2,No
E100147,2022,4,No
E100148,2019,5,No
E100148,2020,3,No
E100148,2021,3,No
E100149,2017,5,No
E100149,2018,3,No
E100149,2019,5,No
E100149,2020,5,Yes
E100150,2019,3,No
E100150,2020,2,No
E100150,2021,2,No
E100150,2022,2,No
E100151,2019,4,No
E100151,2020,4,No
E100151,2021,3,No
E100151,2022,5,No
E100152,2019,3,No
E100152,2020,4,No
E100153,2020,3,No
E100153,2021,3,No
E100154,2021,4,No
E100154,2022,3,No
E100154,2023,5,Yes
E100155,2020,4,No
E100155,2021,4,No
E100155,2022,3,No
E100155,2023,3,No
E100156,2021,5,No
E100156,2022,4,No
E100156,2023,2,No
E100156,2024,4,No
E100157,2018,3,No
E100157,2019,3,No
E100157,2020,3,No
E100157,2021,5,No
E100158,2018,4,No
E100158,2019,5,Yes
E100158,2020,3,No
E100159,2017,4,No
E100159,2018,5,No
E100159,2019,4,No
E100160,2020,4,Yes
E100160,2021,3,No
E100161,2019,2,No
E100161,2020,2,No
E100161,2021,4,No
E100162,2023,4,No
E100162,2024,3,No
E100162,2025,3,No
E100163,2022,5,No
E100163,2023,2,No
E100164,2022,3,Yes
E100165,2021,4,No
E100165,2022,5,No
E100165,2023,4,No
E100165,2024,3,No
E100166,2017,4,No
E100167,2018,3,No
E100168,2020,4,No
E100168,2021,3,No
E100168,2022,3,No
E100168,2023,5,No
E100169,2022,3,No
E100169,2023,2,No
E100169,2024,2,No
E100170,2023,4,No
E100170,2024,3,No
E100170,2025,4,No
E100171,2019,4,No
E100171,2020,4,No
E100171,2021,5,No
E100171,2022,5,No
E100172,2022,5,No
E100173,2020,5,No
E100173,2021,4,No
E100173,2022,3,Yes
E100174,2018,3,No
E100174,2019,3,Yes
E100174,2020,4,No
E100174,2021,4,No
E100175,2022,4,No
E100175,2023,3,No
E100175,2024,5,No
E100175,2025,4,No
E100176,2017,4,Yes
E100176,2018,4,No
E100176,2019,3,No
E100177,2023,2,No
E100177,2024,4,No
E100177,2025,3,No
E100177,2026,4,No
E100178,2017,3,Yes
E100179,2018,2,No
E100179,2019,3,No
E100179,2020,4,No
E100179,2021,3,No
E100180,2022,2,Yes
E100180,2023,4,No
E100180,2024,4,No
E100180,2025,3,No
E100181,2022,4,No
E100181,2023,4,No
E100181,2024,3,No
E100182,2019,4,Yes
E100182,2020,2,Yes
E100182,2021,4,No
E100183,2022,4,No
E100183,2023,4,No
E100184,2018,4,No
E100184,2019,5,No
E100185,2020,2,No
E100185,2021,2,No
E100186,2022,2,No
E100186,2023,4,No
E100186,2024,4,No
E100186,2025,5,No
E100187,2018,4,Yes
E100187,2019,5,Yes
E100188,2022,3,No
E100189,2021,3,No
E100189,2022,4,No
E100189,2023,4,No
E100190,2022,3,No
E100190,2023,4,No
E100190,2024,2,No
E100191,2021,5,No
E100192,2022,4,No
E100192,2023,5,No
E100193,2017,4,No
E100194,2019,3,No
E100195,2019,4,No
E100195,2020,3,No
E100196,2017,3,No
E100196,2018,4,No
E100196,2019,3,No
E100196,2020,2,No
E100197,2022,2,No
E100197,2023,4,Yes
E100197,2024,2,No
E100197,2025,3,No
E100198,2019,3,No
E100198,2020,2,No
E100199,2018,4,No
E100200,2023,3,No
E100200,2024,3,No
E100200,2025,3,No
E100200,2026,4,No
E100201,2018,3,No
E100201,2019,5,No
E100201,2020,4,No
E100201,2021,3,No
E100202,2019,5,No
E100202,2020,4,No
E100203,2020,3,No
E100203,2021,5,No
E100203,2022,5,No
E100203,2023,4,No
E100204,2023,3,No
E100204,2024,3,No
E100204,2025,5,No
E100205,2023,3,No
E100205,2024,4,No
E100205,2025,4,No
E100205,2026,3,No
E100206,2020,4,No
E100206,2021,2,No
E100206,2022,4,No
E100207,2017,3,No
E100207,2018,4,No
E100207,2019,3,No
E100207,2020,4,No
E100208,2019,3,No
E100209,2020,4,No
E100209,2021,5,No
E100210,2018,2,No
E100210,2019,5,No
E100211,2017,2,No
E100211,2018,3,No
E100211,2019,4,No
E100212,2018,5,No
E100212,2019,4,No
E100212,2020,4,No
E100212,2021,3,No
E100213,2019,3,No
E100213,2020,4,No
E100214,2023,4,Yes
E100214,2024,3,No
E100214,2025,5,Yes
E100215,2017,4,No
E100216,2018,4,No
E100216,2019,3,No
E100216,2020,2,No
E100217,2023,3,No
E100218,2021,3,No
E100218,2022,4,No
E100218,2023,3,No
E100219,2017,4,No
E100220,2017,2,No
E100220,2018,4,No
E100221,2017,3,Yes
E100221,2018,4,No
E100221,2019,4,No
E100221,2020,4,No
E100222,2021,4,No
E100223,2022,2,Yes
E100223,2023,5,No
E100223,2024,3,No
E100224,2017,3,No
E100224,2018,2,No
E100224,2019,3,No
E100224,2020,2,Yes
E100225,2021,4,No
E100225,2022,3,No
E100225,2023,4,No
E100225,2024,3,No
E100226,2017,3,Yes
E100227,2020,4,No
E100227,2021,5,No
E100227,2022,4,No
E100227,2023,4,Yes
E100228,2023,2,No
E100228,2024,4,No
E100228,2025,4,No
E100228,2026,4,No
E100229,2021,3,No
E100229,2022,4,No
E100229,2023,4,No
E100230,2022,5,No
E100230,2023,3,Yes
E100231,2022,4,No
E100232,2017,2,Yes
E100232,2018,5,No
E100233,2021,4,No
E100234,2021,4,No
E100235,2018,2,No
E100236,2020,2,Yes
E100236,2021,4,No
E100237,2018,4,Yes
E100238,2018,3,Yes
E100238,2019,4,No
E100238,2020,4,No
E100238,2021,4,No
E100239,2023,3,No
E100239,2024,2,No
E100240,2017,3,No
E100240,2018,4,No
E100241,2019,3,No
E100241,2020,3,No
E100241,2021,5,No
E100241,2022,3,No
E100242,2022,2,No
E100242,2023,2,No
E100242,2024,3,No
E100242,2025,3,No
E100243,2018,5,No
E100243,2019,5,No
E100243,2020,5,Yes
E100243,2021,2,No
E100244,2020,4,Yes
E100244,2021,3,No
E100244,2022,2,No
E100244,2023,4,No
E100245,2020,4,No
E100245,2021,4,No
E100245,2022,5,No
E100246,2017,4,No
E100246,2018,3,No
E100246,2019,3,No
E100246,2020,3,No
E100247,2023,3,No
E100247,2024,5,No
E100247,2025,5,No
E100247,2026,4,No
E100248,2018,2,No
E100249,2022,2,No
E100249,2023,4,No
E100250,2022,4,No
E100251,2019,4,Yes
E100251,2020,4,No
E100252,2023,3,No
E100252,2024,2,No
E100252,2025,2,Yes
E100253,2020,3,No
E100253,2021,2,Yes
E100253,2022,4,No
E100254,2022,2,No
E100254,2023,3,No
E100255,2022,5,Yes
E100256,2019,4,No
E100256,2020,5,No
E100256,2021,4,No
E100257,2018,3,No
E100258,2021,5,No
E100258,2022,3,No
E100258,2023,4,Yes
E100258,2024,3,No
E100259,2023,4,No
E100260,2017,2,No
E100260,2018,5,No
E100261,2018,5,No
E100261,2019,3,No
E100262,2017,3,Yes
E100262,2018,3,Yes
E100263,2019,4,No
E100263,2020,3,No
E100264,2021,2,No
E100264,2022,4,No
E100264,2023,3,No
E100265,2022,2,No
E100266,2020,3,No
E100266,2021,2,No
E100266,2022,5,No
E100266,2023,5,No
E100267,2018,4,No
E100267,2019,3,Yes
E100268,2020,3,No
E100268,2021,3,No
E100268,2022,4,No
E100269,2020,4,No
E100269,2021,2,No
E100269,2022,2,No
E100269,2023,4,No
E100270,2017,4,No
E100270,2018,5,No
E100270,2019,3,No
E100270,2020,2,No
E100271,2023,4,No
E100271,2024,3,No
E100271,2025,4,No
E100271,2026,4,No
E100272,2021,2,No
E100272,2022,3,No
E100273,2020,4,No
E100274,2022,4,No
E100274,2023,3,No
E100275,2018,2,No
E100275,2019,3,No
E100275,2020,3,No
E100275,2021,3,No
E100276,2023,4,No
E100277,2022,3,Yes
E100277,2023,3,No
E100277,2024,4,No
E100278,2020,2,No
E100279,2020,3,No
E100279,2021,2,Yes
E100279,2022,2,No
E100279,2023,3,No
E100280,2019,5,No
E100280,2020,4,No
E100280,2021,4,No
E100281,2021,3,No
E100282,2023,4,No
E100282,2024,4,No
E100283,2020,4,No
E100283,2021,2,No
E100283,2022,3,No
E100283,2023,4,No
E100284,2018,3,No
E100284,2019,4,No
E100285,2017,4,No
E100285,2018,3,No
E100286,2023,3,No
E100286,2024,3,No
E100286,2025,4,No
E100287,2022,4,No
E100287,2023,2,No
E100287,2024,4,No
E100287,2025,3,No
E100288,2021,4,Yes
E100289,2017,3,No
E100289,2018,3,No
E100289,2019,4,No
E100289,2020,3,No
E100290,2020,2,No
E100290,2021,5,No
E100290,2022,4,No
E100290,2023,4,No
E100291,2023,4,No
E100291,2024,3,No
E100291,2025,5,No
E100291,2026,2,No
E100292,2020,3,No
E100292,2021,3,No
E100292,2022,2,No
E100292,2023,3,No
E100293,2017,2,No
E100293,2018,4,No
E100293,2019,4,No
E100293,2020,3,No
E100294,2019,2,No
E100294,2020,5,No
E100294,2021,4,No
E100295,2020,5,No
E100295,2021,4,No
E100296,2023,3,No
E100296,2024,3,No
E100296,2025,3,No
E100296,2026,3,No
E100297,2019,4,No
E100298,2017,3,No
E100298,2018,4,No
E100298,2019,5,No
E100298,2020,4,No
E100299,2023,4,No
E100299,2024,5,Yes
E100299,2025,4,No
E100299,2026,4,No
E100300,2018,3,No
E100300,2019,3,No
E100301,2021,4,No
E100301,2022,4,No
E100301,2023,4,Yes
E100301,2024,3,No
E100302,2019,2,No
E100302,2020,4,No
E100302,2021,4,Yes
E100303,2023,2,No
E100303,2024,5,No
E100303,2025,2,Yes
E100303,2026,4,No
E100304,2020,4,No
E100304,2021,3,No
E100304,2022,3,No
E100304,2023,3,No
E100305,2023,3,No
E100306,2022,3,No
E100306,2023,4,No
E100306,2024,2,No
E100306,2025,5,No
E100307,2017,4,No
E100307,2018,2,No
E100308,2020,3,No
E100309,2021,3,No
E100310,2022,4,No
E100310,2023,4,No
E100310,2024,4,No
E100310,2025,5,No
E100311,2019,5,No
E100311,2020,3,No
E100311,2021,5,No
E100312,2020,5,No
E100312,2021,2,No
E100312,2022,4,No
E100312,2023,3,No
E100313,2018,4,Yes
E100313,2019,3,No
E100313,2020,3,No
E100314,2018,4,No
E100314,2019,3,No
E100315,2018,4,No
E100315,2019,5,No
E100316,2018,4,No
E100316,2019,4,No
E100316,2020,4,No
E100316,2021,5,No
E100317,2022,2,No
E100317,2023,3,No
E100318,2021,2,No
E100319,2017,4,No
E100320,2020,5,No
E100320,2021,3,Yes
E100320,2022,5,No
E100321,2022,4,No
E100322,2022,4,No
E100322,2023,4,No
E100323,2021,4,No
E100323,2022,4,No
E100323,2023,4,No
E100323,2024,4,No
E100324,2023,4,No
E100324,2024,4,No
E100324,2025,2,No
E100325,2019,2,No
E100325,2020,3,Yes
E100326,2022,3,No
E100327,2017,4,No
E100328,2021,5,No
E100328,2022,5,No
E100328,2023,4,No
E100328,2024,4,No
E100329,2022,4,No
E100329,2023,5,No
E100329,2024,5,No
E100329,2025,2,No
E100330,2023,3,No
E100331,2018,2,No
E100331,2019,5,No
E100331,2020,3,No
E100332,2019,5,No
E100332,2020,3,No
E100332,2021,2,No
E100333,2017,4,No
E100333,2018,3,No
E100333,2019,3,No
E100333,2020,4,No
E100334,2022,3,No
E100334,2023,3,No
E100334,2024,4,No
E100334,2025,3,No
E100335,2018,5,Yes
E100335,2019,3,No
E100335,2020,5,No
E100335,2021,3,No
E100336,2021,2,No
E100337,2018,4,No
E100337,2019,5,No
E100337,2020,3,No
E100338,2017,2,No
E100338,2018,3,No
E100339,2020,4,Yes
E100339,2021,4,No
E100340,2018,4,No
E100341,2018,3,No
E100341,2019,3,No
E100341,2020,3,No
E100341,2021,5,No
E100342,2017,5,No
E100342,2018,5,No
E100342,2019,3,No
E100343,2017,3,No
E100344,2022,5,No
E100344,2023,3,No
E100344,2024,2,No
E100345,2022,3,Yes
E100345,2023,3,No
E100345,2024,4,No
E100346,2018,3,No
E100346,2019,3,No
E100346,2020,3,No
E100347,2021,3,No
E100347,2022,5,No
E100347,2023,5,No
E100347,2024,3,No
E100348,2020,4,No
E100349,2021,2,No
E100349,2022,2,No
E100349,2023,4,Yes
E100350,2021,5,No
E100350,2022,5,No
E100350,2023,5,No
E100351,2021,3,No
E100351,2022,3,No
E100351,2023,2,No
E100351,2024,4,No
E100352,2022,4,No
E100353,2022,3,Yes
E100353,2023,3,No
E100353,2024,5,No
E100353,2025,3,No
E100354,2022,4,No
E100354,2023,4,Yes
E100354,2024,5,No
E100355,2017,4,No
E100356,2019,2,No
E100357,2020,3,No
E100358,2019,5,Yes
E100359,2019,3,No
E100359,2020,3,Yes
E100359,2021,4,No
E100359,2022,5,No
E100360,2019,3,No
E100360,2020,3,No
E100361,2021,4,No
E100361,2022,3,No
E100361,2023,5,No
E100362,2021,3,No
E100362,2022,4,No
E100363,2019,3,Yes
E100364,2023,4,Yes
E100364,2024,3,No
E100364,2025,4,No
E100365,2022,4,No
E100365,2023,4,No
E100366,2017,3,No
E100367,2023,4,No
E100367,2024,4,No
E100368,2019,3,No
E100368,2020,2,Yes
E100369,2023,3,Yes
E100369,2024,4,No
E100369,2025,4,No
E100369,2026,4,No
E100370,2022,4,No
E100370,2023,3,No
E100370,2024,2,No
E100371,2021,2,No
E100371,2022,3,No
E100371,2023,3,No
E100372,2022,3,Yes
E100372,2023,4,No
E100373,2023,4,No
E100373,2024,4,No
E100373,2025,4,No
E100373,2026,4,No
E100374,2023,5,Yes
E100374,2024,4,No
E100375,2022,4,No
E100375,2023,4,Yes
E100376,2020,4,Yes
E100376,2021,4,Yes
E100377,2023,3,No
E100377,2024,3,Yes
E100377,2025,4,No
E100377,2026,4,No
E100378,2019,3,No
E100378,2020,3,No
E100379,2022,3,Yes
E100379,2023,4,No
E100380,2017,4,No
E100380,2018,4,No
E100381,2021,5,No
E100381,2022,5,No
E100382,2017,4,No
E100383,2017,4,No
E100383,2018,5,No
E100383,2019,3,No
E100383,2020,2,No
E100384,2020,4,No
E100384,2021,2,No
E100384,2022,3,No
E100384,2023,2,No
E100385,2022,4,No
E100385,2023,3,No
E100386,2022,3,Yes
E100386,2023,3,No
E100386,2024,3,No
E100387,2017,2,No
E100387,2018,3,No
E100387,2019,4,No
E100388,2020,2,Yes
E100388,2021,5,No
E100388,2022,5,No
E100388,2023,5,No
E100389,2023,3,No
E100389,2024,3,No
E100389,2025,3,Yes
E100389,2026,4,No
E100390,2018,2,No
E100390,2019,2,No
E100390,2020,3,No
E100390,2021,3,No
E100391,2018,4,No
E100391,2019,3,No
E100392,2022,2,No
E100393,2018,3,No
E100394,2017,5,No
E100394,2018,5,No
E100394,2019,3,No
E100395,2023,3,No
E100395,2024,3,No
E100395,2025,3,No
E100395,2026,4,No
E100396,2020,2,No
E100396,2021,3,Yes
E100396,2022,4,No
E100396,2023,2,No
E100397,2019,3,No
E100397,2020,4,No
E100397,2021,4,No
E100398,2022,4,No
E100398,2023,4,No
E100398,2024,4,No
E100399,2017,4,No
E100399,2018,2,No
E100399,2019,3,Yes
E100400,2018,3,No
E100400,2019,4,No
E100400,2020,3,No
E100400,2021,4,Yes
E100401,2019,4,Yes
E100402,2018,3,No
E100402,2019,4,No
E100403,2018,2,No
E100403,2019,4,No
E100403,2020,4,No
E100404,2018,4,No
E100404,2019,4,No
E100404,2020,4,Yes
E100405,2022,2,No
E100405,2023,3,Yes
E100405,2024,3,No
E100405,2025,4,No
E100406,2019,5,No
E100406,2020,3,No
E100407,2018,4,No
E100407,2019,3,Yes
E100407,2020,3,No
E100408,2023,4,No
E100409,2022,2,No
E100409,2023,4,Yes
E100410,2021,3,No
E100410,2022,3,No
E100411,2023,3,No
E100411,2024,3,No
E100411,2025,3,No
E100412,2018,3,No
E100412,2019,3,No
E100412,2020,3,Yes
E100412,2021,2,No
E100413,2017,3,No
E100413,2018,3,No
E100414,2019,4,No
E100415,2020,3,No
E100415,2021,4,No
E100415,2022,4,No
E100415,2023,4,Yes
E100416,2019,3,No
E100416,2020,4,No
E100416,2021,3,No
E100417,2018,5,No
E100418,2023,5,No
E100419,2023,3,No
E100419,2024,3,No
E100419,2025,2,No
E100419,2026,3,No
E100420,2020,3,No
E100420,2021,4,No
E100421,2017,4,No
E100421,2018,4,No
E100422,2023,5,No
E100422,2024,3,No
E100423,2021,3,No
E100423,2022,4,No
E100423,2023,2,No
E100423,2024,5,No
E100424,2021,3,No
E100424,2022,4,No
E100424,2023,4,No
E100424,2024,3,No
E100425,2020,3,No
E100426,2017,4,No
E100426,2018,4,No
E100426,2019,5,No
E100426,2020,2,No
E100427,2019,3,Yes
E100427,2020,2,Yes
E100427,2021,4,No
E100427,2022,5,No
E100428,2021,4,No
E100428,2022,4,No
E100429,2023,3,No
E100430,2019,4,No
E100430,2020,4,No
E100431,2022,3,No
E100432,2020,5,No
E100432,2021,3,No
E100433,2017,5,No
E100433,2018,5,No
E100434,2018,5,No
E100434,2019,4,No
E100435,2021,4,Yes
E100435,2022,3,No
E100435,2023,4,No
E100436,2018,2,Yes
E100436,2019,5,Yes
E100437,2018,3,No
E100438,2022,4,No
E100438,2023,3,No
E100439,2017,4,No
E100439,2018,2,No
E100439,2019,5,No
E100439,2020,4,No
E100440,2017,2,No
E100441,2018,5,No
E100441,2019,4,No
E100441,2020,3,No
E100442,2022,4,No
E100442,2023,2,No
E100442,2024,5,No
E100442,2025,4,Yes
E100443,2020,4,No
E100444,2019,2,No
E100444,2020,3,No
E100444,2021,4,No
E100444,2022,2,No
E100445,2023,3,No
E100446,2023,5,No
E100446,2024,3,No
E100447,2018,4,No
E100447,2019,4,No
E100447,2020,3,Yes
E100448,2020,4,No
E100449,2023,3,No
E100449,2024,3,No
E100450,2017,3,No
E100450,2018,2,No
E100451,2019,4,Yes
E100451,2020,3,Yes
E100452,2023,4,Yes
E100453,2023,3,No
E100453,2024,4,No
E100453,2025,3,No
E100453,2026,3,No
E100454,2018,4,No
E100454,2019,4,No
E100455,2022,3,No
E100455,2023,4,No
E100456,2021,5,No
E100457,2023,3,No
E100457,2024,3,No
E100458,2021,3,No
E100458,2022,4,No
E100458,2023,3,No
E100458,2024,2,No
E100459,2018,4,No
E100459,2019,3,No
E100459,2020,4,Yes
E100460,2021,4,No
E100460,2022,3,No
E100461,2017,2,No
E100461,2018,5,No
E100462,2018,4,No
E100462,2019,4,No
E100462,2020,2,No
E100462,2021,3,No
E100463,2019,4,No
E100463,2020,4,No
E100463,2021,3,No
E100463,2022,5,No
E100464,2022,2,No
E100464,2023,3,No
E100464,2024,4,No
E100465,2020,4,No
E100465,2021,3,Yes
E100466,2020,3,No
E100467,2022,4,No
E100467,2023,3,No
E100468,2019,5,Yes
E100468,2020,4,No
E100469,2023,4,Yes
E100469,2024,3,No
E100469,2025,3,No
E100470,2020,2,No
E100471,2017,3,No
E100471,2018,4,No
E100471,2019,4,No
E100472,2022,4,No
E100472,2023,4,No
E100472,2024,3,No
E100472,2025,3,No
E100473,2023,3,No
E100473,2024,3,No
E100474,2022,2,No
E100474,2023,5,No
E100474,2024,3,Yes
E100475,2019,5,No
E100475,2020,4,No
E100476,2019,5,No
E100476,2020,3,No
E100476,2021,5,No
E100476,2022,4,No
E100477,2017,5,No
E100477,2018,3,No
E100478,2022,3,No
E100478,2023,4,No
E100479,2019,5,No
E100479,2020,4,No
E100480,2020,2,No
E100480,2021,4,No
E100480,2022,5,No
E100480,2023,2,No
E100481,2018,2,No
E100482,2019,4,No
E100482,2020,3,No
E100483,2019,5,Yes
E100483,2020,3,Yes
E100483,2021,4,No
E100484,2020,3,No
E100484,2021,3,No
E100485,2017,4,No
E100485,2018,3,Yes
E100485,2019,4,No
E100485,2020,3,No
E100486,2022,3,No
E100487,2021,5,No
E100487,2022,3,No
E100487,2023,3,Yes
E100488,2021,5,No
E100489,2020,4,No
E100489,2021,4,Yes
E100490,2017,3,No
E100491,2017,4,No
E100492,2022,2,No
E100492,2023,3,No
E100492,2024,3,No
E100492,2025,4,No
E100493,2021,2,No
E100493,2022,4,Yes
E100494,2023,5,No
E100494,2024,3,No
E100494,2025,5,No
E100495,2017,2,No
E100495,2018,3,No
E100495,2019,3,No
E100496,2021,4,No
E100496,2022,3,No
E100496,2023,5,No
E100496,2024,4,No
E100497,2019,4,No
E100497,2020,4,No
E100498,2019,2,Yes
E100498,2020,4,No
E100499,2017,4,No
E100499,2018,5,No
E100499,2019,3,No
E100499,2020,5,No
E100500,2021,3,No
E100500,2022,4,No
E100500,2023,4,No
E100501,2021,4,No
E100501,2022,2,No
E100501,2023,4,Yes
E100501,2024,4,No
E100502,2019,5,No
E100502,2020,5,No
E100503,2019,4,No
E100503,2020,3,No
E100504,2018,4,No
E100504,2019,3,No
E100505,2020,4,Yes
E100505,2021,4,No
E100505,2022,4,No
E100505,2023,2,No
E100506,2017,4,No
E100506,2018,3,No
E100506,2019,4,No
E100507,2023,5,Yes
E100508,2017,3,No
E100508,2018,3,No
E100508,2019,3,No
E100508,2020,4,Yes
E100509,2019,4,No
E100509,2020,2,No
E100509,2021,5,No
E100509,2022,3,No
E100510,2020,3,No
E100510,2021,3,No
E100511,2019,5,No
E100512,2018,4,No
E100513,2021,5,No
E100513,2022,5,No
E100513,2023,4,No
E100513,2024,5,No
E100514,2018,4,No
E100514,2019,4,No
E100514,2020,3,No
E100515,2017,2,No
E100516,2020,5,No
E100516,2021,5,Yes
E100516,2022,4,No
E100516,2023,4,No
E100517,2018,3,No
E100517,2019,2,No
E100517,2020,3,No
E100518,2017,3,No
E100518,2018,2,No
E100518,2019,3,No
E100519,2018,3,No
E100519,2019,4,No
E100519,2020,3,No
E100520,2020,4,No
E100520,2021,3,No
E100521,2019,2,No
E100522,2022,3,No
E100522,2023,3,No
E100522,2024,2,No
E100522,2025,3,No
E100523,2020,3,No
E100523,2021,2,No
E100523,2022,3,No
E100523,2023,2,No
E100524,2020,4,No
E100524,2021,2,No
E100524,2022,5,No
E100525,2019,2,No
E100525,2020,5,No
E100526,2018,3,No
E100526,2019,5,No
E100526,2020,2,No
E100527,2022,4,No
E100527,2023,2,No
E100527,2024,3,Yes
E100528,2023,3,No
E100529,2019,5,No
E100530,2021,4,No
E100531,2018,4,No
E100531,2019,3,No
E100531,2020,3,No
E100532,2023,4,No
E100533,2020,3,No
E100533,2021,4,No
E100533,2022,4,No
E100533,2023,4,No
E100534,2018,3,No
E100535,2022,5,No
E100535,2023,2,Yes
E100535,2024,4,Yes
E100536,2023,4,No
E100537,2021,3,No
E100537,2022,5,No
E100538,2017,2,No
E100538,2018,2,No
E100538,2019,3,No
E100538,2020,3,No
E100539,2018,5,No
E100539,2019,4,No
E100539,2020,4,No
E100540,2022,4,Yes
E100541,2018,3,No
E100542,2017,3,No
E100542,2018,3,No
E100543,2019,3,No
E100543,2020,2,No
E100543,2021,2,No
E100543,2022,5,No
E100544,2021,4,No
E100544,2022,3,Yes
E100544,2023,3,No
E100544,2024,3,No
E100545,2019,3,No
E100545,2020,3,No
E100546,2018,5,No
E100546,2019,4,No
E100546,2020,3,No
E100546,2021,5,No
E100547,2020,4,No
E100547,2021,2,No
E100547,2022,3,No
E100547,2023,3,No
E100548,2023,4,Yes
E100549,2017,2,No
E100549,2018,4,No
E100549,2019,3,Yes
E100549,2020,4,No
E100550,2020,3,No
E100551,2017,4,Yes
E100551,2018,3,No
E100551,2019,4,No
E100552,2020,3,No
E100553,2020,4,Yes
E100553,2021,3,No
E100553,2022,4,No
E100553,2023,3,No
E100554,2022,3,No
E100554,2023,4,No
E100555,2017,3,No
E100555,2018,4,No
E100555,2019,4,Yes
E100556,2022,5,No
E100557,2023,4,No
E100557,2024,3,No
E100557,2025,3,No
E100558,2018,5,No
E100558,2019,4,No
E100558,2020,5,Yes
E100558,2021,4,No
E100559,2020,3,Yes
E100560,2021,3,No
E100560,2022,4,No
E100560,2023,4,No
E100560,2024,4,No
E100561,2018,3,No
E100561,2019,4,No
E100562,2020,4,No
E100562,2021,3,No
E100562,2022,3,No
E100562,2023,4,No
E100563,2017,3,No
E100563,2018,3,No
E100564,2018,4,Yes
E100564,2019,3,No
E100564,2020,3,No
E100564,2021,4,No
E100565,2022,3,No
E100565,2023,2,No
E100566,2022,5,No
E100566,2023,4,Yes
E100566,2024,4,No
E100567,2017,4,No
E100567,2018,2,No
E100567,2019,4,No
E100567,2020,4,No
E100568,2022,4,Yes
E100568,2023,3,No
E100568,2024,3,No
E100568,2025,3,No
E100569,2017,4,No
E100570,2018,5,No
E100570,2019,4,Yes
E100570,2020,4,No
E100571,2017,4,No
E100571,2018,3,No
E100571,2019,2,No
E100572,2022,4,Yes
E100572,2023,3,No
E100572,2024,3,Yes
E100572,2025,2,Yes
E100573,2018,5,No
E100573,2019,4,No
E100573,2020,2,No
E100574,2018,4,Yes
E100575,2019,4,No
E100576,2018,3,No
E100576,2019,4,No
E100576,2020,2,No
E100576,2021,3,No
E100577,2018,3,No
E100577,2019,5,No
E100577,2020,3,No
E100577,2021,3,No
E100578,2020,5,No
E100578,2021,2,No
E100579,2021,3,Yes
E100579,2022,4,No
E100579,2023,4,No
E100579,2024,3,Yes
E100580,2022,4,No
E100580,2023,5,No
E100580,2024,4,No
E100580,2025,3,No
E100581,2019,4,Yes
E100581,2020,2,No
E100581,2021,4,No
E100581,2022,3,No
E100582,2023,3,No
E100582,2024,3,No
E100582,2025,3,No
E100582,2026,3,No
E100583,2022,5,No
E100584,2023,5,No
E100584,2024,4,No
E100585,2022,3,No
E100585,2023,4,No
E100585,2024,4,No
E100586,2019,4,No
E100586,2020,4,Yes
E100586,2021,5,No
E100586,2022,4,No
E100587,2021,4,No
E100587,2022,2,No
E100587,2023,4,No
E100587,2024,3,No
E100588,2019,5,No
E100589,2023,4,No
E100589,2024,4,Yes
E100589,2025,5,No
E100590,2021,5,No
E100590,2022,3,No
E100590,2023,2,No
E100590,2024,3,No
E100591,2019,3,No
E100591,2020,3,No
E100591,2021,4,No
E100592,2020,3,No
E100592,2021,3,No
E100592,2022,4,No
E100592,2023,3,No
E100593,2018,4,Yes
E100593,2019,2,No
E100594,2019,4,Yes
E100594,2020,2,Yes
E100594,2021,2,No
E100594,2022,3,Yes
E100595,2021,3,Yes
E100596,2021,3,No
E100596,2022,3,No
E100596,2023,4,No
E100596,2024,4,No
E100597,2021,4,No
E100597,2022,2,No
E100597,2023,2,No
E100597,2024,3,Yes
E100598,2019,2,No
E100598,2020,3,No
E100599,2019,4,Yes
E100599,2020,5,No
E100599,2021,3,No
E100599,2022,5,No
E100600,2019,4,No
E100600,2020,3,No
E100600,2021,5,No
E100600,2022,5,Yes
E100601,2021,5,No
E100602,2021,3,No
E100602,2022,3,No
E100603,2022,5,No
E100604,2017,4,No
E100605,2018,4,No
E100605,2019,3,Yes
E100606,2022,3,No
E100607,2022,2,No
E100608,2020,3,No
E100608,2021,5,No
E100608,2022,2,No
E100609,2017,4,No
E100609,2018,4,Yes
E100610,2017,4,No
E100610,2018,2,No
E100611,2021,4,No
E100611,2022,3,No
E100611,2023,3,No
E100612,2020,5,No
E100613,2018,4,No
E100613,2019,3,No
E100613,2020,3,Yes
E100614,2021,4,No
E100615,2022,3,No
E100615,2023,4,No
E100616,2019,5,No
E100616,2020,4,No
E100616,2021,2,No
E100616,2022,5,Yes
E100617,2017,4,No
E100617,2018,4,No
E100617,2019,3,Yes
E100618,2019,4,Yes
E100619,2023,3,Yes
E100619,2024,3,No
E100620,2017,3,No
E100620,2018,4,No
E100620,2019,5,No
E100620,2020,3,No
E100621,2023,3,No
E100621,2024,3,No
E100621,2025,5,Yes
E100622,2021,3,No
E100622,2022,4,No
E100623,2022,4,No
E100624,2023,3,No
E100624,2024,3,No
E100624,2025,2,No
E100625,2019,4,Yes
E100626,2023,5,No
E100627,2022,3,No
E100627,2023,3,No
E100628,2020,5,No
E100629,2023,3,Yes
E100629,2024,3,Yes
E100629,2025,5,No
E100629,2026,4,No
E100630,2018,4,No
E100630,2019,3,No
E100631,2020,5,No
E100631,2021,2,Yes
E100631,2022,4,No
E100631,2023,3,No
E100632,2023,4,No
E100632,2024,5,No
E100632,2025,3,No
E100633,2018,4,No
E100633,2019,5,No
E100634,2021,2,No
E100634,2022,3,No
E100634,2023,5,No
E100635,2019,3,No
E100635,2020,5,No
E100635,2021,2,No
E100635,2022,4,No
E100636,2019,3,No
E100637,2020,3,No
E100637,2021,3,Yes
E100637,2022,2,No
E100637,2023,4,No
E100638,2019,2,No
E100638,2020,4,No
E100638,2021,4,No
E100639,2023,5,No
E100639,2024,4,No
E100639,2025,4,No
E100639,2026,4,No
E100640,2017,3,No
E100640,2018,3,No
E100640,2019,4,No
E100640,2020,3,No
E100641,2021,3,No
E100641,2022,2,No
E100641,2023,3,No
E100641,2024,4,No
E100642,2022,4,No
E100642,2023,2,No
E100642,2024,3,No
E100643,2017,5,No
E100644,2022,5,No
E100645,2017,4,No
E100645,2018,4,Yes
E100645,2019,5,Yes
E100645,2020,3,Yes
E100646,2022,3,No
E100647,2018,4,No
E100647,2019,3,No
E100647,2020,5,No
E100647,2021,3,No
E100648,2022,4,No
E100648,2023,4,No
E100649,2020,4,No
E100649,2021,4,No
E100650,2022,4,Yes
E100650,2023,3,No
E100650,2024,4,No
E100651,2021,3,Yes
E100651,2022,4,No
E100651,2023,4,No
E100652,2023,3,No
E100652,2024,4,No
E100652,2025,2,No
E100653,2020,2,No
E100653,2021,3,Yes
E100653,2022,4,No
E100654,2022,5,No
E100655,2020,3,No
E100655,2021,3,No
E100655,2022,4,No
E100656,2018,2,No
E100656,2019,2,No
E100657,2022,3,No
E100657,2023,4,No
E100657,2024,2,No
E100657,2025,4,Yes
E100658,2022,5,Yes
E100658,2023,3,No
E100658,2024,4,No
E100658,2025,4,No
E100659,2021,5,No
E100659,2022,2,No
E100659,2023,4,No
E100659,2024,4,No
E100660,2018,2,No
E100660,2019,3,No
E100661,2021,5,No
E100661,2022,4,No
E100661,2023,3,No
E100661,2024,2,No
E100662,2022,2,No
E100662,2023,5,No
E100662,2024,5,No
E100662,2025,4,No
E100663,2018,4,No
E100663,2019,4,No
E100663,2020,2,Yes
E100663,2021,3,No
E100664,2023,3,No
E100664,2024,3,No
E100664,2025,2,No
E100665,2023,3,No
E100665,2024,3,No
E100666,2019,2,No
E100666,2020,2,No
E100667,2017,4,No
E100668,2017,3,No
E100668,2018,3,No
E100668,2019,2,No
E100669,2018,4,No
E100670,2018,3,Yes
E100670,2019,2,No
E100670,2020,4,No
E100670,2021,4,No
E100671,2018,3,No
E100672,2020,5,No
E100672,2021,4,No
E100672,2022,3,No
E100673,2018,3,Yes
E100673,2019,4,No
E100673,2020,5,No
E100673,2021,3,No
E100674,2023,5,No
E100674,2024,4,No
E100674,2025,2,No
E100675,2023,3,No
E100675,2024,3,No
E100675,2025,4,No
E100676,2017,4,No
E100676,2018,3,No
E100676,2019,5,No
E100676,2020,3,No
E100677,2017,3,No
E100678,2023,2,No
E100678,2024,4,No
E100678,2025,3,No
E100679,2019,5,No
E100679,2020,4,No
E100679,2021,5,No
E100680,2018,4,No
E100680,2019,4,No
E100680,2020,4,No
E100680,2021,4,Yes
E100681,2018,4,No
E100682,2020,4,No
E100682,2021,3,No
E100682,2022,5,No
E100682,2023,3,Yes
E100683,2020,3,No
E100683,2021,4,No
E100683,2022,2,No
E100683,2023,5,No
E100684,2019,3,No
E100685,2019,4,No
E100686,2017,3,No
E100686,2018,3,No
E100686,2019,5,No
E100687,2021,3,No
E100688,2020,3,No
E100688,2021,4,No
E100689,2021,5,No
E100689,2022,2,No
E100690,2017,3,No
E100690,2018,4,No
E100690,2019,4,No
E100691,2023,2,No
E100692,2017,3,No
E100693,2019,3,Yes
E100694,2022,2,No
E100695,2020,3,No
E100696,2019,5,No
E100697,2020,4,No
E100698,2019,2,No
E100699,2022,2,No
E100699,2023,3,Yes
E100700,2021,3,No
E100700,2022,3,No
E100700,2023,3,No
E100701,2017,5,No
E100702,2019,4,No
E100702,2020,3,Yes
E100703,2021,3,No
E100703,2022,5,No
E100704,2022,2,No
E100705,2018,4,Yes
E100705,2019,3,No
E100706,2019,3,No
E100706,2020,3,No
E100706,2021,4,No
E100706,2022,5,No
E100707,2019,4,No
E100707,2020,4,No
E100708,2020,4,No
E100708,2021,4,No
E100708,2022,3,No
E100708,2023,5,No
E100709,2023,2,No
E100709,2024,4,No
E100710,2021,2,No
E100710,2022,3,No
E100710,2023,3,Yes
E100711,2021,4,No
E100711,2022,3,Yes
E100712,2017,2,No
E100712,2018,4,No
E100712,2019,4,Yes
E100712,2020,2,No
E100713,2017,4,No
E100714,2018,4,No
E100714,2019,5,No
E100715,2023,2,No
E100715,2024,2,No
E100715,2025,3,No
E100716,2017,4,No
E100716,2018,4,No
E100717,2023,3,No
E100717,2024,3,No
E100718,2022,3,No
E100718,2023,5,No
E100718,2024,2,No
E100719,2023,4,No
E100720,2020,4,No
E100720,2021,4,No
E100721,2022,3,No
E100721,2023,5,Yes
E100721,2024,5,No
E100721,2025,4,Yes
E100722,2023,2,No
E100723,2023,4,No
E100723,2024,4,No
E100724,2021,4,No
E100724,2022,5,No
E100724,2023,4,No
E100725,2017,3,No
E100725,2018,3,No
E100725,2019,4,No
E100726,2019,4,Yes
E100726,2020,3,Yes
E100726,2021,2,No
E100727,2021,4,Yes
E100727,2022,5,Yes
E100727,2023,2,No
E100727,2024,4,Yes
E100728,2022,2,No
E100728,2023,4,No
E100728,2024,5,No
E100728,2025,5,Yes
E100729,2021,5,No
E100729,2022,4,No
E100729,2023,3,No
E100729,2024,2,No
E100730,2019,5,No
E100730,2020,5,No
E100730,2021,3,No
E100731,2018,5,No
E100732,2017,3,No
E100732,2018,2,No
E100732,2019,4,No
E100732,2020,5,No
E100733,2020,3,No
E100733,2021,4,No
E100733,2022,3,No
E100734,2017,3,No
E100735,2018,4,No
E100735,2019,4,No
E100735,2020,5,No
E100736,2017,4,No
E100736,2018,2,No
E100736,2019,4,Yes
E100736,2020,3,No
E100737,2021,2,No
E100737,2022,2,No
E100737,2023,3,No
E100737,2024,4,No
E100738,2017,4,No
E100738,2018,5,No
E100738,2019,3,No
E100738,2020,3,No
E100739,2023,4,No
E100740,2022,4,No
E100741,2020,4,No
E100741,2021,3,No
E100742,2022,2,No
E100742,2023,3,No
E100743,2017,3,No
E100743,2018,4,No
E100743,2019,3,No
E100743,2020,3,No
E100744,2019,2,No
E100744,2020,4,No
E100744,2021,5,No
E100744,2022,3,No
E100745,2021,3,No
E100746,2023,2,No
E100746,2024,3,No
E100746,2025,5,No
E100746,2026,2,No
E100747,2021,3,No
E100747,2022,2,No
E100748,2019,3,Yes
E100748,2020,4,Yes
E100748,2021,5,No
E100749,2023,4,No
E100749,2024,4,No
E100749,2025,5,No
E100750,2022,2,No
E100750,2023,4,No
E100750,2024,4,No
E100750,2025,5,No
E100751,2023,2,No
E100751,2024,5,No
E100751,2025,3,No
E100752,2018,3,No
E100752,2019,5,No
E100752,2020,3,No
E100753,2021,5,Yes
E100754,2020,3,Yes
E100754,2021,2,No
E100754,2022,3,No
E100755,2018,3,No
E100755,2019,4,Yes
E100755,2020,3,No
E100756,2023,4,No
E100756,2024,3,No
E100756,2025,3,No
E100756,2026,3,Yes
E100757,2018,2,No
E100757,2019,2,No
E100757,2020,3,No
E100757,2021,3,No
E100758,2021,3,No
E100758,2022,3,No
E100758,2023,4,No
E100758,2024,3,Yes
E100759,2017,3,No
E100760,2018,4,No
E100760,2019,4,No
E100761,2017,2,No
E100761,2018,4,No
E100762,2021,4,Yes
E100762,2022,3,No
E100763,2019,2,No
E100764,2018,4,No
E100764,2019,3,No
E100764,2020,4,Yes
E100764,2021,3,No
E100765,2017,3,No
E100765,2018,5,No
E100765,2019,3,No
E100765,2020,2,Yes
E100766,2019,4,No
E100767,2020,3,No
E100767,2021,4,No
E100767,2022,5,No
E100767,2023,4,No
E100768,2022,4,No
E100768,2023,3,No
E100769,2023,2,No
E100770,2023,4,No
E100770,2024,3,No
E100770,2025,4,No
E100770,2026,3,No
E100771,2020,4,No
E100772,2017,3,Yes
E100772,2018,4,No
E100773,2023,3,No
E100773,2024,3,Yes
E100773,2025,4,Yes
E100774,2018,3,Yes
E100774,2019,4,No
E100775,2020,3,No
E100775,2021,3,No
E100775,2022,4,No
E100776,2019,4,No
E100777,2020,4,No
E100777,2021,4,No
E100778,2020,4,No
E100779,2020,4,No
E100779,2021,4,No
E100779,2022,3,Yes
E100780,2022,5,No
E100780,2023,2,No
E100780,2024,2,No
E100780,2025,3,No
E100781,2021,3,No
E100781,2022,3,No
E100782,2023,4,No
E100783,2019,2,No
E100783,2020,4,No
E100784,2018,4,No
E100785,2022,3,No
E100785,2023,4,Yes
E100785,2024,3,No
E100785,2025,2,No
E100786,2019,3,No
E100786,2020,3,Yes
E100786,2021,2,No
E100787,2020,4,No
E100787,2021,2,No
E100787,2022,3,No
E100787,2023,4,No
E100788,2017,3,No
E100788,2018,5,No
E100789,2018,2,No
E100789,2019,3,No
E100789,2020,3,No
E100790,2021,5,No
E100790,2022,4,No
E100791,2022,4,No
E100791,2023,3,No
E100791,2024,4,No
E100792,2022,4,Yes
E100792,2023,4,No
E100792,2024,4,No
E100793,2019,4,No
E100793,2020,3,No
E100793,2021,4,No
E100793,2022,3,No
E100794,2023,2,No
E100795,2022,4,No
E100795,2023,3,No
E100796,2017,3,Yes
E100796,2018,4,No
E100797,2017,4,No
E100798,2022,4,No
E100798,2023,4,No
E100799,2019,5,Yes
E100800,2019,4,No
E100801,2018,3,No
E100801,2019,5,Yes
E100802,2017,5,No
E100803,2020,4,No
E100804,2017,4,No
E100805,2020,3,No
E100805,2021,4,No
E100805,2022,5,No
E100805,2023,3,No
E100806,2020,3,No
E100806,2021,2,No
E100807,2020,3,No
E100807,2021,3,No
E100807,2022,4,No
E100807,2023,2,No
E100808,2021,4,No
E100808,2022,3,Yes
E100808,2023,4,No
E100809,2023,5,No
E100809,2024,2,No
E100809,2025,3,No
E100810,2018,4,No
E100810,2019,3,No
E100811,2018,4,No
E100811,2019,2,Yes
E100811,2020,5,No
E100811,2021,3,No
E100812,2019,4,No
E100812,2020,2,No
E100813,2021,4,No
E100814,2023,4,No
E100815,2023,5,No
E100815,2024,5,No
E100815,2025,3,No
E100816,2018,2,No
E100816,2019,3,Yes
E100817,2023,3,No
E100817,2024,4,No
E100817,2025,3,No
E100817,2026,2,No
E100818,2019,4,No
E100818,2020,3,No
E100819,2020,2,Yes
E100819,2021,3,No
E100819,2022,2,No
E100820,2023,4,No
E100820,2024,3,Yes
E100821,2022,2,No
E100821,2023,3,No
E100821,2024,2,No
E100821,2025,5,No
E100822,2020,2,No
E100822,2021,5,No
E100823,2022,2,No
E100824,2020,5,No
E100824,2021,4,Yes
E100824,2022,3,No
E100824,2023,4,No
E100825,2019,4,No
E100825,2020,3,No
E100825,2021,2,No
E100826,2019,3,Yes
E100827,2023,5,No
E100827,2024,3,No
E100827,2025,4,No
E100827,2026,2,No
E100828,2022,5,Yes
E100828,2023,3,No
E100828,2024,2,No
E100829,2018,4,No
E100830,2022,3,Yes
E100830,2023,2,No
E100830,2024,3,No
E100831,2019,4,No
E100831,2020,2,No
E100832,2022,3,No
E100832,2023,4,No
E100833,2017,3,No
E100833,2018,3,No
E100833,2019,5,No
E100833,2020,5,No
E100834,2019,4,No
E100835,2018,3,No
E100835,2019,5,No
E100836,2018,5,No
E100836,2019,4,No
E100837,2019,2,No
E100837,2020,4,Yes
E100837,2021,5,No
E100838,2023,4,No
E100838,2024,3,No
E100838,2025,5,No
E100839,2020,2,No
E100840,2019,5,Yes
E100840,2020,4,No
E100840,2021,3,No
E100840,2022,4,No
E100841,2022,2,No
E100841,2023,3,No
E100842,2022,4,No
E100842,2023,5,No
E100842,2024,2,No
E100842,2025,4,No
E100843,2021,4,No
E100843,2022,3,No
E100843,2023,3,No
E100844,2023,3,No
E100844,2024,2,No
E100844,2025,4,No
E100844,2026,3,Yes
E100845,2020,2,No
E100845,2021,3,No
E100845,2022,4,Yes
E100846,2022,5,No
E100846,2023,4,Yes
E100846,2024,4,No
E100847,2021,5,No
E100847,2022,3,Yes
E100847,2023,4,No
E100848,2021,4,No
E100848,2022,3,No
E100849,2018,4,No
E100849,2019,4,No
E100850,2018,4,No
E100850,2019,5,No
E100850,2020,4,No
E100851,2023,3,No
E100851,2024,4,No
E100851,2025,3,No
E100851,2026,3,Yes
E100852,2017,3,No
E100852,2018,5,No
E100853,2018,4,No
E100853,2019,2,No
E100854,2017,3,No
E100854,2018,3,Yes
E100855,2021,3,No
E100855,2022,3,No
E100856,2021,2,No
E100857,2019,2,No
E100857,2020,3,No
E100857,2021,4,No
E100858,2019,4,No
E100858,2020,4,No
E100858,2021,5,No
E100858,2022,3,No
E100859,2017,2,No
E100859,2018,4,No
E100859,2019,5,No
E100859,2020,2,No
E100860,2017,3,No
E100861,2018,3,Yes
E100862,2021,4,No
E100862,2022,2,No
E100862,2023,4,No
E100863,2022,3,No
E100864,2020,2,No
E100865,2023,5,No
E100865,2024,2,No
E100865,2025,2,No
E100866,2017,4,Yes
E100867,2021,2,No
E100867,2022,3,No
E100868,2022,3,No
E100868,2023,3,No
E100869,2023,4,No
E100870,2020,4,No
E100870,2021,3,No
E100871,2017,3,No
E100871,2018,4,No
E100871,2019,3,Yes
E100872,2017,4,No
E100872,2018,4,No
E100872,2019,3,No
E100872,2020,3,No
E100873,2019,4,No
E100873,2020,4,No
E100874,2020,3,Yes
E100874,2021,4,No
E100875,2023,3,No
E100875,2024,4,Yes
E100876,2018,5,No
E100877,2023,3,No
E100877,2024,2,No
E100877,2025,2,No
E100878,2021,3,No
E100878,2022,4,No
E100879,2017,3,No
E100880,2019,2,No
E100880,2020,3,No
E100880,2021,2,No
E100880,2022,2,Yes
E100881,2021,2,No
E100881,2022,3,No
E100882,2017,4,No
E100882,2018,2,No
E100882,2019,3,No
E100883,2019,3,No
E100883,2020,4,No
E100883,2021,3,No
E100883,2022,3,Yes
E100884,2021,4,No
E100884,2022,3,No
E100884,2023,3,No
E100884,2024,2,No
E100885,2017,3,No
E100886,2017,4,No
E100887,2019,3,No
E100888,2021,2,No
E100888,2022,3,Yes
E100889,2023,5,No
E100890,2021,5,No
E100890,2022,2,No
E100890,2023,3,No
E100891,2021,2,No
E100891,2022,5,No
E100891,2023,2,No
E100892,2018,5,No
E100892,2019,3,No
E100893,2023,3,No
E100893,2024,4,No
E100893,2025,3,No
E100893,2026,2,No
E100894,2023,4,No
E100894,2024,2,No
E100895,2017,4,Yes
E100895,2018,3,No
E100895,2019,3,Yes
E100896,2022,3,No
E100897,2023,2,No
E100897,2024,3,No
E100897,2025,4,No
E100898,2017,3,No
E100898,2018,4,No
E100898,2019,5,No
E100899,2017,5,No
E100899,2018,3,No
E100899,2019,5,No
E100900,2020,2,No
E100900,2021,4,No
E100901,2022,5,No
E100901,2023,5,No
E100902,2023,3,No
E100903,2021,3,No
E100903,2022,3,No
E100904,2017,4,No
E100904,2018,4,No
E100905,2019,3,No
E100905,2020,4,No
E100905,2021,4,No
E100906,2022,4,No
E100906,2023,3,No
E100906,2024,4,No
E100907,2022,4,No
E100908,2021,3,Yes
E100908,2022,5,No
E100909,2017,3,No
E100910,2019,4,No
E100911,2019,2,No
E100911,2020,3,No
E100912,2020,2,No
E100912,2021,3,No
E100913,2022,3,No
E100913,2023,4,No
E100913,2024,4,No
E100913,2025,5,No
E100914,2022,4,No
E100915,2020,3,No
E100915,2021,3,No
E100916,2021,4,No
E100916,2022,4,No
E100917,2021,4,No
E100917,2022,3,No
E100917,2023,4,No
E100918,2019,4,No
E100919,2022,4,No
E100920,2022,2,No
E100920,2023,4,No
E100920,2024,5,No
E100921,2022,4,No
E100921,2023,3,No
E100921,2024,2,No
E100921,2025,4,No
E100922,2022,4,No
E100922,2023,3,No
E100922,2024,3,No
E100922,2025,3,No
E100923,2023,4,Yes
E100923,2024,4,No
E100923,2025,3,No
E100924,2017,4,No
E100924,2018,4,No
E100924,2019,5,No
E100924,2020,4,No
E100925,2022,3,No
E100926,2017,3,No
E100926,2018,3,No
E100926,2019,3,No
E100927,2020,4,No
E100928,2020,4,No
E100928,2021,2,Yes
E100929,2021,3,No
E100929,2022,4,No
E100929,2023,3,Yes
E100930,2018,2,Yes
E100931,2020,2,No
E100931,2021,5,Yes
E100932,2018,3,No
E100932,2019,3,No
E100933,2020,4,No
E100933,2021,4,No
E100934,2017,4,Yes
E100934,2018,5,No
E100935,2021,5,No
E100935,2022,3,No
E100936,2019,2,No
E100936,2020,2,No
E100937,2017,4,No
E100938,2022,4,Yes
E100938,2023,4,No
E100939,2021,4,No
E100939,2022,4,No
E100939,2023,4,No
E100940,2019,3,No
E100940,2020,3,No
E100940,2021,4,No
E100941,2019,4,No
E100941,2020,4,No
E100941,2021,4,Yes
E100942,2021,5,No
E100942,2022,3,No
E100942,2023,2,No
E100942,2024,4,No
E100943,2019,4,No
E100943,2020,4,Yes
E100944,2021,3,No
E100945,2021,4,No
E100946,2017,3,No
E100947,2022,2,No
E100948,2017,4,No
E100949,2019,3,No
E100949,2020,4,No
E100949,2021,3,Yes
E100949,2022,4,Yes
E100950,2018,3,No
E100950,2019,3,No
E100951,2020,3,No
E100951,2021,4,No
E100951,2022,5,No
E100951,2023,4,No
E100952,2017,3,No
E100952,2018,3,Yes
E100953,2020,4,No
E100953,2021,2,No
E100953,2022,5,No
E100954,2018,3,No
E100955,2020,5,No
E100955,2021,3,Yes
E100955,2022,3,No
E100956,2020,4,No
E100957,2022,3,No
E100957,2023,3,No
E100957,2024,2,No
E100957,2025,3,Yes
E100958,2020,4,No
E100958,2021,4,No
E100958,2022,3,Yes
E100959,2019,4,No
E100960,2019,4,No
E100960,2020,3,No
E100961,2017,2,No
E100961,2018,4,No
E100961,2019,2,No
E100961,2020,3,No
E100962,2021,4,No
E100962,2022,3,No
E100963,2022,3,No
E100964,2021,3,No
E100964,2022,5,No
E100964,2023,4,No
E100965,2021,3,No
E100965,2022,5,No
E100965,2023,3,No
E100965,2024,2,No
E100966,2021,2,No
E100966,2022,2,No
E100966,2023,4,No
E100967,2020,3,Yes
E100967,2021,4,No
E100968,2018,3,No
E100968,2019,4,No
E100968,2020,2,No
E100968,2021,4,No
E100969,2021,4,No
E100969,2022,4,Yes
E100970,2020,3,No
E100970,2021,3,No
E100971,2021,4,No
E100971,2022,5,No
E100971,2023,3,No
E100971,2024,4,No
E100972,2019,5,No
E100972,2020,4,No
E100972,2021,5,Yes
E100972,2022,4,No
E100973,2017,2,Yes
E100974,2020,2,No
E100974,2021,5,No
E100974,2022,4,Yes
E100974,2023,2,No
E100975,2019,4,No
E100975,2020,3,No
E100975,2021,4,No
E100975,2022,5,No
E100976,2023,5,Yes
E100976,2024,3,No
E100976,2025,3,Yes
E100976,2026,3,No
E100977,2020,4,No
E100978,2017,4,Yes
E100979,2021,4,No
E100979,2022,5,No
E100979,2023,3,No
E100979,2024,2,No
E100980,2017,2,No
E100980,2018,4,Yes
E100980,2019,3,No
E100981,2017,5,No
E100981,2018,5,No
E100982,2018,4,No
E100982,2019,2,No
E100983,2022,4,No
E100983,2023,2,No
E100983,2024,3,No
E100984,2018,4,No
E100984,2019,3,No
E100984,2020,2,No
E100984,2021,4,No
E100985,2018,3,No
E100985,2019,3,No
E100985,2020,5,No
E100985,2021,3,No
E100986,2017,4,No
E100986,2018,3,Yes
E100986,2019,5,No
E100986,2020,3,No
E100987,2022,4,No
E100987,2023,3,No
E100987,2024,4,No
E100987,2025,2,No
E100988,2018,3,Yes
E100988,2019,2,No
E100988,2020,4,No
E100988,2021,3,No
E100989,2019,3,No
E100990,2019,4,No
E100990,2020,5,No
E100991,2018,4,No
E100992,2020,3,No
E100992,2021,5,No
E100992,2022,4,No
E100992,2023,3,No
E100993,2018,4,No
E100993,2019,2,No
E100994,2021,4,No
E100994,2022,4,No
E100994,2023,4,No
E100994,2024,5,No
E100995,2020,2,No
E100996,2018,3,No
E100996,2019,2,No
E100996,2020,2,No
E100996,2021,3,No
E100997,2021,4,No
E100997,2022,5,No
E100998,2020,2,No
E100999,2018,5,Yes
E100999,2019,4,Yes
E100999,2020,3,No
E101000,2019,3,No
E101000,2020,3,No
E101000,2021,4,Yes
E101001,2022,5,No
E101002,2018,3,No
E101002,2019,3,No
E101003,2020,4,Yes
E101003,2021,3,No
E101003,2022,3,No
E101004,2021,5,Yes
E101004,2022,3,Yes
E101004,2023,4,No
E101004,2024,4,No
E101005,2019,2,No
E101005,2020,4,No
E101005,2021,4,No
E101006,2023,2,No
E101006,2024,4,Yes
E101006,2025,4,No
E101006,2026,3,No
E101007,2020,5,No
E101007,2021,4,No
E101008,2018,4,No
E101009,2022,4,No
E101009,2023,2,No
E101009,2024,2,No
E101009,2025,4,No
E101010,2023,5,Yes
E101010,2024,3,No
E101010,2025,3,No
E101011,2020,4,No
E101011,2021,4,No
E101011,2022,4,No
E101012,2019,3,No
E101012,2020,2,No
E101012,2021,4,No
E101013,2018,3,No
E101013,2019,3,No
E101014,2023,3,No
E101014,2024,5,No
E101014,2025,4,No
E101014,2026,3,No
E101015,2019,3,No
E101016,2017,4,Yes
E101016,2018,5,No
E101016,2019,4,No
E101016,2020,4,No
E101017,2017,3,No
E101017,2018,3,No
E101018,2021,2,No
E101018,2022,4,No
E101018,2023,5,No
E101019,2019,2,No
E101019,2020,2,No
E101020,2019,2,No
E101021,2018,4,No
E101021,2019,5,No
E101021,2020,2,No
E101022,2019,3,No
E101022,2020,3,No
E101023,2018,3,No
E101023,2019,3,No
E101023,2020,4,No
E101023,2021,5,No
E101024,2018,4,No
E101024,2019,4,No
E101025,2023,5,Yes
E101025,2024,4,No
E101025,2025,5,No
E101025,2026,3,No
E101026,2017,2,Yes
E101027,2018,3,No
E101028,2021,3,No
E101029,2020,3,No
E101029,2021,4,Yes
E101029,2022,4,Yes
E101029,2023,4,No
E101030,2023,4,No
E101030,2024,4,No
E101031,2023,4,No
E101031,2024,3,No
E101031,2025,4,No
E101032,2022,3,No
E101032,2023,3,No
E101033,2019,4,No
E101033,2020,3,No
E101033,2021,3,No
E101034,2018,3,No
E101034,2019,5,No
E101035,2021,2,No
E101035,2022,4,No
E101035,2023,4,Yes
E101035,2024,3,No
E101036,2022,4,No
E101036,2023,2,No
E101037,2017,4,No
E101038,2019,3,No
E101038,2020,4,No
E101038,2021,5,No
E101039,2020,2,No
E101040,2018,4,No
E101040,2019,4,Yes
E101040,2020,4,Yes
E101040,2021,3,No
E101041,2021,3,No
E101041,2022,4,No
E101041,2023,4,No
E101042,2017,4,No
E101042,2018,3,No
E101042,2019,4,No
E101043,2022,4,No
E101043,2023,4,No
E101043,2024,3,No
E101043,2025,4,No
E101044,2018,2,No
E101044,2019,4,Yes
E101044,2020,2,Yes
E101045,2017,3,No
E101045,2018,3,No
E101045,2019,4,No
E101046,2020,5,Yes
E101046,2021,5,No
E101046,2022,4,No
E101046,2023,3,No
E101047,2018,4,No
E101048,2017,4,No
E101048,2018,3,No
E101048,2019,3,No
E101048,2020,5,No
E101049,2018,4,Yes
E101049,2019,3,No
E101050,2019,4,Yes
E101050,2020,3,No
E101050,2021,3,No
E101051,2018,4,No
E101051,2019,2,Yes
E101051,2020,4,No
E101051,2021,4,No
E101052,2018,3,No
E101052,2019,5,Yes
E101052,2020,3,No
E101053,2018,5,No
E101053,2019,4,No
E101054,2018,3,No
E101054,2019,3,Yes
E101055,2017,4,Yes
E101056,2023,3,No
E101057,2022,4,No
E101057,2023,2,No
E101057,2024,4,No
E101057,2025,4,No
E101058,2020,3,No
E101058,2021,3,No
E101058,2022,4,No
E101058,2023,5,No
E101059,2022,3,No
E101059,2023,3,No
E101059,2024,2,No
E101059,2025,3,No
E101060,2020,2,No
E101061,2022,2,No
E101061,2023,4,Yes
E101061,2024,3,No
E101062,2018,3,No
E101062,2019,2,Yes
E101062,2020,2,No
E101063,2018,4,No
E101063,2019,4,No
E101064,2018,2,No
E101064,2019,3,Yes
E101065,2017,4,No
E101065,2018,3,No
E101065,2019,2,Yes
E101065,2020,4,No
E101066,2023,3,No
E101066,2024,4,No
E101067,2018,2,Yes
E101068,2019,3,No
E101068,2020,2,No
E101068,2021,4,No
E101069,2023,3,No
E101069,2024,4,No
E101070,2022,4,No
E101070,2023,2,No
E101070,2024,4,No
E101070,2025,2,No
E101071,2017,5,No
E101072,2018,3,No
E101073,2017,2,No
E101073,2018,2,No
E101073,2019,4,No
E101074,2021,3,No
E101074,2022,4,No
E101074,2023,2,Yes
E101074,2024,4,No
E101075,2019,4,No
E101076,2018,3,No
E101076,2019,4,No
E101077,2017,4,No
E101077,2018,4,Yes
E101077,2019,2,No
E101077,2020,5,No
E101078,2018,3,No
E101078,2019,2,No
E101079,2017,4,No
E101079,2018,4,No
E101079,2019,3,No
E101079,2020,4,No
E101080,2019,5,Yes
E101080,2020,3,No
E101081,2022,5,No
E101081,2023,3,No
E101082,2023,5,No
E101082,2024,3,No
E101083,2022,3,No
E101084,2019,3,No
E101085,2021,3,No
E101085,2022,5,No
E101085,2023,2,No
E101086,2020,3,No
E101086,2021,3,No
E101086,2022,3,No
E101086,2023,4,No
E101087,2023,2,No
E101087,2024,4,No
E101088,2018,4,No
E101088,2019,2,Yes
E101089,2021,2,No
E101090,2022,3,Yes
E101090,2023,5,No
E101091,2017,4,No
E101092,2020,4,No
E101092,2021,4,No
E101092,2022,2,No
E101092,2023,3,No
E101093,2019,3,No
E101093,2020,3,No
E101093,2021,2,No
E101093,2022,5,Yes
E101094,2021,4,No
E101094,2022,4,No
E101094,2023,4,No
E101094,2024,3,No
E101095,2022,3,No
E101095,2023,4,No
E101096,2022,4,No
E101096,2023,5,No
E101096,2024,5,No
E101096,2025,4,No
E101097,2021,3,No
E101097,2022,2,No
E101098,2019,5,No
E101098,2020,5,No
E101099,2018,3,No
E101099,2019,3,No
E101100,2019,2,No
E101101,2019,3,No
E101102,2021,4,No
E101103,2020,3,No
E101103,2021,4,No
E101103,2022,3,Yes
E101104,2022,4,No
E101105,2021,4,No
E101105,2022,4,No
E101106,2018,2,No
E101106,2019,4,No
E101107,2018,5,No
E101107,2019,2,No
E101108,2018,4,No
E101109,2021,4,Yes
E101109,2022,4,No
E101109,2023,3,No
E101109,2024,4,No
E101110,2021,3,No
E101111,2023,4,No
E101111,2024,4,No
E101111,2025,3,No
E101111,2026,4,Yes
E101112,2022,3,No
E101112,2023,3,No
E101112,2024,5,No
E101112,2025,5,No
E101113,2022,3,No
E101113,2023,5,Yes
E101114,2020,4,No
E101115,2019,3,Yes
E101115,2020,4,No
E101116,2020,3,No
E101117,2022,3,No
E101117,2023,4,No
E101117,2024,5,No
E101118,2023,3,No
E101118,2024,5,No
E101118,2025,4,No
E101118,2026,4,No
E101119,2020,4,No
E101119,2021,3,No
E101120,2017,4,No
E101120,2018,2,No
E101120,2019,3,No
E101120,2020,3,No
E101121,2021,4,No
E101122,2023,3,No
E101122,2024,4,No
E101123,2020,4,No
E101123,2021,2,No
E101123,2022,3,No
E101123,2023,3,No
E101124,2018,3,No
E101124,2019,4,No
E101124,2020,2,No
E101124,2021,5,No
E101125,2017,3,No
E101125,2018,3,No
E101126,2021,3,No
E101127,2022,3,No
E101127,2023,2,No
E101127,2024,5,No
E101127,2025,4,No
E101128,2018,2,No
E101128,2019,2,No
E101128,2020,4,No
E101129,2019,3,No
E101129,2020,3,No
E101129,2021,5,No
E101129,2022,4,No
E101130,2019,3,No
E101130,2020,5,No
E101130,2021,5,No
E101131,2023,3,Yes
E101132,2023,4,No
E101132,2024,5,No
E101133,2023,3,No
E101133,2024,4,No
E101133,2025,3,No
E101134,2019,5,No
E101135,2020,2,No
E101135,2021,5,No
E101135,2022,2,No
E101136,2021,3,No
E101136,2022,4,No
E101136,2023,4,No
E101137,2020,3,No
E101137,2021,5,No
E101138,2019,3,No
E101139,2022,5,No
E101139,2023,3,No
E101140,2022,3,No
E101140,2023,3,No
E101141,2021,2,No
E101141,2022,2,No
E101142,2023,5,No
E101142,2024,4,No
E101142,2025,2,No
E101143,2020,5,No
E101144,2017,3,No
E101144,2018,3,Yes
E101144,2019,3,No
E101145,2017,3,Yes
E101146,2023,3,No
E101146,2024,3,Yes
E101147,2017,3,No
E101148,2023,3,Yes
E101149,2023,4,No
E101150,2021,4,No
E101150,2022,2,No
E101150,2023,4,No
E101151,2018,4,Yes
E101152,2019,3,No
E101153,2022,2,No
E101153,2023,3,No
E101153,2024,4,No
E101154,2018,4,No
E101154,2019,3,No
E101154,2020,3,Yes
E101155,2022,4,No
E101155,2023,2,No
E101155,2024,4,No
E101155,2025,4,No
E101156,2019,2,No
E101156,2020,4,No
E101157,2023,2,Yes
E101157,2024,3,No
E101157,2025,3,No
E101158,2017,4,No
E101158,2018,3,No
E101158,2019,4,No
E101158,2020,3,No
E101159,2020,4,No
E101159,2021,5,Yes
E101159,2022,4,No
E101160,2018,4,No
E101160,2019,2,No
E101160,2020,3,No
E101161,2023,4,No
E101161,2024,4,Yes
E101161,2025,4,No
E101162,2022,3,No
E101162,2023,2,No
E101163,2021,3,No
E101163,2022,4,No
E101163,2023,3,No
E101163,2024,4,Yes
E101164,2021,4,No
E101165,2018,4,No
E101166,2018,5,No
E101167,2017,3,No
E101167,2018,3,No
E101167,2019,4,No
E101167,2020,2,Yes
E101168,2023,4,No
E101169,2019,4,No
E101169,2020,2,No
E101169,2021,4,No
E101170,2020,5,No
E101170,2021,5,Yes
E101170,2022,3,No
E101171,2018,5,No
E101171,2019,4,No
E101172,2017,2,Yes
E101172,2018,2,No
E101172,2019,3,No
E101172,2020,3,No
E101173,2022,2,Yes
E101173,2023,5,No
E101173,2024,4,Yes
E101173,2025,5,No
E101174,2018,3,No
E101174,2019,3,No
E101175,2017,4,No
E101175,2018,4,No
E101175,2019,4,No
E101175,2020,3,No
E101176,2017,2,No
E101176,2018,5,No
E101176,2019,3,No
E101176,2020,2,No
E101177,2023,2,No
E101177,2024,3,No
E101178,2023,4,No
E101178,2024,5,No
E101178,2025,3,No
E101178,2026,4,No
E101179,2020,4,Yes
E101179,2021,3,No
E101179,2022,2,No
E101179,2023,2,No
E101180,2023,2,No
E101180,2024,4,No
E101180,2025,4,No
E101180,2026,4,No
E101181,2022,4,No
E101181,2023,5,No
E101181,2024,4,No
E101182,2019,3,No
E101183,2018,5,No
E101183,2019,3,No
E101184,2019,5,No
E101184,2020,3,No
E101185,2017,3,No
E101185,2018,3,No
E101186,2020,3,Yes
E101187,2019,2,No
E101187,2020,2,No
E101188,2023,4,Yes
E101189,2017,3,No
E101189,2018,2,No
E101189,2019,4,Yes
E101189,2020,4,No
E101190,2019,3,No
E101190,2020,4,No
E101190,2021,3,No
E101191,2020,4,No
E101191,2021,3,No
E101191,2022,3,No
E101191,2023,4,No
E101192,2022,5,No
E101193,2022,4,No
E101194,2021,3,No
E101194,2022,3,No
E101194,2023,3,Yes
E101195,2020,3,No
E101195,2021,4,No
E101195,2022,3,No
E101195,2023,2,No
E101196,2023,4,No
E101196,2024,4,No
E101196,2025,2,Yes
E101196,2026,2,No
E101197,2021,4,Yes
E101197,2022,3,No
E101198,2022,3,No
E101199,2022,3,No
E101200,2022,4,No
E101200,2023,3,No
E101200,2024,3,No
E101200,2025,5,No
E101201,2018,5,No
E101201,2019,3,No
E101201,2020,3,No
E101201,2021,4,No
E101202,2019,4,No
E101202,2020,2,No
E101202,2021,4,Yes
E101203,2018,4,No
E101203,2019,5,No
E101203,2020,4,No
E101204,2018,4,No
E101204,2019,4,No
E101204,2020,5,No
E101205,2021,4,No
E101205,2022,5,No
E101205,2023,5,No
E101206,2019,3,No
E101206,2020,4,No
E101207,2021,5,No
E101208,2019,4,No
E101209,2020,3,No
E101210,2023,3,No
E101210,2024,5,No
E101210,2025,3,No
E101211,2023,2,No
E101211,2024,3,No
E101211,2025,4,No
E101212,2021,2,No
E101213,2021,3,No
E101213,2022,3,No
E101213,2023,5,No
E101213,2024,2,Yes
E101214,2019,5,No
E101214,2020,4,No
E101215,2019,4,No
E101216,2019,5,Yes
E101217,2023,3,No
E101218,2021,3,No
E101218,2022,4,No
E101219,2019,4,No
E101219,2020,3,No
E101219,2021,3,No
E101219,2022,3,No
E101220,2022,3,No
E101221,2021,5,No
E101221,2022,3,Yes
E101221,2023,4,No
E101222,2020,4,No
E101222,2021,3,No
E101222,2022,3,Yes
E101223,2023,4,No
E101223,2024,3,No
E101223,2025,3,No
E101223,2026,5,No
E101224,2017,2,No
E101224,2018,3,No
E101224,2019,4,No
E101225,2020,4,No
E101225,2021,4,No
E101225,2022,5,No
E101225,2023,3,No
E101226,2022,4,No
E101226,2023,2,No
E101226,2024,3,No
E101227,2019,4,No
E101227,2020,2,No
E101227,2021,4,No
E101227,2022,2,No
E101228,2020,4,No
E101228,2021,4,No
E101229,2018,4,No
E101229,2019,5,No
E101229,2020,4,No
E101229,2021,3,No
E101230,2018,5,No
E101230,2019,3,Yes
E101230,2020,2,No
E101231,2022,5,No
E101231,2023,4,No
E101231,2024,2,No
E101231,2025,5,No
E101232,2022,5,No
E101232,2023,4,No
E101232,2024,2,No
E101233,2023,4,No
E101233,2024,3,No
E101233,2025,3,No
E101233,2026,2,No
E101234,2021,2,Yes
E101234,2022,3,Yes
E101234,2023,4,No
E101235,2020,4,No
E101235,2021,5,No
E101235,2022,3,No
E101235,2023,3,No
E101236,2020,3,No
E101236,2021,3,No
E101236,2022,3,Yes
E101236,2023,4,No
E101237,2018,4,No
E101237,2019,2,No
E101237,2020,4,No
E101237,2021,2,Yes
E101238,2019,2,No
E101238,2020,3,No
E101239,2021,3,No
E101240,2017,3,No
E101240,2018,5,No
E101240,2019,3,No
E101240,2020,5,Yes
E101241,2022,3,No
E101241,2023,4,No
E101241,2024,4,Yes
E101241,2025,4,No
E101242,2019,3,No
E101242,2020,3,No
E101242,2021,3,No
E101243,2020,3,Yes
E101244,2022,5,No
E101244,2023,4,No
E101244,2024,5,No
E101245,2020,4,No
E101245,2021,2,No
E101245,2022,3,No
E101245,2023,4,No
E101246,2023,3,No
E101246,2024,4,No
E101246,2025,4,No
E101246,2026,4,No
E101247,2023,2,No
E101247,2024,3,No
E101247,2025,4,No
E101248,2023,4,No
E101249,2019,2,No
E101249,2020,5,No
E101249,2021,2,No
E101250,2017,3,No
E101250,2018,4,No
E101250,2019,3,No
E101251,2017,4,Yes
E101252,2020,2,Yes
E101253,2023,2,No
E101253,2024,3,No
E101253,2025,3,No
E101253,2026,4,No
E101254,2021,4,No
E101254,2022,3,No
E101254,2023,3,No
E101255,2017,3,No
E101255,2018,3,No
E101255,2019,3,No
E101255,2020,4,Yes
E101256,2022,4,No
E101256,2023,5,No
E101256,2024,4,No
E101257,2021,5,No
E101257,2022,3,No
E101258,2021,4,No
E101259,2021,4,No
E101259,2022,3,No
E101260,2023,3,No
E101260,2024,4,No
E101260,2025,3,No
E101260,2026,3,No
E101261,2021,2,No
E101261,2022,4,No
E101262,2019,4,No
E101262,2020,3,No
E101262,2021,5,No
E101262,2022,4,No
E101263,2017,3,No
E101264,2017,4,No
E101265,2018,3,No
E101265,2019,4,No
E101265,2020,3,Yes
E101265,2021,3,No
E101266,2021,3,Yes
E101266,2022,3,No
E101267,2021,3,No
E101267,2022,3,No
E101267,2023,3,No
E101267,2024,2,No
E101268,2018,4,No
E101268,2019,5,No
E101269,2022,4,No
E101269,2023,4,No
E101269,2024,3,No
E101269,2025,3,No
E101270,2019,3,No
E101270,2020,3,No
E101271,2020,5,No
E101271,2021,4,No
E101272,2019,3,No
E101273,2017,4,No
E101273,2018,5,No
E101273,2019,4,Yes
E101274,2021,5,No
E101274,2022,2,No
E101275,2022,4,No
E101276,2022,4,No
E101276,2023,3,No
E101277,2023,4,Yes
E101277,2024,5,No
E101277,2025,3,No
E101278,2017,2,No
E101278,2018,4,No
E101279,2022,4,No
E101279,2023,4,No
E101279,2024,3,No
E101279,2025,3,No
E101280,2020,4,Yes
E101280,2021,4,No
E101280,2022,4,Yes
E101281,2022,3,No
E101282,2020,4,No
E101282,2021,4,No
E101283,2020,5,No
E101283,2021,3,No
E101284,2020,2,No
E101284,2021,5,No
E101285,2021,4,No
E101285,2022,5,No
E101285,2023,3,No
E101285,2024,2,Yes
E101286,2018,4,No
E101287,2018,5,No
E101287,2019,2,No
E101287,2020,4,No
E101287,2021,5,No
E101288,2018,3,No
E101288,2019,4,Yes
E101288,2020,2,No
E101289,2021,2,No
E101289,2022,2,No
E101289,2023,2,No
E101290,2019,4,No
E101290,2020,3,No
E101290,2021,4,No
E101291,2021,3,No
E101291,2022,3,No
E101292,2020,4,No
E101292,2021,2,No
E101292,2022,5,No
E101293,2023,3,No
E101293,2024,3,No
E101293,2025,3,No
E101294,2017,2,No
E101294,2018,2,No
E101294,2019,4,No
E101294,2020,2,No
E101295,2021,4,Yes
E101295,2022,3,No
E101296,2018,4,No
E101296,2019,3,No
E101296,2020,4,No
E101296,2021,4,Yes
E101297,2019,3,No
E101297,2020,2,No
E101297,2021,4,No
E101298,2018,3,Yes
E101299,2018,4,No
E101299,2019,5,No
E101299,2020,5,No
E101299,2021,4,No
E101300,2019,3,No
E101300,2020,4,No
E101301,2021,5,No
E101301,2022,4,Yes
E101301,2023,3,No
E101302,2020,4,No
E101302,2021,4,No
E101302,2022,4,No
E101303,2020,3,No
E101303,2021,5,No
E101303,2022,3,No
E101303,2023,3,No
E101304,2021,3,No
E101304,2022,5,No
E101305,2022,5,Yes
E101305,2023,4,No
E101306,2022,4,No
E101306,2023,4,No
E101307,2023,3,No
E101307,2024,3,No
E101307,2025,2,No
E101307,2026,3,No
E101308,2022,4,No
E101308,2023,4,No
E101309,2018,5,No
E101309,2019,3,No
E101309,2020,4,Yes
E101310,2019,3,No
E101311,2019,3,No
E101311,2020,2,No
E101312,2022,3,No
E101313,2019,5,Yes
E101313,2020,3,No
E101314,2017,3,No
E101314,2018,4,No
E101314,2019,3,No
E101315,2018,4,No
E101315,2019,3,No
E101316,2018,3,No
E101316,2019,2,No
E101316,2020,4,No
E101317,2021,4,No
E101317,2022,3,No
E101318,2021,4,No
E101319,2020,5,Yes
E101319,2021,3,No
E101320,2017,5,Yes
E101320,2018,2,No
E101321,2018,2,Yes
E101321,2019,2,No
E101321,2020,4,No
E101322,2023,4,No
E101323,2023,3,No
E101323,2024,3,No
E101324,2022,4,No
E101324,2023,4,No
E101325,2020,4,No
E101325,2021,4,No
E101325,2022,4,No
E101325,2023,4,No
E101326,2021,4,No
E101326,2022,5,No
E101326,2023,4,No
E101326,2024,2,Yes
E101327,2017,3,No
E101328,2021,4,Yes
E101328,2022,5,No
E101328,2023,5,No
E101329,2019,3,No
E101330,2017,4,No
E101330,2018,5,No
E101330,2019,4,No
E101331,2019,3,Yes
E101331,2020,3,No
E101331,2021,3,No
E101332,2018,4,No
E101332,2019,4,Yes
E101332,2020,2,Yes
E101332,2021,3,No
E101333,2018,4,No
E101333,2019,5,Yes
E101333,2020,5,No
E101333,2021,5,No
E101334,2018,2,Yes
E101334,2019,5,No
E101334,2020,4,No
E101334,2021,4,No
E101335,2019,3,No
E101336,2021,2,Yes
E101336,2022,3,No
E101337,2019,4,No
E101337,2020,4,No
E101338,2017,3,No
E101338,2018,4,No
E101338,2019,2,No
E101338,2020,5,No
E101339,2019,4,No
E101339,2020,2,No
E101340,2023,3,Yes
E101340,2024,2,Yes
E101340,2025,3,No
E101340,2026,4,No
E101341,2020,4,No
E101341,2021,4,No
E101341,2022,4,No
E101342,2018,3,No
E101342,2019,5,No
E101342,2020,2,No
E101343,2019,3,No
E101343,2020,5,No
E101343,2021,3,No
E101344,2021,5,Yes
E101344,2022,4,No
E101344,2023,3,No
E101344,2024,3,No
E101345,2020,3,No
E101346,2020,3,No
E101347,2022,2,No
E101347,2023,2,No
E101348,2018,3,No
E101348,2019,3,No
E101348,2020,3,No
E101348,2021,2,No
E101349,2022,4,No
E101349,2023,4,No
E101349,2024,4,No
E101349,2025,3,No
E101350,2019,3,Yes
E101350,2020,3,No
E101350,2021,3,No
E101350,2022,3,No
E101351,2023,3,No
E101352,2017,5,No
E101353,2017,3,No
E101353,2018,3,No
E101353,2019,2,No
E101354,2019,3,No
E101354,2020,4,No
E101354,2021,4,No
E101355,2022,4,No
E101356,2020,4,No
E101357,2021,5,No
E101357,2022,4,No
E101357,2023,2,No
E101357,2024,4,No
E101358,2023,3,No
E101358,2024,3,No
E101358,2025,3,Yes
E101359,2018,4,No
E101359,2019,4,No
E101359,2020,4,No
E101359,2021,3,No
E101360,2021,4,No
E101360,2022,3,No
E101360,2023,2,No
E101361,2021,4,No
E101361,2022,5,No
E101361,2023,3,No
E101361,2024,4,No
E101362,2020,3,Yes
E101362,2021,4,No
E101363,2022,4,No
E101364,2019,2,No
E101364,2020,4,Yes
E101364,2021,2,Yes
E101365,2019,2,No
E101365,2020,4,No
E101366,2019,4,No
E101366,2020,5,No
E101367,2018,2,No
E101367,2019,3,No
E101367,2020,3,No
E101367,2021,3,Yes
E101368,2020,3,No
E101369,2018,2,No
E101370,2018,2,No
E101370,2019,3,No
E101370,2020,3,Yes
E101371,2019,5,No
E101372,2018,3,No
E101372,2019,3,No
E101372,2020,5,No
E101373,2022,5,No
E101373,2023,3,No
E101374,2017,4,No
E101375,2020,2,No
E101375,2021,4,No
E101376,2017,3,Yes
E101376,2018,4,No
E101376,2019,2,No
E101376,2020,3,No
E101377,2019,5,No
E101377,2020,3,No
E101377,2021,5,No
E101377,2022,3,Yes
E101378,2020,3,No
E101378,2021,3,No
E101378,2022,3,No
E101379,2020,5,No
E101379,2021,2,No
E101379,2022,4,No
E101380,2022,2,No
E101380,2023,3,No
E101380,2024,3,No
E101381,2022,2,No
E101381,2023,5,No
E101382,2020,4,No
E101383,2020,3,No
E101383,2021,3,No
E101384,2022,4,No
E101384,2023,3,No
E101384,2024,3,Yes
E101384,2025,5,No
E101385,2022,3,No
E101385,2023,3,No
E101385,2024,3,No
E101385,2025,4,No
E101386,2018,5,Yes
E101387,2022,3,No
E101387,2023,2,No
E101387,2024,5,No
E101388,2023,3,No
E101388,2024,3,Yes
E101388,2025,3,No
E101388,2026,4,No
E101389,2020,2,No
E101389,2021,5,No
E101390,2019,4,Yes
E101390,2020,3,No
E101391,2018,3,No
E101391,2019,2,No
E101391,2020,3,No
E101392,2018,2,No
E101393,2022,3,No
E101393,2023,3,No
E101393,2024,5,No
E101394,2018,3,No
E101395,2020,4,No
E101395,2021,3,No
E101396,2019,3,No
E101396,2020,3,No
E101396,2021,2,No
E101397,2022,3,No
E101397,2023,2,No
E101397,2024,3,No
E101397,2025,3,Yes
E101398,2022,3,No
E101398,2023,3,No
E101398,2024,4,No
E101399,2023,3,No
E101400,2023,4,No
E101400,2024,2,No
E101400,2025,4,No
E101401,2020,2,No
E101401,2021,4,No
E101401,2022,5,No
E101402,2017,2,No
E101402,2018,4,No
E101403,2020,3,No
E101404,2018,5,No
E101404,2019,3,No
E101405,2017,5,Yes
E101405,2018,3,No
E101405,2019,4,Yes
E101406,2021,4,No
E101406,2022,3,No
E101407,2023,5,No
E101407,2024,3,No
E101407,2025,4,No
E101407,2026,4,No
E101408,2017,5,No
E101408,2018,2,No
E101409,2019,2,Yes
E101410,2019,3,No
E101410,2020,3,No
E101410,2021,4,No
E101410,2022,4,No
E101411,2019,3,No
E101411,2020,4,Yes
E101411,2021,2,No
E101412,2019,2,No
E101412,2020,4,No
E101412,2021,2,No
E101413,2017,4,No
E101414,2022,2,No
E101414,2023,3,No
E101415,2023,4,No
E101415,2024,3,No
E101415,2025,3,Yes
E101415,2026,3,No
E101416,2021,5,No
E101416,2022,4,No
E101416,2023,3,No
E101417,2017,3,No
E101417,2018,4,Yes
E101417,2019,4,Yes
E101417,2020,4,No
E101418,2018,2,Yes
E101419,2020,3,No
E101419,2021,4,Yes
E101419,2022,4,No
E101419,2023,3,No
E101420,2021,4,No
E101421,2020,4,No
E101421,2021,5,No
E101421,2022,3,No
E101421,2023,3,No
E101422,2021,4,Yes
E101423,2022,3,No
E101423,2023,4,No
E101423,2024,4,No
E101423,2025,4,No
E101424,2023,5,No
E101424,2024,5,Yes
E101424,2025,4,No
E101424,2026,3,Yes
E101425,2019,3,Yes
E101425,2020,3,No
E101425,2021,2,No
E101426,2020,3,No
E101426,2021,4,No
E101426,2022,5,No
E101427,2019,3,No
E101427,2020,3,No
E101428,2021,3,Yes
E101428,2022,3,No
E101429,2021,3,No
E101430,2020,2,No
E101430,2021,4,No
E101430,2022,3,No
E101430,2023,3,No
E101431,2019,2,No
E101431,2020,3,No
E101431,2021,5,No
E101432,2021,4,No
E101433,2021,2,No
E101434,2019,4,No
E101435,2023,3,Yes
E101435,2024,4,No
E101436,2022,4,Yes
E101436,2023,2,No
E101436,2024,3,No
E101436,2025,4,No
E101437,2022,2,No
E101438,2022,2,Yes
E101438,2023,4,No
E101438,2024,5,No
E101439,2020,4,No
E101439,2021,3,No
E101440,2020,2,No
E101440,2021,4,Yes
E101440,2022,3,No
E101441,2021,3,No
E101441,2022,3,No
E101442,2022,4,No
E101442,2023,3,No
E101442,2024,2,No
E101442,2025,4,No
E101443,2020,4,No
E101443,2021,3,No
E101444,2020,4,Yes
E101445,2022,2,Yes
E101445,2023,2,No
E101445,2024,3,No
E101445,2025,4,No
E101446,2017,4,No
E101446,2018,4,No
E101446,2019,2,Yes
E101446,2020,4,No
E101447,2020,3,No
E101447,2021,4,No
E101447,2022,4,No
E101448,2022,5,No
E101448,2023,5,No
E101448,2024,2,No
E101449,2022,4,No
E101449,2023,3,No
E101449,2024,5,No
E101450,2023,4,No
E101450,2024,4,No
E101451,2020,4,No
E101452,2023,4,No
E101453,2020,3,No
E101454,2021,5,No
E101455,2017,3,No
E101455,2018,2,No
E101456,2018,3,No
E101456,2019,5,No
E101456,2020,2,No
E101456,2021,4,No
E101457,2020,4,No
E101457,2021,4,No
E101457,2022,3,No
E101457,2023,3,No
E101458,2018,3,No
E101458,2019,4,No
E101458,2020,2,No
E101458,2021,3,No
E101459,2021,5,No
E101459,2022,4,No
E101460,2020,2,No
E101461,2020,3,No
E101461,2021,3,No
E101462,2020,4,No
E101462,2021,3,No
E101463,2023,4,No
E101464,2022,3,Yes
E101464,2023,3,No
E101464,2024,3,Yes
E101465,2017,3,No
E101465,2018,4,No
E101465,2019,4,No
E101466,2021,4,No
E101466,2022,3,No
E101466,2023,5,No
E101467,2023,3,No
E101467,2024,3,No
E101467,2025,4,No
E101467,2026,3,No
E101468,2017,4,No
E101469,2021,2,No
E101469,2022,4,No
E101469,2023,3,No
E101469,2024,3,Yes
E101470,2020,4,No
E101470,2021,2,Yes
E101470,2022,4,No
E101471,2018,4,No
E101471,2019,5,Yes
E101471,2020,3,No
E101472,2022,2,No
E101472,2023,3,No
E101472,2024,3,No
E101472,2025,3,No
E101473,2023,4,No
E101473,2024,4,No
E101473,2025,3,Yes
E101474,2022,4,No
E101474,2023,5,No
E101475,2023,3,No
E101475,2024,3,No
E101475,2025,3,No
E101476,2023,3,No
E101476,2024,5,No
E101476,2025,3,No
E101477,2021,5,No
E101478,2020,3,No
E101478,2021,4,No
E101478,2022,5,Yes
E101479,2023,2,No
E101480,2023,3,No
E101480,2024,3,No
E101481,2023,4,Yes
E101481,2024,4,Yes
E101481,2025,3,No
E101481,2026,2,No
E101482,2020,3,No
E101483,2019,2,No
E101483,2020,2,No
E101483,2021,3,No
E101483,2022,4,No
E101484,2018,5,No
E101484,2019,3,No
E101485,2022,2,No
E101485,2023,4,No
E101485,2024,3,No
E101485,2025,3,Yes
E101486,2021,4,No
E101487,2020,4,No
E101487,2021,5,No
E101488,2019,4,No
E101488,2020,4,No
E101488,2021,5,No
E101489,2018,5,No
E101489,2019,4,No
E101489,2020,3,Yes
E101490,2018,2,No
E101490,2019,5,Yes
E101490,2020,3,No
E101490,2021,4,No
E101491,2021,3,No
E101491,2022,3,No
E101492,2022,3,Yes
E101493,2021,2,No
E101494,2021,5,No
E101494,2022,5,No
E101495,2019,3,No
E101495,2020,3,Yes
E101496,2021,4,Yes
E101497,2020,4,No
E101497,2021,2,No
E101497,2022,5,No
E101498,2020,5,No
E101498,2021,2,No
E101498,2022,4,No
E101498,2023,2,No
E101499,2019,5,No
E101499,2020,3,No
E101500,2019,4,No
E101501,2021,4,No
E101502,2020,3,No
E101503,2019,5,Yes
E101503,2020,2,No
E101503,2021,4,No
E101503,2022,4,No
E101504,2018,3,No
E101505,2019,3,No
E101505,2020,4,No
E101505,2021,3,No
E101505,2022,4,No
E101506,2021,5,No
E101506,2022,4,No
E101506,2023,5,No
E101507,2018,5,No
E101507,2019,4,No
E101508,2017,2,Yes
E101509,2023,3,Yes
E101509,2024,4,No
E101509,2025,3,No
E101510,2017,5,No
E101510,2018,3,No
E101510,2019,5,No
E101510,2020,4,No
E101511,2020,3,No
E101512,2021,3,No
E101512,2022,5,Yes
E101513,2021,4,No
E101513,2022,3,No
E101513,2023,2,No
E101514,2023,5,No
E101514,2024,3,No
E101514,2025,3,No
E101515,2023,4,Yes
E101515,2024,3,No
E101515,2025,5,No
E101516,2020,2,No
E101516,2021,4,No
E101516,2022,3,No
E101516,2023,3,No
E101517,2021,3,No
E101517,2022,2,No
E101518,2018,4,No
E101518,2019,3,Yes
E101519,2020,4,No
E101519,2021,3,No
E101520,2021,3,No
E101521,2017,2,No
E101521,2018,4,No
E101521,2019,3,Yes
E101521,2020,3,Yes
E101522,2019,3,No
E101522,2020,3,No
E101522,2021,3,No
E101522,2022,5,No
E101523,2023,2,No
E101523,2024,3,No
E101523,2025,3,No
E101524,2019,4,No
E101525,2020,2,No
E101526,2023,4,No
E101526,2024,3,No
E101526,2025,2,No
E101526,2026,3,No
E101527,2023,3,No
E101528,2017,4,No
E101528,2018,5,No
E101528,2019,4,No
E101528,2020,3,No
E101529,2021,5,No
E101529,2022,4,No
E101529,2023,3,No
E101530,2023,5,No
E101530,2024,3,No
E101531,2022,4,Yes
E101532,2019,3,No
E101532,2020,3,No
E101532,2021,2,No
E101533,2017,2,No
E101533,2018,3,No
E101533,2019,4,No
E101533,2020,3,No
E101534,2017,5,Yes
E101534,2018,4,No
E101535,2022,5,No
E101535,2023,5,No
E101535,2024,4,No
E101536,2018,3,Yes
E101536,2019,2,Yes
E101536,2020,3,No
E101537,2020,4,No
E101538,2017,3,No
E101538,2018,3,No
E101538,2019,4,Yes
E101539,2018,5,No
E101539,2019,4,No
E101540,2019,4,No
E101540,2020,3,Yes
E101540,2021,3,Yes
E101541,2021,2,No
E101541,2022,3,No
E101542,2017,4,No
E101542,2018,3,No
E101542,2019,4,No
E101543,2017,4,Yes
E101543,2018,5,No
E101544,2018,5,No
E101545,2020,5,No
E101546,2022,2,No
E101546,2023,4,No
E101547,2021,3,No
E101548,2021,5,No
E101548,2022,4,No
E101548,2023,3,No
E101549,2022,4,Yes
E101550,2022,3,No
E101551,2022,3,No
E101551,2023,3,No
E101552,2022,3,No
E101552,2023,3,No
E101553,2019,3,No
E101553,2020,2,No
E101553,2021,4,No
E101553,2022,3,No
E101554,2017,2,No
E101554,2018,3,No
E101555,2017,2,No
E101555,2018,5,No
E101555,2019,4,No
E101555,2020,5,No
E101556,2017,4,No
E101556,2018,4,No
E101557,2018,3,No
E101557,2019,4,No
E101557,2020,3,No
E101558,2019,4,No
E101559,2023,4,No
E101559,2024,4,No
E101559,2025,3,No
E101559,2026,5,Yes
E101560,2018,5,No
E101560,2019,2,No
E101560,2020,3,No
E101561,2021,5,No
E101561,2022,4,No
E101562,2020,5,No
E101562,2021,4,No
E101563,2020,3,No
E101563,2021,3,No
E101564,2017,3,No
E101564,2018,3,No
E101564,2019,3,No
E101564,2020,5,No
E101565,2022,4,No
E101565,2023,3,No
E101565,2024,5,No
E101565,2025,5,No
E101566,2022,3,No
E101567,2020,4,No
E101567,2021,4,No
E101568,2020,5,No
E101568,2021,3,No
E101568,2022,4,No
E101568,2023,4,Yes
E101569,2020,3,No
E101570,2017,2,No
E101570,2018,3,No
E101570,2019,4,No
E101570,2020,5,No
E101571,2017,4,No
E101571,2018,3,No
E101571,2019,4,No
E101572,2022,3,No
E101572,2023,4,No
E101572,2024,2,No
E101572,2025,5,No
E101573,2023,4,No
E101573,2024,3,No
E101574,2021,4,No
E101575,2019,3,No
E101575,2020,2,Yes
E101575,2021,2,No
E101576,2022,4,Yes
E101576,2023,3,No
E101576,2024,4,No
E101576,2025,3,No
E101577,2020,3,Yes
E101577,2021,3,No
E101577,2022,4,No
E101578,2023,4,No
E101578,2024,3,Yes
E101579,2018,4,No
E101579,2019,5,No
E101579,2020,4,No
E101579,2021,4,Yes
E101580,2019,2,No
E101581,2019,3,Yes
E101581,2020,2,No
E101581,2021,4,Yes
E101581,2022,5,No
E101582,2022,4,No
E101582,2023,4,No
E101582,2024,3,No
E101583,2019,3,No
E101583,2020,3,No
E101583,2021,4,No
E101583,2022,3,No
E101584,2023,4,No
E101584,2024,4,Yes
E101585,2018,4,Yes
E101586,2023,3,No
E101587,2022,3,Yes
E101587,2023,4,No
E101588,2020,5,No
E101588,2021,4,No
E101588,2022,4,No
E101588,2023,4,No
E101589,2020,5,No
E101589,2021,5,No
E101590,2020,4,No
E101590,2021,2,No
E101591,2023,5,No
E101591,2024,4,No
E101592,2022,5,No
E101592,2023,3,No
E101592,2024,2,No
E101593,2023,5,No
E101593,2024,4,No
E101593,2025,3,No
E101593,2026,5,No
E101594,2021,5,No
E101594,2022,3,No
E101594,2023,4,No
E101594,2024,2,No
E101595,2017,2,No
E101595,2018,5,No
E101595,2019,4,No
E101595,2020,3,No
E101596,2022,4,No
E101596,2023,3,No
E101596,2024,4,No
E101597,2023,4,No
E101597,2024,3,No
E101598,2023,4,No
E101599,2022,2,No
E101599,2023,2,No
E101599,2024,5,No
E101599,2025,3,No
E101600,2018,3,No
E101600,2019,4,No
E101600,2020,3,No
E101600,2021,2,Yes
E101601,2019,4,Yes
E101601,2020,5,No
E101601,2021,3,No
E101602,2021,4,No
E101602,2022,3,No
E101602,2023,3,No
E101603,2023,3,No
E101603,2024,4,Yes
E101604,2023,2,No
E101605,2020,3,No
E101605,2021,2,No
E101605,2022,5,No
E101605,2023,3,No
E101606,2018,4,No
E101607,2020,3,No
E101607,2021,2,Yes
E101608,2017,5,No
E101609,2020,3,No
E101610,2019,3,No
E101611,2023,3,No
E101611,2024,5,No
E101611,2025,3,No
E101611,2026,2,No
E101612,2017,3,No
E101613,2019,3,Yes
E101613,2020,5,No
E101613,2021,4,No
E101614,2017,2,No
E101614,2018,2,No
E101614,2019,2,No
E101614,2020,3,Yes
E101615,2023,4,No
E101615,2024,3,No
E101615,2025,4,No
E101616,2022,3,No
E101616,2023,4,No
E101617,2017,5,No
E101617,2018,3,No
E101617,2019,5,No
E101617,2020,2,No
E101618,2018,3,No
E101618,2019,2,No
E101619,2020,4,No
E101619,2021,3,No
E101619,2022,3,No
E101619,2023,3,No
E101620,2017,3,No
E101620,2018,5,No
E101621,2019,4,No
E101622,2020,4,No
E101622,2021,5,No
E101622,2022,3,No
E101623,2019,3,No
E101623,2020,4,Yes
E101623,2021,4,No
E101623,2022,2,No
E101624,2018,4,No
E101625,2020,3,No
E101626,2017,2,No
E101627,2019,5,No
E101627,2020,3,No
E101627,2021,4,Yes
E101627,2022,5,No
E101628,2021,3,No
E101628,2022,2,Yes
E101628,2023,2,No
E101629,2020,2,Yes
E101629,2021,4,No
E101629,2022,3,No
E101630,2021,2,Yes
E101630,2022,4,No
E101630,2023,3,No
E101631,2023,3,No
E101631,2024,3,No
E101631,2025,2,No
E101631,2026,3,No
E101632,2018,4,No
E101632,2019,3,No
E101632,2020,4,No
E101633,2017,5,No
E101633,2018,3,No
E101633,2019,4,No
E101634,2020,5,Yes
E101634,2021,4,No
E101635,2019,5,No
E101635,2020,2,No
E101635,2021,4,Yes
E101635,2022,3,No
E101636,2022,3,No
E101636,2023,2,No
E101636,2024,5,Yes
E101637,2023,3,No
E101637,2024,4,No
E101637,2025,3,No
E101638,2017,4,No
E101639,2018,4,No
E101639,2019,2,No
E101639,2020,4,No
E101639,2021,3,No
E101640,2023,4,No
E101640,2024,4,No
E101641,2018,2,No
E101641,2019,4,No
E101641,2020,5,No
E101642,2021,2,No
E101642,2022,3,No
E101642,2023,3,No
E101642,2024,4,No
E101643,2019,4,Yes
E101643,2020,4,No
E101643,2021,3,No
E101643,2022,4,No
E101644,2021,3,Yes
E101644,2022,4,No
E101644,2023,2,No
E101645,2022,3,No
E101645,2023,4,No
E101645,2024,4,No
E101645,2025,3,Yes
E101646,2023,4,No
E101647,2022,3,No
E101647,2023,5,No
E101647,2024,4,No
E101647,2025,2,No
E101648,2022,3,No
E101648,2023,3,No
E101648,2024,2,No
E101648,2025,4,No
E101649,2019,2,No
E101650,2017,4,No
E101650,2018,3,No
E101651,2021,5,No
E101651,2022,4,Yes
E101651,2023,3,No
E101652,2021,4,No
E101652,2022,4,No
E101653,2022,3,No
E101653,2023,3,No
E101653,2024,2,No
E101654,2018,2,No
E101654,2019,3,No
E101654,2020,3,No
E101655,2020,5,No
E101656,2017,3,No
E101656,2018,5,Yes
E101656,2019,2,No
E101656,2020,4,No
E101657,2020,3,Yes
E101657,2021,3,No
E101658,2017,4,No
E101658,2018,5,No
E101659,2019,4,No
E101660,2018,2,No
E101660,2019,4,No
E101660,2020,4,No
E101660,2021,2,No
E101661,2021,3,No
E101661,2022,4,No
E101661,2023,3,No
E101661,2024,3,No
E101662,2018,3,No
E101662,2019,4,No
E101662,2020,4,No
E101662,2021,2,Yes
E101663,2023,2,No
E101664,2019,4,No
E101664,2020,2,No
E101664,2021,5,No
E101664,2022,5,Yes
E101665,2023,4,Yes
E101666,2017,4,No
E101666,2018,3,No
E101666,2019,4,No
E101666,2020,3,Yes
E101667,2022,3,No
E101668,2017,3,No
E101669,2021,4,Yes
E101670,2019,4,Yes
E101670,2020,3,No
E101671,2017,2,No
E101672,2018,3,No
E101672,2019,3,No
E101673,2023,4,No
E101673,2024,4,No
E101674,2023,5,No
E101674,2024,4,No
E101674,2025,2,No
E101675,2020,5,No
E101675,2021,4,No
E101676,2022,3,No
E101676,2023,2,No
E101677,2020,3,No
E101677,2021,4,No
E101677,2022,3,No
E101677,2023,5,No
E101678,2023,5,No
E101678,2024,4,No
E101679,2018,3,No
E101679,2019,5,No
E101679,2020,4,No
E101680,2019,5,No
E101680,2020,5,No
E101681,2022,3,Yes
E101681,2023,3,No
E101682,2023,4,No
E101683,2021,5,No
E101683,2022,3,No
E101684,2019,2,No
E101685,2017,3,No
E101686,2023,4,No
E101687,2021,4,No
E101687,2022,3,Yes
E101687,2023,5,No
E101687,2024,5,No
E101688,2018,5,No
E101689,2019,4,No
E101690,2017,2,No
E101690,2018,4,No
E101691,2021,5,No
E101691,2022,2,No
E101692,2018,5,No
E101693,2023,3,No
E101693,2024,3,Yes
E101694,2018,4,No
E101694,2019,4,No
E101694,2020,2,No
E101695,2017,2,No
E101695,2018,4,No
E101695,2019,4,No
E101695,2020,5,No
E101696,2021,4,No
E101696,2022,5,No
E101696,2023,3,No
E101697,2022,4,Yes
E101698,2018,2,No
E101698,2019,4,No
E101699,2020,3,No
E101699,2021,4,No
E101699,2022,5,No
E101699,2023,4,No
E101700,2021,4,No
E101700,2022,4,No
E101701,2020,3,No
E101701,2021,5,No
E101702,2020,3,Yes
E101702,2021,5,No
E101703,2017,3,No
E101703,2018,4,No
E101703,2019,5,No
E101703,2020,3,No
E101704,2023,4,No
E101705,2021,5,No
E101706,2022,3,Yes
E101706,2023,4,No
E101706,2024,3,No
E101707,2023,4,No
E101707,2024,2,No
E101707,2025,3,No
E101708,2020,5,No
E101708,2021,4,No
E101709,2021,4,Yes
E101709,2022,2,Yes
E101710,2018,3,Yes
E101711,2023,4,No
E101712,2019,4,No
E101712,2020,3,No
E101712,2021,3,No
E101713,2021,5,No
E101713,2022,3,No
E101713,2023,2,No
E101713,2024,3,No
E101714,2023,4,No
E101714,2024,2,No
E101714,2025,4,Yes
E101714,2026,4,No
E101715,2018,2,No
E101715,2019,3,No
E101715,2020,4,Yes
E101716,2020,3,No
E101717,2018,4,No
E101717,2019,3,Yes
E101717,2020,2,No
E101718,2022,4,Yes
E101718,2023,5,No
E101719,2018,2,No
E101719,2019,4,No
E101720,2021,3,Yes
E101720,2022,4,No
E101720,2023,3,No
E101720,2024,4,No
E101721,2018,5,No
E101721,2019,3,No
E101721,2020,5,Yes
E101721,2021,2,Yes
E101722,2020,2,No
E101723,2020,3,No
E101723,2021,4,No
E101723,2022,3,No
E101723,2023,4,No
E101724,2020,4,No
E101724,2021,5,No
E101724,2022,3,No
E101724,2023,2,No
E101725,2023,3,Yes
E101725,2024,4,Yes
E101726,2018,5,No
E101726,2019,4,No
E101727,2022,4,No
E101727,2023,3,No
E101728,2023,4,No
E101728,2024,4,No
E101729,2021,3,No
E101729,2022,4,No
E101729,2023,3,No
E101730,2019,4,Yes
E101731,2022,3,No
E101731,2023,3,No
E101731,2024,3,No
E101731,2025,3,No
E101732,2018,3,No
E101732,2019,4,No
E101733,2020,3,No
E101733,2021,5,Yes
E101734,2022,4,No
E101735,2020,2,No
E101736,2021,4,No
E101736,2022,3,No
E101737,2021,3,No
E101737,2022,4,Yes
E101738,2019,4,Yes
E101738,2020,3,Yes
E101738,2021,3,No
E101739,2017,3,No
E101739,2018,3,No
E101740,2021,3,No
E101740,2022,4,No
E101740,2023,4,No
E101740,2024,2,No
E101741,2022,4,No
E101742,2017,4,No
E101742,2018,4,No
E101742,2019,4,Yes
E101743,2017,3,No
E101744,2023,3,No
E101744,2024,3,No
E101744,2025,4,No
E101745,2023,5,Yes
E101745,2024,4,No
E101745,2025,2,No
E101746,2021,4,No
E101747,2020,4,No
E101747,2021,5,No
E101748,2018,3,No
E101748,2019,4,No
E101749,2021,4,No
E101749,2022,5,Yes
E101750,2022,4,No
E101750,2023,3,No
E101750,2024,4,No
E101751,2021,4,No
E101751,2022,3,Yes
E101751,2023,4,Yes
E101752,2019,2,No
E101752,2020,4,No
E101752,2021,2,No
E101752,2022,4,No
E101753,2018,4,Yes
E101753,2019,4,No
E101753,2020,4,No
E101753,2021,5,No
E101754,2021,3,No
E101754,2022,4,No
E101754,2023,4,No
E101754,2024,4,No
E101755,2021,3,No
E101755,2022,2,No
E101755,2023,3,No
E101755,2024,3,No
E101756,2019,3,No
E101756,2020,3,No
E101756,2021,3,No
E101757,2022,3,Yes
E101757,2023,4,No
E101758,2023,4,No
E101758,2024,5,No
E101759,2022,2,Yes
E101759,2023,3,No
E101760,2017,3,No
E101760,2018,3,No
E101760,2019,3,No
E101760,2020,5,No
E101761,2017,3,No
E101762,2019,4,Yes
E101762,2020,2,No
E101762,2021,4,No
E101762,2022,2,No
E101763,2020,2,No
E101764,2023,5,No
E101764,2024,4,No
E101764,2025,5,No
E101764,2026,5,No
E101765,2018,4,No
E101765,2019,4,No
E101765,2020,2,No
E101765,2021,2,No
E101766,2022,5,No
E101767,2019,2,No
E101768,2022,2,No
E101768,2023,2,No
E101768,2024,4,No
E101769,2023,2,No
E101769,2024,3,No
E101769,2025,2,No
E101769,2026,3,No
E101770,2022,2,No
E101770,2023,3,No
E101770,2024,3,Yes
E101770,2025,3,No
E101771,2023,4,No
E101772,2017,2,No
E101772,2018,4,No
E101773,2021,4,No
E101773,2022,5,No
E101773,2023,4,No
E101774,2023,5,Yes
E101775,2021,3,No
E101776,2022,4,No
E101776,2023,3,No
E101777,2017,4,No
E101778,2020,4,No
E101778,2021,4,No
E101778,2022,2,No
E101778,2023,4,No
E101779,2023,2,No
E101780,2020,3,No
E101780,2021,2,No
E101780,2022,4,No
E101781,2020,4,No
E101781,2021,3,No
E101781,2022,5,No
E101781,2023,2,No
E101782,2022,3,No
E101782,2023,5,No
E101782,2024,3,No
E101782,2025,4,Yes
E101783,2023,3,No
E101783,2024,3,No
E101784,2019,3,No
E101784,2020,3,No
E101784,2021,4,No
E101784,2022,4,No
E101785,2023,3,No
E101785,2024,4,No
E101785,2025,2,No
E101786,2020,3,No
E101787,2020,5,No
E101788,2019,4,No
E101788,2020,2,No
E101789,2023,3,No
E101790,2020,3,No
E101791,2018,3,Yes
E101792,2017,2,No
E101792,2018,2,No
E101792,2019,4,No
E101792,2020,2,No
E101793,2021,4,No
E101793,2022,4,No
E101793,2023,4,No
E101793,2024,3,No
E101794,2017,3,No
E101794,2018,5,No
E101794,2019,4,Yes
E101794,2020,5,No
E101795,2022,3,No
E101795,2023,2,No
E101795,2024,5,No
E101795,2025,4,No
E101796,2019,4,No
E101796,2020,3,No
E101796,2021,2,No
E101796,2022,5,No
E101797,2017,5,No
E101798,2023,4,Yes
E101798,2024,4,No
E101799,2020,3,No
E101800,2023,5,No
E101800,2024,4,No
E101800,2025,3,Yes
E101800,2026,2,No
E101801,2020,2,Yes
E101802,2022,3,No
E101802,2023,3,Yes
E101803,2021,2,No
E101804,2021,3,No
E101804,2022,3,Yes
E101805,2023,3,No
E101805,2024,4,No
E101806,2018,4,Yes
E101806,2019,3,No
E101806,2020,4,No
E101807,2022,2,No
E101807,2023,5,No
E101807,2024,5,No
E101807,2025,3,No
E101808,2018,4,No
E101808,2019,4,No
E101808,2020,3,No
E101809,2018,5,No
E101809,2019,3,No
E101809,2020,4,No
E101810,2017,5,No
E101810,2018,2,No
E101810,2019,5,No
E101810,2020,5,No
E101811,2023,3,No
E101812,2018,4,No
E101813,2020,3,No
E101813,2021,3,No
E101813,2022,5,No
E101813,2023,4,No
E101814,2019,4,No
E101815,2023,2,No
E101815,2024,2,Yes
E101815,2025,3,No
E101816,2017,2,Yes
E101816,2018,3,No
E101816,2019,4,Yes
E101816,2020,5,No
E101817,2020,2,No
E101817,2021,4,No
E101817,2022,3,No
E101817,2023,3,No
E101818,2022,4,No
E101818,2023,5,No
E101818,2024,4,No
E101819,2021,4,No
E101820,2019,3,No
E101820,2020,2,No
E101820,2021,2,Yes
E101821,2023,4,No
E101821,2024,3,No
E101821,2025,4,No
E101821,2026,5,No
E101822,2020,4,No
E101822,2021,3,No
E101823,2023,3,Yes
E101824,2020,3,No
E101824,2021,3,No
E101824,2022,4,No
E101825,2018,4,No
E101825,2019,4,No
E101825,2020,5,Yes
E101826,2018,3,Yes
E101826,2019,4,No
E101827,2023,3,No
E101827,2024,5,No
E101827,2025,3,No
E101827,2026,4,No
E101828,2022,4,No
E101828,2023,2,No
E101828,2024,4,No
E101828,2025,5,No
E101829,2020,4,No
E101829,2021,2,No
E101829,2022,4,No
E101829,2023,3,No
E101830,2017,5,No
E101830,2018,3,No
E101830,2019,4,No
E101831,2020,3,No
E101831,2021,3,Yes
E101831,2022,2,No
E101832,2022,3,No
E101832,2023,3,Yes
E101832,2024,4,Yes
E101833,2022,5,No
E101833,2023,5,No
E101833,2024,2,No
E101833,2025,5,No
E101834,2021,4,No
E101835,2017,5,No
E101835,2018,2,No
E101835,2019,3,No
E101836,2021,5,No
E101836,2022,5,No
E101836,2023,4,No
E101837,2021,3,Yes
E101837,2022,3,No
E101838,2018,2,No
E101838,2019,5,No
E101838,2020,4,No
E101839,2022,4,Yes
E101839,2023,4,No
E101839,2024,5,No
E101839,2025,4,No
E101840,2022,3,No
E101841,2017,4,No
E101841,2018,4,No
E101841,2019,4,No
E101841,2020,3,No
E101842,2020,2,Yes
E101843,2022,4,No
E101843,2023,3,No
E101843,2024,3,No
E101844,2022,4,No
E101844,2023,5,No
E101844,2024,4,Yes
E101844,2025,3,No
E101845,2018,4,No
E101845,2019,4,No
E101846,2021,2,No
E101846,2022,5,No
E101846,2023,4,No
E101847,2021,3,No
E101848,2018,2,No
E101848,2019,2,No
E101848,2020,3,No
E101848,2021,3,No
E101849,2023,5,No
E101849,2024,4,Yes
E101850,2022,4,No
E101851,2022,2,No
E101851,2023,3,No
E101851,2024,4,No
E101851,2025,4,No
E101852,2020,5,No
E101852,2021,5,Yes
E101852,2022,4,Yes
E101853,2022,3,No
E101853,2023,3,No
E101853,2024,5,No
E101854,2021,3,No
E101854,2022,2,No
E101854,2023,5,No
E101854,2024,3,No
E101855,2019,2,No
E101855,2020,3,No
E101855,2021,4,No
E101855,2022,4,No
E101856,2020,5,No
E101856,2021,4,No
E101856,2022,5,No
E101857,2023,5,No
E101857,2024,4,No
E101857,2025,4,No
E101857,2026,3,No
E101858,2018,4,No
E101858,2019,4,No
E101859,2019,3,No
E101860,2019,5,No
E101860,2020,2,No
E101861,2018,3,No
E101862,2023,2,Yes
E101862,2024,3,No
E101862,2025,4,No
E101863,2022,2,No
E101864,2022,4,No
E101865,2023,3,No
E101866,2019,3,No
E101866,2020,5,No
E101866,2021,3,No
E101866,2022,5,No
E101867,2023,3,No
E101867,2024,4,Yes
E101867,2025,3,No
E101868,2022,4,No
E101868,2023,4,No
E101869,2020,3,No
E101869,2021,3,Yes
E101869,2022,4,No
E101870,2023,3,No
E101871,2023,3,Yes
E101871,2024,3,No
E101872,2017,2,Yes
E101872,2018,4,No
E101873,2022,5,Yes
E101873,2023,5,No
E101873,2024,5,No
E101873,2025,3,No
E101874,2021,4,No
E101874,2022,4,No
E101875,2019,3,No
E101875,2020,3,No
E101876,2023,3,No
E101876,2024,4,No
E101877,2019,4,No
E101878,2020,2,No
E101878,2021,2,Yes
E101878,2022,2,No
E101878,2023,4,Yes
E101879,2018,5,No
E101879,2019,4,Yes
E101879,2020,2,No
E101879,2021,3,No
E101880,2023,3,No
E101880,2024,5,No
E101880,2025,5,No
E101880,2026,4,No
E101881,2021,5,No
E101881,2022,4,No
E101882,2023,5,No
E101882,2024,3,No
E101882,2025,5,No
E101883,2017,2,No
E101883,2018,4,No
E101883,2019,4,No
E101884,2022,4,Yes
E101884,2023,5,No
E101885,2017,3,No
E101885,2018,5,No
E101885,2019,3,No
E101886,2022,3,No
E101887,2021,4,No
E101887,2022,2,No
E101888,2023,3,No
E101888,2024,2,No
E101888,2025,4,Yes
E101888,2026,4,No
E101889,2018,3,No
E101889,2019,3,No
E101889,2020,3,No
E101890,2020,5,No
E101891,2017,3,No
E101891,2018,4,No
E101892,2018,2,Yes
E101893,2018,5,No
E101893,2019,2,Yes
E101894,2020,4,Yes
E101894,2021,4,No
E101894,2022,4,No
E101895,2022,4,No
E101895,2023,4,No
E101896,2021,3,No
E101897,2021,3,No
E101897,2022,5,No
E101898,2017,5,No
E101898,2018,3,No
E101899,2022,2,No
E101899,2023,3,No
E101900,2017,4,No
E101901,2022,4,Yes
E101901,2023,3,No
E101902,2018,4,No
E101902,2019,4,No
E101902,2020,2,No
E101903,2022,3,No
E101903,2023,4,No
E101903,2024,3,No
E101903,2025,5,No
E101904,2023,4,No
E101904,2024,4,No
E101905,2022,3,Yes
E101905,2023,5,No
E101905,2024,4,No
E101906,2019,3,No
E101906,2020,5,No
E101906,2021,4,No
E101907,2023,3,No
E101907,2024,4,No
E101907,2025,3,No
E101908,2021,5,No
E101908,2022,3,No
E101908,2023,4,No
E101908,2024,3,No
E101909,2023,2,No
E101909,2024,3,Yes
E101910,2017,5,No
E101910,2018,5,No
E101910,2019,3,No
E101911,2019,4,No
E101911,2020,4,No
E101912,2018,4,No
E101912,2019,4,Yes
E101912,2020,4,No
E101912,2021,5,No
E101913,2023,3,No
E101913,2024,4,No
E101913,2025,4,Yes
E101913,2026,3,No
E101914,2018,2,No
E101915,2019,3,No
E101915,2020,4,Yes
E101915,2021,5,No
E101915,2022,5,No
E101916,2020,4,No
E101916,2021,3,No
E101917,2018,4,No
E101917,2019,4,No
E101918,2019,5,No
E101918,2020,4,No
E101918,2021,4,No
E101918,2022,2,No
E101919,2021,2,No
E101919,2022,4,No
E101919,2023,4,No
E101920,2018,2,Yes
E101920,2019,3,Yes
E101920,2020,4,Yes
E101920,2021,3,No
E101921,2021,2,No
E101921,2022,5,No
E101921,2023,3,No
E101921,2024,3,No
E101922,2019,2,Yes
E101922,2020,4,No
E101922,2021,2,No
E101923,2022,4,Yes
E101924,2019,2,No
E101924,2020,4,No
E101924,2021,3,No
E101925,2017,4,No
E101925,2018,2,No
E101926,2022,3,No
E101927,2020,5,No
E101928,2018,3,No
E101928,2019,2,No
E101928,2020,4,No
E101928,2021,5,No
E101929,2019,3,No
E101929,2020,2,No
E101929,2021,4,No
E101930,2023,3,No
E101931,2023,4,No
E101931,2024,4,No
E101932,2023,5,No
E101932,2024,3,Yes
E101933,2020,2,No
E101933,2021,3,No
E101933,2022,2,No
E101933,2023,3,No
E101934,2018,3,No
E101934,2019,3,Yes
E101934,2020,5,No
E101935,2018,4,No
E101935,2019,3,No
E101935,2020,4,No
E101936,2020,3,Yes
E101936,2021,4,No
E101936,2022,4,No
E101936,2023,4,No
E101937,2019,3,No
E101937,2020,4,No
E101937,2021,3,No
E101937,2022,4,No
E101938,2023,3,No
E101938,2024,3,No
E101938,2025,4,No
E101939,2022,3,Yes
E101939,2023,4,No
E101939,2024,5,No
E101939,2025,2,No
E101940,2019,4,No
E101941,2018,3,No
E101941,2019,3,No
E101942,2022,4,No
E101943,2020,3,No
E101943,2021,5,No
E101943,2022,4,No
E101943,2023,4,No
E101944,2020,3,No
E101944,2021,5,No
E101944,2022,3,No
E101945,2021,3,No
E101945,2022,2,No
E101945,2023,4,Yes
E101946,2018,3,No
E101946,2019,3,No
E101946,2020,5,No
E101946,2021,3,No
E101947,2020,3,No
E101947,2021,4,No
E101948,2022,4,Yes
E101949,2021,5,No
E101950,2022,4,Yes
E101951,2022,4,No
E101951,2023,2,No
E101951,2024,5,Yes
E101952,2020,3,No
E101953,2017,3,No
E101953,2018,4,No
E101954,2018,3,No
E101954,2019,4,No
E101955,2018,3,Yes
E101955,2019,3,No
E101955,2020,4,No
E101955,2021,4,Yes
E101956,2019,4,No
E101956,2020,4,No
E101956,2021,4,No
E101956,2022,4,No
E101957,2022,3,No
E101957,2023,5,No
E101958,2019,3,No
E101958,2020,4,No
E101958,2021,4,No
E101959,2021,4,No
E101959,2022,5,No
E101959,2023,2,No
E101960,2023,4,No
E101960,2024,3,No
E101960,2025,3,No
E101960,2026,3,No
E101961,2018,2,No
E101961,2019,3,No
E101961,2020,3,No
E101962,2022,3,No
E101962,2023,3,No
E101963,2019,3,No
E101963,2020,5,No
E101963,2021,4,No
E101963,2022,3,No
E101964,2023,4,No
E101964,2024,3,No
E101964,2025,2,No
E101965,2022,3,No
E101965,2023,5,No
E101965,2024,3,No
E101965,2025,4,No
E101966,2021,4,No
E101966,2022,3,No
E101966,2023,2,No
E101966,2024,4,No
E101967,2020,3,No
E101968,2018,3,No
E101968,2019,3,No
E101969,2021,3,No
E101969,2022,2,No
E101969,2023,3,No
E101970,2022,3,No
E101970,2023,3,No
E101971,2020,3,No
E101971,2021,2,Yes
E101972,2019,3,No
E101972,2020,4,No
E101972,2021,4,No
E101973,2019,3,No
E101973,2020,3,No
E101973,2021,3,No
E101974,2020,2,No
E101974,2021,5,No
E101975,2021,3,Yes
E101976,2020,5,No
E101976,2021,4,Yes
E101976,2022,2,Yes
E101977,2022,4,Yes
E101977,2023,5,No
E101977,2024,3,No
E101977,2025,5,No
E101978,2023,4,No
E101978,2024,5,No
E101978,2025,3,No
E101979,2017,4,Yes
E101979,2018,4,No
E101979,2019,4,No
E101980,2020,4,No
E101980,2021,4,No
E101981,2020,2,No
E101981,2021,4,No
E101982,2023,4,No
E101983,2023,4,No
E101984,2021,3,No
E101984,2022,2,No
E101985,2018,4,No
E101986,2022,3,No
E101986,2023,3,No
E101987,2020,3,No
E101987,2021,3,No
E101987,2022,3,No
E101987,2023,4,No
E101988,2019,2,No
E101988,2020,5,No
E101989,2022,3,No
E101990,2023,4,No
E101990,2024,4,No
E101991,2023,3,No
E101991,2024,4,No
E101991,2025,5,No
E101992,2020,2,No
E101992,2021,4,Yes
E101992,2022,5,No
E101992,2023,3,No
E101993,2021,3,No
E101993,2022,4,No
E101993,2023,5,No
E101993,2024,4,No
E101994,2017,2,Yes
E101994,2018,5,No
E101995,2017,4,Yes
E101995,2018,3,No
E101995,2019,3,No
E101995,2020,3,No
E101996,2020,4,No
E101996,2021,2,No
E101996,2022,3,No
E101996,2023,2,No
E101997,2023,4,No
E101997,2024,5,No
E101997,2025,4,No
E101998,2017,3,No
E101998,2018,4,No
E101999,2022,4,No
E101999,2023,4,No
E101999,2024,3,No
E102000,2017,2,No
E102001,2020,2,No
E102001,2021,3,Yes
E102002,2021,3,Yes
E102002,2022,3,No
E102003,2019,3,No
E102004,2023,3,No
E102004,2024,5,No
E102004,2025,2,No
E102004,2026,4,No
E102005,2018,3,No
E102005,2019,4,No
E102005,2020,2,No
E102006,2021,3,No
E102006,2022,2,No
E102006,2023,4,No
E102007,2017,3,No
E102008,2022,5,No
E102008,2023,3,Yes
E102008,2024,4,No
E102009,2022,5,No
E102009,2023,3,No
E102009,2024,5,No
E102009,2025,3,No
E102010,2021,4,No
E102011,2020,4,Yes
E102011,2021,3,No
E102011,2022,4,No
E102011,2023,2,Yes
E102012,2018,3,Yes
E102012,2019,3,No
E102012,2020,4,Yes
E102012,2021,3,No
E102013,2021,3,No
E102013,2022,3,No
E102013,2023,4,No
E102013,2024,2,No
E102014,2020,3,No
E102014,2021,5,No
E102014,2022,2,No
E102015,2017,4,No
E102016,2022,5,Yes
E102016,2023,4,No
E102016,2024,3,No
E102016,2025,4,Yes
E102017,2017,2,No
E102018,2020,3,No
E102018,2021,5,No
E102019,2018,4,No
E102019,2019,3,No
E102019,2020,3,No
E102020,2018,4,No
E102021,2022,4,No
E102021,2023,5,Yes
E102021,2024,3,Yes
E102022,2018,4,No
E102022,2019,4,No
E102023,2020,5,No
E102023,2021,3,No
E102024,2021,4,No
E102025,2019,3,No
E102025,2020,3,Yes
E102026,2023,4,No
E102027,2019,3,No
E102027,2020,4,No
E102028,2021,2,No
E102028,2022,3,No
E102028,2023,3,No
E102028,2024,2,No
E102029,2019,4,No
E102029,2020,2,No
E102029,2021,3,No
E102029,2022,3,No
E102030,2023,3,No
E102030,2024,3,No
E102031,2020,3,No
E102031,2021,2,No
E102031,2022,5,No
E102031,2023,3,No
E102032,2018,3,Yes
E102032,2019,4,No
E102033,2018,3,No
E102033,2019,4,No
E102033,2020,5,No
E102033,2021,4,No
E102034,2019,3,No
E102034,2020,3,Yes
E102034,2021,2,No
E102035,2021,4,No
E102036,2017,3,No
E102036,2018,3,No
E102036,2019,2,No
E102036,2020,2,No
E102037,2023,2,No
E102038,2022,3,No
E102038,2023,3,No
E102039,2021,5,No
E102039,2022,4,No
E102040,2018,4,No
E102040,2019,4,No
E102040,2020,2,No
E102041,2020,3,No
E102041,2021,5,Yes
E102041,2022,4,No
E102041,2023,4,No
E102042,2022,3,No
E102042,2023,4,Yes
E102043,2019,4,Yes
E102043,2020,4,No
E102043,2021,5,No
E102044,2017,3,No
E102044,2018,4,No
E102045,2023,4,No
E102045,2024,2,No
E102045,2025,4,No
E102045,2026,3,Yes
E102046,2019,5,No
E102047,2017,4,No
E102047,2018,4,No
E102047,2019,3,Yes
E102047,2020,4,Yes
E102048,2018,4,No
E102048,2019,3,No
E102048,2020,4,No
E102048,2021,5,No
E102049,2021,5,Yes
E102050,2023,5,No
E102050,2024,2,No
E102051,2021,5,Yes
E102051,2022,2,No
E102052,2021,4,No
E102052,2022,2,No
E102052,2023,3,No
E102052,2024,5,No
E102053,2017,3,No
E102053,2018,5,No
E102054,2023,5,No
E102054,2024,3,No
E102054,2025,3,No
E102054,2026,3,No
E102055,2019,3,No
E102056,2021,2,No
E102056,2022,3,No
E102056,2023,3,No
E102056,2024,4,No
E102057,2020,2,Yes
E102057,2021,3,No
E102057,2022,4,No
E102058,2020,4,No
E102058,2021,4,No
E102058,2022,4,No
E102058,2023,3,No
E102059,2019,4,No
E102059,2020,3,No
E102059,2021,4,No
E102060,2022,2,No
E102060,2023,4,No
E102061,2018,4,No
E102061,2019,5,No
E102061,2020,3,Yes
E102062,2023,3,No
E102063,2017,4,No
E102063,2018,3,No
E102063,2019,2,No
E102063,2020,3,No
E102064,2021,4,No
E102064,2022,5,No
E102064,2023,3,No
E102065,2017,4,No
E102066,2020,4,No
E102066,2021,3,No
E102066,2022,4,No
E102067,2017,4,No
E102068,2018,3,No
E102069,2018,4,No
E102069,2019,3,No
E102070,2018,5,No
E102070,2019,3,No
E102070,2020,4,No
E102070,2021,4,No
E102071,2021,4,No
E102071,2022,3,No
E102071,2023,4,No
E102072,2017,3,No
E102072,2018,2,No
E102072,2019,4,No
E102072,2020,3,No
E102073,2019,4,No
E102073,2020,3,No
E102073,2021,3,No
E102073,2022,3,No
E102074,2020,3,Yes
E102074,2021,4,No
E102074,2022,2,No
E102074,2023,2,No
E102075,2023,3,No
E102076,2023,5,No
E102077,2022,4,No
E102077,2023,4,No
E102077,2024,2,No
E102077,2025,4,No
E102078,2017,2,No
E102078,2018,4,Yes
E102079,2022,4,Yes
E102079,2023,2,No
E102079,2024,3,No
E102079,2025,4,Yes
E102080,2023,4,No
E102080,2024,2,No
E102081,2021,4,No
E102081,2022,3,Yes
E102082,2021,4,No
E102082,2022,4,No
E102082,2023,4,No
E102082,2024,3,Yes
E102083,2019,3,No
E102084,2022,4,No
E102085,2022,4,No
E102085,2023,4,No
E102086,2017,4,No
E102086,2018,4,No
E102086,2019,3,No
E102087,2021,4,Yes
E102088,2022,3,No
E102089,2017,3,No
E102089,2018,4,No
E102089,2019,3,No
E102090,2017,5,No
E102090,2018,4,Yes
E102090,2019,2,Yes
E102090,2020,2,No
E102091,2023,4,No
E102091,2024,3,No
E102091,2025,3,No
E102091,2026,2,No
E102092,2022,5,No
E102093,2019,5,No
E102093,2020,4,Yes
E102093,2021,3,No
E102094,2019,4,No
E102094,2020,2,No
E102094,2021,3,No
E102094,2022,4,No
E102095,2020,2,No
E102096,2020,5,No
E102096,2021,3,No
E102096,2022,4,Yes
E102097,2017,3,No
E102098,2020,4,No
E102099,2021,3,No
E102099,2022,3,No
E102099,2023,4,No
E102099,2024,4,No
E102100,2020,4,No
E102100,2021,3,No
E102100,2022,3,No
E102101,2019,4,No
E102102,2019,4,No
E102102,2020,4,No
E102102,2021,3,No
E102102,2022,5,Yes
E102103,2021,4,No
E102103,2022,4,No
E102104,2020,5,No
E102104,2021,4,No
E102104,2022,4,No
E102105,2018,4,No
E102105,2019,3,No
E102106,2019,4,No
E102107,2019,2,No
E102107,2020,2,No
E102107,2021,4,No
E102107,2022,2,No
E102108,2023,3,No
E102108,2024,5,No
E102109,2017,3,No
E102110,2018,3,No
E102110,2019,4,No
E102111,2017,5,No
E102111,2018,3,No
E102112,2018,3,No
E102112,2019,5,No
E102112,2020,5,No
E102113,2020,3,No
E102113,2021,2,No
E102114,2020,3,No
E102115,2023,4,No
E102115,2024,3,No
E102115,2025,3,No
E102115,2026,4,Yes
E102116,2022,3,No
E102116,2023,3,No
E102116,2024,4,No
E102116,2025,5,No
E102117,2020,4,Yes
E102118,2020,3,No
E102118,2021,3,No
E102118,2022,2,No
E102118,2023,3,No
E102119,2022,3,No
E102119,2023,2,No
E102120,2022,5,No
E102120,2023,4,No
E102121,2019,4,No
E102121,2020,3,No
E102121,2021,4,No
E102121,2022,3,No
E102122,2017,2,No
E102122,2018,5,No
E102122,2019,3,No
E102123,2020,4,No
E102123,2021,4,No
E102123,2022,3,No
E102124,2020,3,No
E102124,2021,2,No
E102125,2019,5,No
E102125,2020,3,Yes
E102126,2023,2,No
E102126,2024,3,Yes
E102126,2025,3,No
E102126,2026,3,No
E102127,2017,3,No
E102127,2018,5,No
E102127,2019,4,No
E102128,2020,4,No
E102129,2022,4,No
E102129,2023,3,Yes
E102129,2024,5,Yes
E102129,2025,2,No
E102130,2022,3,No
E102131,2018,5,No
E102132,2022,4,No
E102133,2021,3,No
E102133,2022,4,No
E102134,2022,2,No
E102134,2023,5,No
E102134,2024,2,No
E102135,2017,4,No
E102135,2018,3,No
E102135,2019,3,No
E102136,2019,2,No
E102136,2020,4,No
E102136,2021,3,No
E102137,2017,3,No
E102137,2018,5,No
E102137,2019,5,No
E102138,2023,4,No
E102139,2017,4,No
E102139,2018,4,No
E102140,2020,4,Yes
E102140,2021,3,No
E102141,2020,4,Yes
E102141,2021,3,No
E102141,2022,3,No
E102141,2023,3,No
E102142,2023,4,Yes
E102142,2024,4,No
E102143,2019,4,No
E102143,2020,5,No
E102143,2021,3,No
E102144,2021,5,No
E102144,2022,4,No
E102144,2023,5,No
E102145,2023,3,No
E102145,2024,4,No
E102145,2025,3,No
E102146,2018,5,No
E102147,2022,3,No
E102147,2023,4,No
E102148,2020,3,Yes
E102149,2017,4,No
E102149,2018,4,No
E102149,2019,4,No
E102150,2020,2,No
E102151,2017,3,No
E102151,2018,5,No
E102151,2019,2,No
E102152,2019,5,Yes
E102152,2020,3,No
E102152,2021,3,No
E102153,2020,4,No
E102153,2021,4,No
E102153,2022,2,No
E102154,2021,3,No
E102154,2022,3,No
E102155,2018,3,No
E102155,2019,3,Yes
E102156,2019,4,No
E102156,2020,3,No
E102156,2021,4,No
E102156,2022,5,No
E102157,2019,3,No
E102158,2017,3,No
E102159,2021,4,No
E102159,2022,3,No
E102159,2023,5,Yes
E102160,2019,5,No
E102160,2020,2,No
E102160,2021,2,No
E102160,2022,4,No
E102161,2017,2,No
E102161,2018,2,Yes
E102161,2019,3,No
E102161,2020,4,No
E102162,2022,4,No
E102163,2021,3,Yes
E102164,2017,5,No
E102164,2018,3,No
E102164,2019,3,No
E102164,2020,4,No
E102165,2022,3,No
E102165,2023,3,No
E102165,2024,3,No
E102166,2022,2,No
E102167,2019,5,No
E102167,2020,4,No
E102168,2023,3,Yes
E102168,2024,3,Yes
E102169,2018,3,No
E102170,2021,3,No
E102171,2020,3,No
E102171,2021,4,No
E102172,2022,4,No
E102172,2023,2,No
E102173,2021,3,No
E102173,2022,4,Yes
E102173,2023,3,Yes
E102173,2024,3,No
E102174,2018,4,No
E102174,2019,4,No
E102174,2020,3,No
E102175,2020,3,No
E102176,2022,3,No
E102176,2023,2,No
E102177,2018,4,No
E102177,2019,4,No
E102178,2020,3,No
E102178,2021,3,No
E102178,2022,2,No
E102179,2022,4,No
E102179,2023,4,No
E102180,2020,5,Yes
E102180,2021,4,Yes
E102181,2020,3,No
E102182,2023,4,Yes
E102183,2019,5,Yes
E102184,2018,3,No
E102184,2019,4,No
E102185,2022,3,Yes
E102185,2023,3,No
E102185,2024,2,No
E102185,2025,2,No
E102186,2019,3,No
E102187,2018,4,No
E102187,2019,4,No
E102188,2021,5,No
E102188,2022,4,No
E102188,2023,3,No
E102189,2021,5,Yes
E102190,2022,4,Yes
E102190,2023,5,No
E102190,2024,4,No
E102190,2025,4,No
E102191,2019,5,No
E102191,2020,4,No
E102191,2021,5,No
E102192,2020,4,No
E102192,2021,4,No
E102192,2022,3,No
E102192,2023,4,No
E102193,2021,3,No
E102194,2017,5,No
E102194,2018,4,No
E102194,2019,3,No
E102194,2020,2,No
E102195,2020,4,No
E102195,2021,2,No
E102196,2019,3,No
E102196,2020,3,No
E102196,2021,2,No
E102196,2022,4,No
E102197,2021,3,No
E102197,2022,2,No
E102197,2023,4,No
E102197,2024,3,No
E102198,2022,4,No
E102198,2023,5,Yes
E102198,2024,5,No
E102199,2023,4,No
E102199,2024,3,No
E102199,2025,4,No
E102200,2018,3,No
E102201,2020,3,No
E102201,2021,2,No
E102201,2022,3,Yes
E102202,2017,2,No
E102202,2018,3,No
E102203,2017,3,Yes
E102203,2018,4,No
E102203,2019,5,No
E102203,2020,5,Yes
E102204,2018,3,Yes
E102205,2018,3,No
E102205,2019,2,Yes
E102205,2020,4,No
E102206,2019,5,No
E102206,2020,2,No
E102207,2018,2,No
E102207,2019,5,No
E102208,2022,5,No
E102208,2023,3,No
E102208,2024,5,No
E102208,2025,5,No
E102209,2020,3,No
E102210,2021,4,No
E102210,2022,5,No
E102211,2020,3,Yes
E102212,2019,5,No
E102212,2020,5,No
E102213,2020,4,Yes
E102213,2021,2,No
E102214,2017,3,No
E102214,2018,3,No
E102214,2019,4,No
E102214,2020,5,No
E102215,2020,4,No
E102215,2021,3,No
E102215,2022,5,Yes
E102215,2023,4,Yes
E102216,2021,2,No
E102216,2022,4,No
E102216,2023,3,No
E102216,2024,3,No
E102217,2021,4,No
E102218,2019,3,No
E102218,2020,5,No
E102219,2019,4,No
E102219,2020,4,No
E102220,2018,4,No
E102220,2019,5,No
E102221,2020,5,No
E102222,2018,2,No
E102222,2019,4,No
E102223,2017,3,No
E102223,2018,4,Yes
E102224,2021,5,No
E102224,2022,4,No
E102224,2023,5,No
E102224,2024,4,No
E102225,2021,4,Yes
E102226,2021,4,Yes
E102226,2022,4,No
E102226,2023,5,No
E102227,2018,5,No
E102227,2019,3,No
E102227,2020,2,No
E102228,2023,2,No
E102228,2024,5,No
E102228,2025,3,No
E102229,2022,5,No
E102229,2023,4,No
E102230,2017,5,No
E102230,2018,3,No
E102230,2019,4,No
E102231,2022,4,No
E102231,2023,3,No
E102232,2020,4,Yes
E102232,2021,3,No
E102233,2023,5,No
E102233,2024,2,No
E102233,2025,4,No
E102233,2026,2,No
E102234,2020,4,No
E102234,2021,3,Yes
E102234,2022,4,Yes
E102234,2023,4,No
E102235,2019,4,Yes
E102235,2020,2,No
E102235,2021,2,No
E102236,2021,4,Yes
E102237,2019,4,No
E102238,2021,4,No
E102238,2022,5,No
E102238,2023,3,No
E102239,2018,4,Yes
E102239,2019,3,Yes
E102240,2021,3,No
E102240,2022,3,No
E102241,2023,3,Yes
E102241,2024,4,No
E102241,2025,5,No
E102241,2026,4,No
E102242,2022,5,No
E102242,2023,3,No
E102242,2024,4,No
E102242,2025,3,No
E102243,2022,4,No
E102243,2023,4,No
E102244,2022,4,No
E102245,2019,4,No
E102245,2020,3,No
E102245,2021,3,No
E102245,2022,2,No
E102246,2019,3,No
E102246,2020,3,No
E102246,2021,2,No
E102246,2022,3,No
E102247,2018,5,No
E102247,2019,5,No
E102247,2020,2,No
E102248,2019,4,No
E102248,2020,3,No
E102249,2023,3,No
E102249,2024,4,No
E102250,2018,3,No
E102250,2019,2,No
E102251,2017,3,No
E102251,2018,5,Yes
E102251,2019,4,Yes
E102252,2022,4,No
E102253,2021,4,No
E102253,2022,4,No
E102253,2023,4,Yes
E102254,2022,3,No
E102254,2023,4,No
E102255,2021,4,No
E102255,2022,3,No
E102255,2023,2,No
E102255,2024,3,No
E102256,2021,3,No
E102256,2022,4,No
E102257,2022,4,No
E102257,2023,4,Yes
E102258,2018,2,No
E102258,2019,4,No
E102258,2020,4,No
E102258,2021,5,No
E102259,2020,3,No
E102259,2021,4,No
E102260,2022,4,No
E102260,2023,5,No
E102260,2024,4,No
E102261,2022,4,No
E102261,2023,3,No
E102262,2018,2,Yes
E102262,2019,2,No
E102262,2020,4,No
E102262,2021,4,No
E102263,2020,3,No
E102263,2021,3,No
E102263,2022,2,No
E102263,2023,3,No
E102264,2023,4,No
E102264,2024,3,No
E102264,2025,4,Yes
E102265,2019,4,No
E102265,2020,5,No
E102266,2017,2,No
E102266,2018,3,No
E102266,2019,2,No
E102267,2023,3,No
E102267,2024,2,No
E102267,2025,3,No
E102268,2020,3,No
E102268,2021,4,No
E102269,2022,3,No
E102269,2023,4,No
E102270,2018,4,No
E102271,2021,3,No
E102272,2017,2,No
E102272,2018,3,No
E102272,2019,5,No
E102273,2021,5,No
E102273,2022,4,No
E102273,2023,3,No
E102274,2021,2,No
E102274,2022,5,No
E102274,2023,5,No
E102274,2024,3,No
E102275,2021,3,No
E102275,2022,4,No
E102275,2023,3,No
E102276,2017,5,Yes
E102276,2018,4,No
E102276,2019,3,No
E102276,2020,3,No
E102277,2020,2,No
E102277,2021,4,No
E102278,2018,4,No
E102278,2019,2,No
E102278,2020,5,No
E102279,2019,4,No
E102279,2020,4,No
E102279,2021,5,No
E102279,2022,5,No
E102280,2023,2,Yes
E102280,2024,3,No
E102280,2025,4,No
E102280,2026,3,No
E102281,2018,3,No
E102281,2019,4,No
E102282,2018,3,No
E102283,2022,4,No
E102283,2023,4,No
E102283,2024,3,Yes
E102284,2023,5,No
E102284,2024,4,No
E102285,2017,5,Yes
E102286,2022,4,No
E102286,2023,2,No
E102286,2024,3,Yes
E102287,2020,3,Yes
E102288,2020,4,Yes
E102288,2021,4,No
E102288,2022,3,No
E102289,2018,3,No
E102289,2019,4,No
E102289,2020,4,No
E102290,2022,3,No
E102291,2018,4,Yes
E102291,2019,5,No
E102291,2020,4,Yes
E102292,2022,3,No
E102292,2023,3,No
E102293,2021,4,No
E102294,2022,3,No
E102295,2018,3,No
E102296,2020,3,Yes
E102296,2021,3,Yes
E102296,2022,3,No
E102297,2020,3,No
E102297,2021,4,No
E102298,2021,2,Yes
E102298,2022,3,No
E102298,2023,2,No
E102298,2024,5,Yes
E102299,2019,5,No
E102299,2020,5,Yes
E102299,2021,4,Yes
E102300,2020,2,No
E102300,2021,4,No
E102300,2022,3,No
E102300,2023,2,No
E102301,2017,4,No
E102302,2017,4,No
E102302,2018,5,No
E102302,2019,4,No
E102303,2018,4,No
E102303,2019,3,No
E102303,2020,3,No
E102303,2021,4,No
E102304,2020,4,No
E102304,2021,3,No
E102304,2022,3,No
E102305,2019,3,No
E102305,2020,3,No
E102306,2017,3,No
E102306,2018,5,No
E102306,2019,5,No
E102306,2020,4,No
E102307,2021,3,No
E102307,2022,3,Yes
E102307,2023,3,No
E102308,2023,4,No
E102308,2024,2,No
E102309,2020,3,No
E102309,2021,5,No
E102309,2022,2,Yes
E102309,2023,2,No
E102310,2018,3,No
E102310,2019,4,No
E102311,2020,4,No
E102311,2021,2,No
E102311,2022,2,No
E102311,2023,3,No
E102312,2020,2,No
E102312,2021,3,No
E102313,2022,4,Yes
E102313,2023,3,No
E102313,2024,2,No
E102313,2025,3,No
E102314,2019,2,No
E102314,2020,4,No
E102314,2021,4,No
E102315,2020,4,No
E102315,2021,2,No
E102315,2022,5,No
E102316,2021,3,Yes
E102317,2020,3,No
E102317,2021,4,No
E102317,2022,3,No
E102317,2023,2,No
E102318,2019,3,No
E102318,2020,4,No
E102318,2021,3,No
E102318,2022,4,No
E102319,2017,4,No
E102319,2018,4,Yes
E102320,2020,5,No
E102320,2021,3,No
E102321,2017,3,No
E102321,2018,3,No
E102321,2019,4,No
E102321,2020,3,No
E102322,2021,5,No
E102322,2022,4,No
E102322,2023,2,No
E102323,2017,4,No
E102324,2022,4,No
E102324,2023,3,Yes
E102324,2024,2,No
E102324,2025,4,No
E102325,2023,4,No
E102326,2018,3,No
E102326,2019,4,No
E102327,2023,3,No
E102327,2024,2,No
E102328,2017,4,No
E102328,2018,4,Yes
E102329,2018,4,No
E102330,2019,4,No
E102330,2020,3,No
E102331,2018,4,No
E102331,2019,3,No
E102331,2020,2,No
E102331,2021,2,No
E102332,2018,4,Yes
E102332,2019,3,No
E102332,2020,3,No
E102332,2021,3,No
E102333,2019,3,No
E102333,2020,3,No
E102334,2017,3,No
E102335,2023,4,No
E102335,2024,3,No
E102335,2025,4,No
E102336,2018,4,No
E102336,2019,4,No
E102337,2022,3,No
E102337,2023,3,No
E102337,2024,2,No
E102338,2019,3,No
E102339,2018,4,No
E102340,2019,3,No
E102340,2020,3,No
E102341,2023,5,No
E102341,2024,3,No
E102341,2025,3,No
E102342,2022,2,No
E102342,2023,3,No
E102343,2023,5,No
E102344,2023,5,No
E102344,2024,3,No
E102344,2025,3,No
E102345,2023,5,No
E102345,2024,5,No
E102345,2025,3,No
E102346,2018,3,No
E102347,2018,5,No
E102347,2019,2,No
E102347,2020,5,Yes
E102348,2020,2,No
E102349,2021,5,Yes
E102349,2022,3,No
E102349,2023,5,No
E102350,2017,5,No
E102350,2018,3,No
E102350,2019,4,No
E102351,2019,2,No
E102352,2021,2,No
E102352,2022,4,Yes
E102352,2023,3,No
E102352,2024,4,No
E102353,2020,4,No
E102353,2021,4,No
E102354,2019,4,No
E102355,2019,3,No
E102355,2020,4,No
E102356,2020,3,No
E102356,2021,4,No
E102356,2022,3,No
E102357,2020,3,No
E102357,2021,2,No
E102357,2022,4,Yes
E102358,2017,4,No
E102358,2018,2,Yes
E102358,2019,4,No
E102359,2017,4,No
E102359,2018,3,No
E102359,2019,5,Yes
E102359,2020,3,No
E102360,2017,5,Yes
E102360,2018,3,No
E102360,2019,4,No
E102360,2020,5,No
E102361,2017,3,No
E102361,2018,4,No
E102361,2019,5,No
E102362,2018,3,Yes
E102362,2019,4,No
E102362,2020,3,No
E102363,2018,3,No
E102363,2019,3,No
E102363,2020,4,No
E102364,2018,2,No
E102364,2019,3,Yes
E102365,2018,3,No
E102365,2019,3,No
E102366,2019,5,No
E102367,2023,5,No
E102367,2024,3,No
E102368,2018,3,No
E102368,2019,3,Yes
E102369,2017,3,No
E102369,2018,3,No
E102370,2020,5,No
E102370,2021,3,No
E102370,2022,3,No
E102370,2023,3,No
E102371,2023,3,No
E102371,2024,4,No
E102371,2025,4,No
E102371,2026,5,Yes
E102372,2018,4,No
E102373,2018,3,No
E102373,2019,4,No
E102374,2023,4,Yes
E102374,2024,4,No
E102374,2025,5,No
E102375,2022,3,No
E102376,2023,3,No
E102377,2021,3,No
E102377,2022,3,No
E102377,2023,2,No
E102378,2021,2,No
E102378,2022,3,No
E102379,2021,2,No
E102379,2022,4,No
E102379,2023,2,Yes
E102380,2021,4,No
E102380,2022,3,Yes
E102381,2023,3,No
E102381,2024,3,No
E102382,2019,2,Yes
E102382,2020,4,No
E102382,2021,2,No
E102382,2022,3,No
E102383,2023,4,No
E102384,2018,4,No
E102384,2019,5,No
E102385,2021,5,No
E102386,2023,4,No
E102386,2024,3,No
E102386,2025,3,No
E102386,2026,3,No
E102387,2017,3,No
E102387,2018,2,No
E102387,2019,3,No
E102388,2017,3,No
E102389,2022,3,No
E102389,2023,4,Yes
E102390,2022,2,No
E102390,2023,4,No
E102391,2017,3,No
E102391,2018,4,No
E102391,2019,4,No
E102391,2020,2,Yes
E102392,2022,4,No
E102392,2023,3,No
E102392,2024,3,No
E102392,2025,2,No
E102393,2018,4,No
E102394,2017,5,No
E102394,2018,4,No
E102394,2019,4,No
E102394,2020,5,No
E102395,2018,3,No
E102396,2020,3,Yes
E102397,2022,3,No
E102397,2023,3,No
E102397,2024,3,No
E102398,2022,3,No
E102398,2023,4,No
E102399,2019,3,No
E102399,2020,3,No
E102400,2020,3,No
E102400,2021,4,No
E102400,2022,3,No
E102400,2023,4,No
E102401,2018,4,No
E102401,2019,3,No
E102401,2020,4,No
E102402,2019,3,No
E102403,2020,5,No
E102403,2021,5,No
E102403,2022,5,No
E102404,2020,4,No
E102404,2021,4,Yes
E102404,2022,5,No
E102405,2018,3,No
E102405,2019,4,Yes
E102406,2019,3,No
E102406,2020,3,No
E102406,2021,2,Yes
E102407,2017,5,No
E102408,2021,4,Yes
E102408,2022,3,No
E102408,2023,3,No
E102409,2022,4,No
E102410,2023,4,No
E102410,2024,3,Yes
E102410,2025,4,No
E102411,2023,3,No
E102412,2020,3,No
E102412,2021,4,No
E102412,2022,5,No
E102413,2021,4,No
E102413,2022,5,No
E102414,2022,3,No
E102415,2021,4,No
E102415,2022,5,Yes
E102416,2019,4,No
E102417,2018,2,No
E102417,2019,3,No
E102417,2020,5,No
E102417,2021,4,No
E102418,2021,4,No
E102418,2022,2,No
E102418,2023,4,No
E102419,2023,4,No
E102419,2024,4,No
E102419,2025,3,No
E102419,2026,3,No
E102420,2022,2,No
E102420,2023,5,No
E102421,2018,5,No
E102421,2019,5,No
E102422,2023,4,No
E102423,2017,4,No
E102424,2022,4,Yes
E102425,2020,3,No
E102425,2021,3,No
E102426,2019,4,No
E102426,2020,3,No
E102426,2021,3,No
E102426,2022,4,Yes
E102427,2023,4,No
E102427,2024,3,No
E102427,2025,4,No
E102428,2021,3,No
E102428,2022,4,Yes
E102428,2023,5,No
E102429,2017,5,No
E102430,2019,2,No
E102430,2020,4,No
E102430,2021,2,No
E102430,2022,5,No
E102431,2020,3,No
E102431,2021,2,No
E102432,2019,5,No
E102433,2018,2,No
E102433,2019,3,No
E102434,2020,4,No
E102435,2019,5,No
E102436,2017,3,No
E102436,2018,3,No
E102436,2019,3,No
E102436,2020,3,No
E102437,2022,3,No
E102437,2023,2,No
E102437,2024,4,No
E102437,2025,3,No
E102438,2020,2,No
E102438,2021,4,No
E102438,2022,3,No
E102438,2023,4,No
E102439,2022,2,No
E102439,2023,4,No
E102439,2024,4,No
E102439,2025,3,No
E102440,2018,2,No
E102440,2019,4,No
E102440,2020,2,No
E102441,2021,3,No
E102441,2022,4,No
E102442,2021,3,Yes
E102442,2022,3,No
E102442,2023,4,No
E102442,2024,4,No
E102443,2019,4,No
E102443,2020,2,No
E102443,2021,4,No
E102444,2018,4,No
E102445,2020,4,No
E102445,2021,3,No
E102445,2022,4,Yes
E102446,2018,3,No
E102446,2019,5,No
E102446,2020,4,No
E102447,2022,4,Yes
E102447,2023,4,No
E102447,2024,2,No
E102448,2018,2,No
E102449,2017,4,No
E102449,2018,4,No
E102449,2019,5,No
E102450,2023,3,Yes
E102450,2024,4,No
E102451,2021,3,No
E102451,2022,2,No
E102452,2019,3,No
E102452,2020,5,No
E102453,2017,5,No
E102453,2018,4,No
E102453,2019,2,No
E102453,2020,3,No
E102454,2022,5,No
E102454,2023,4,No
E102455,2020,4,No
E102455,2021,4,No
E102456,2021,4,No
E102456,2022,5,No
E102456,2023,4,Yes
E102456,2024,3,No
E102457,2018,3,No
E102458,2020,5,No
E102458,2021,4,Yes
E102458,2022,3,No
E102459,2023,3,No
E102459,2024,4,No
E102459,2025,3,No
E102459,2026,4,Yes
E102460,2023,4,Yes
E102460,2024,3,No
E102460,2025,3,No
E102461,2023,4,No
E102461,2024,2,No
E102461,2025,4,No
E102462,2019,4,Yes
E102462,2020,4,No
E102462,2021,3,No
E102463,2022,5,No
E102463,2023,4,No
E102463,2024,4,No
E102463,2025,4,No
E102464,2020,4,No
E102464,2021,3,No
E102465,2017,3,No
E102465,2018,4,No
E102466,2019,3,No
E102466,2020,5,Yes
E102466,2021,4,No
E102466,2022,3,No
E102467,2022,2,No
E102467,2023,5,No
E102467,2024,3,No
E102467,2025,3,No
E102468,2017,2,No
E102468,2018,4,No
E102468,2019,3,No
E102468,2020,2,No
E102469,2021,2,No
E102469,2022,4,No
E102470,2019,4,No
E102470,2020,4,No
E102471,2019,4,No
E102472,2019,3,No
E102472,2020,4,No
E102472,2021,2,No
E102472,2022,3,No
E102473,2018,3,No
E102473,2019,4,No
E102473,2020,3,No
E102473,2021,4,No
E102474,2023,3,No
E102475,2022,4,No
E102476,2022,4,No
E102476,2023,4,No
E102476,2024,5,No
E102477,2022,3,No
E102478,2023,4,No
E102479,2018,3,No
E102479,2019,3,No
E102480,2018,4,No
E102480,2019,3,No
E102481,2021,5,Yes
E102482,2017,3,No
E102483,2020,5,No
E102483,2021,3,No
E102484,2019,3,No
E102484,2020,4,No
E102484,2021,4,No
E102484,2022,3,No
E102485,2019,4,No
E102485,2020,3,No
E102485,2021,5,No
E102486,2020,3,No
E102486,2021,5,No
E102486,2022,3,Yes
E102487,2021,5,Yes
E102487,2022,3,No
E102487,2023,3,No
E102488,2019,4,No
E102488,2020,5,No
E102489,2018,4,No
E102489,2019,3,No
E102490,2017,3,No
E102490,2018,4,No
E102490,2019,4,No
E102490,2020,4,No
E102491,2022,4,No
E102492,2019,3,Yes
E102492,2020,4,No
E102492,2021,3,No
E102492,2022,3,No
E102493,2019,5,No
E102494,2020,4,No
E102495,2023,2,No
E102495,2024,4,No
E102495,2025,4,Yes
E102495,2026,4,No
E102496,2021,3,No
E102496,2022,3,No
E102496,2023,3,No
E102497,2018,2,No
E102497,2019,4,No
E102498,2017,4,No
E102498,2018,3,No
E102499,2020,2,No
E102499,2021,3,No
E102499,2022,2,No
E102499,2023,2,No
E102500,2020,3,No
E102500,2021,4,Yes
E102500,2022,2,No
E102500,2023,3,No
E102501,2023,3,No
E102502,2023,2,Yes
E102502,2024,3,No
E102503,2017,2,No
E102503,2018,5,No
E102503,2019,3,No
E102504,2018,4,No
E102505,2019,3,No
E102505,2020,3,No
E102505,2021,2,No
E102505,2022,2,No
E102506,2022,3,Yes
E102506,2023,2,No
E102507,2017,5,No
E102507,2018,2,No
E102508,2023,4,No
E102508,2024,3,No
E102509,2022,2,Yes
E102509,2023,4,No
E102509,2024,3,No
E102509,2025,4,No
E102510,2020,4,No
E102510,2021,2,No
E102510,2022,2,Yes
E102511,2020,5,No
E102511,2021,2,No
E102511,2022,4,No
E102511,2023,3,No
E102512,2017,3,Yes
E102512,2018,2,No
E102512,2019,5,No
E102513,2017,4,No
E102513,2018,2,No
E102513,2019,2,No
E102514,2018,4,No
E102514,2019,4,No
E102514,2020,3,No
E102514,2021,3,No
E102515,2018,4,No
E102515,2019,5,No
E102516,2019,5,No
E102517,2022,3,No
E102517,2023,3,No
E102517,2024,3,Yes
E102517,2025,4,No
E102518,2018,4,No
E102518,2019,3,No
E102518,2020,5,No
E102519,2023,5,No
E102519,2024,3,Yes
E102519,2025,4,No
E102519,2026,5,No
E102520,2022,4,No
E102520,2023,5,No
E102520,2024,4,No
E102521,2017,2,No
E102521,2018,3,No
E102522,2017,4,No
E102522,2018,3,Yes
E102522,2019,3,No
E102523,2018,2,No
E102523,2019,3,No
E102523,2020,4,No
E102523,2021,2,No
E102524,2020,3,No
E102524,2021,5,No
E102524,2022,2,No
E102524,2023,2,No
E102525,2019,4,No
E102525,2020,3,No
E102525,2021,4,No
E102526,2023,5,No
E102526,2024,4,No
E102526,2025,4,No
E102527,2021,4,No
E102527,2022,4,No
E102527,2023,5,No
E102527,2024,4,No
E102528,2023,2,No
E102528,2024,4,No
E102528,2025,3,No
E102529,2023,3,No
E102530,2021,4,No
E102530,2022,3,No
E102530,2023,2,No
E102530,2024,4,No
E102531,2023,3,No
E102531,2024,3,No
E102531,2025,4,No
E102531,2026,5,No
E102532,2022,2,No
E102533,2020,4,No
E102533,2021,3,No
E102533,2022,4,No
E102534,2021,3,Yes
E102534,2022,4,No
E102535,2021,3,No
E102536,2019,4,No
E102536,2020,4,No
E102536,2021,3,No
E102537,2020,3,No
E102537,2021,4,No
E102537,2022,4,No
E102537,2023,5,No
E102538,2017,5,No
E102539,2018,5,No
E102539,2019,3,No
E102540,2021,3,No
E102540,2022,4,No
E102540,2023,4,No
E102540,2024,4,No
E102541,2023,4,No
E102541,2024,3,No
E102541,2025,4,No
E102542,2022,5,No
E102542,2023,3,No
E102542,2024,4,No
E102542,2025,4,No
E102543,2023,4,No
E102543,2024,2,No
E102544,2023,2,No
E102545,2022,3,No
E102545,2023,4,Yes
E102546,2022,4,No
E102546,2023,4,No
E102546,2024,5,No
E102547,2017,3,No
E102547,2018,5,No
E102548,2020,2,No
E102549,2021,4,Yes
E102550,2018,3,No
E102550,2019,2,No
E102550,2020,4,Yes
E102550,2021,2,No
E102551,2020,2,No
E102551,2021,4,No
E102551,2022,4,No
E102552,2020,3,No
E102553,2023,3,No
E102553,2024,4,Yes
E102553,2025,4,No
E102554,2018,2,No
E102554,2019,2,No
E102554,2020,5,No
E102555,2019,5,No
E102555,2020,2,No
E102555,2021,3,Yes
E102555,2022,3,No
E102556,2022,4,No
E102556,2023,3,No
E102557,2019,4,No
E102557,2020,5,No
E102557,2021,4,No
E102558,2022,3,No
E102559,2022,4,No
E102559,2023,3,Yes
E102559,2024,3,No
E102560,2020,4,No
E102561,2021,3,No
E102561,2022,3,No
E102561,2023,3,No
E102562,2019,3,No
E102562,2020,4,No
E102562,2021,3,No
E102562,2022,5,No
E102563,2022,4,No
E102563,2023,5,No
E102563,2024,2,No
E102563,2025,3,No
E102564,2020,4,No
E102564,2021,4,No
E102564,2022,3,No
E102565,2018,4,No
E102565,2019,2,No
E102565,2020,4,No
E102566,2023,4,No
E102566,2024,2,No
E102567,2018,4,No
E102567,2019,4,No
E102567,2020,2,Yes
E102567,2021,5,Yes
E102568,2018,3,No
E102568,2019,2,No
E102569,2021,4,No
E102570,2021,5,No
E102570,2022,2,No
E102571,2020,3,No
E102571,2021,4,No
E102571,2022,4,No
E102571,2023,4,No
E102572,2018,3,No
E102572,2019,2,No
E102573,2020,2,No
E102573,2021,3,No
E102573,2022,5,No
E102573,2023,2,Yes
E102574,2018,3,No
E102574,2019,4,No
E102574,2020,3,No
E102575,2021,3,No
E102575,2022,2,Yes
E102575,2023,3,No
E102576,2020,2,No
E102576,2021,3,Yes
E102576,2022,3,No
E102576,2023,2,No
E102577,2019,2,No
E102577,2020,4,No
E102577,2021,4,No
E102577,2022,3,No
E102578,2021,2,No
E102578,2022,3,No
E102578,2023,5,No
E102578,2024,4,No
E102579,2019,3,No
E102579,2020,4,No
E102579,2021,4,No
E102580,2017,3,No
E102580,2018,3,No
E102580,2019,3,No
E102580,2020,4,No
E102581,2020,3,No
E102581,2021,3,No
E102582,2019,2,No
E102583,2017,5,No
E102583,2018,2,No
E102583,2019,4,No
E102583,2020,5,No
E102584,2022,3,No
E102585,2017,4,No
E102585,2018,3,No
E102586,2022,4,No
E102587,2022,4,No
E102587,2023,4,No
E102588,2023,3,Yes
E102589,2022,5,No
E102589,2023,5,No
E102590,2019,3,No
E102590,2020,4,No
E102591,2019,3,No
E102591,2020,4,No
E102591,2021,4,No
E102591,2022,3,No
E102592,2019,3,No
E102592,2020,3,No
E102592,2021,3,No
E102593,2023,4,No
E102593,2024,3,No
E102593,2025,3,No
E102593,2026,3,No
E102594,2017,2,No
E102594,2018,4,No
E102594,2019,3,No
E102595,2022,4,No
E102595,2023,4,No
E102595,2024,3,No
E102596,2017,4,No
E102597,2021,2,No
E102598,2023,4,No
E102599,2023,4,No
E102599,2024,3,No
E102599,2025,3,No
E102599,2026,4,No
E102600,2023,3,No
E102600,2024,4,No
E102600,2025,3,No
E102601,2022,4,No
E102602,2019,4,No
E102602,2020,4,No
E102603,2023,4,No
E102603,2024,3,No
E102603,2025,4,No
E102604,2017,3,No
E102604,2018,3,No
E102605,2022,5,No
E102605,2023,5,No
E102605,2024,3,No
E102605,2025,3,No
E102606,2021,2,No
E102606,2022,4,No
E102607,2023,4,No
E102607,2024,3,No
E102607,2025,4,No
E102607,2026,5,No
E102608,2021,3,No
E102608,2022,3,No
E102609,2019,3,No
E102609,2020,4,No
E102609,2021,4,No
E102609,2022,2,No
E102610,2020,5,Yes
E102610,2021,2,No
E102610,2022,3,No
E102611,2023,3,No
E102612,2020,4,No
E102613,2019,3,No
E102613,2020,5,No
E102613,2021,3,No
E102614,2023,4,Yes
E102614,2024,3,No
E102614,2025,3,No
E102615,2020,2,No
E102616,2023,3,No
E102616,2024,5,No
E102616,2025,5,No
E102617,2019,5,No
E102617,2020,3,No
E102618,2021,4,No
E102618,2022,3,No
E102618,2023,3,No
E102618,2024,5,No
E102619,2022,3,No
E102620,2022,2,No
E102620,2023,5,No
E102621,2021,3,Yes
E102621,2022,3,No
E102621,2023,3,No
E102622,2019,3,No
E102622,2020,3,No
E102622,2021,4,No
E102623,2022,5,No
E102623,2023,5,No
E102623,2024,3,No
E102623,2025,2,No
E102624,2018,2,Yes
E102624,2019,2,No
E102624,2020,3,No
E102625,2017,4,No
E102625,2018,2,No
E102625,2019,2,No
E102626,2023,5,Yes
E102626,2024,3,No
E102626,2025,4,No
E102627,2018,4,No
E102627,2019,5,No
E102628,2021,2,No
E102628,2022,4,No
E102629,2017,4,No
E102629,2018,3,No
E102630,2017,2,No
E102630,2018,3,No
E102630,2019,3,Yes
E102631,2019,3,No
E102632,2020,5,No
E102633,2017,5,No
E102633,2018,2,No
E102633,2019,3,No
E102633,2020,3,No
E102634,2022,3,No
E102635,2022,3,No
E102635,2023,4,No
E102635,2024,4,No
E102636,2018,2,No
E102636,2019,5,No
E102637,2020,3,No
E102638,2022,4,No
E102638,2023,2,No
E102638,2024,2,No
E102639,2019,4,No
E102639,2020,4,No
E102639,2021,5,No
E102639,2022,3,No
E102640,2018,3,No
E102640,2019,3,No
E102641,2023,5,No
E102641,2024,4,No
E102642,2023,5,No
E102642,2024,4,No
E102643,2022,5,No
E102644,2021,4,Yes
E102645,2022,3,No
E102645,2023,2,No
E102645,2024,3,No
E102645,2025,3,No
E102646,2021,3,No
E102646,2022,5,No
E102647,2018,2,Yes
E102648,2021,5,No
E102648,2022,4,No
E102649,2017,5,No
E102649,2018,3,No
E102649,2019,3,No
E102649,2020,5,No
E102650,2018,5,No
E102650,2019,3,No
E102651,2020,2,No
E102651,2021,5,No
E102651,2022,4,No
E102652,2020,4,No
E102652,2021,5,No
E102653,2021,3,No
E102653,2022,2,No
E102654,2017,3,No
E102655,2019,3,No
E102655,2020,4,No
E102655,2021,3,No
E102656,2022,4,No
E102657,2018,4,No
E102657,2019,4,No
E102657,2020,4,No
E102658,2023,4,No
E102658,2024,3,No
E102658,2025,4,No
E102658,2026,4,No
E102659,2019,4,No
E102659,2020,3,No
E102659,2021,4,No
E102660,2020,3,No
E102660,2021,4,No
E102660,2022,2,No
E102660,2023,5,No
E102661,2018,4,No
E102662,2023,5,No
E102662,2024,5,No
E102662,2025,4,No
E102662,2026,3,No
E102663,2022,3,No
E102663,2023,5,No
E102663,2024,2,No
E102664,2018,4,No
E102664,2019,4,No
E102665,2022,2,No
E102665,2023,2,No
E102665,2024,3,No
E102666,2019,2,No
E102667,2022,4,No
E102667,2023,2,No
E102668,2017,3,No
E102668,2018,3,No
E102669,2023,4,No
E102670,2022,4,No
E102670,2023,4,No
E102670,2024,3,No
E102671,2019,3,No
E102671,2020,3,No
E102671,2021,4,Yes
E102672,2019,3,Yes
E102672,2020,2,No
E102672,2021,3,No
E102672,2022,3,No
E102673,2020,4,No
E102673,2021,3,Yes
E102674,2017,2,No
E102674,2018,4,Yes
E102675,2022,3,No
E102675,2023,3,No
E102675,2024,3,No
E102676,2018,4,No
E102676,2019,4,No
E102677,2021,4,No
E102677,2022,4,No
E102677,2023,5,No
E102678,2022,5,No
E102679,2020,2,No
E102679,2021,3,No
E102679,2022,5,No
E102680,2019,2,No
E102680,2020,2,Yes
E102680,2021,3,No
E102680,2022,4,No
E102681,2017,2,No
E102681,2018,2,No
E102682,2020,3,No
E102682,2021,3,Yes
E102682,2022,4,No
E102682,2023,3,No
E102683,2021,3,Yes
E102684,2023,3,No
E102684,2024,5,No
E102684,2025,3,No
E102685,2018,3,No
E102685,2019,4,Yes
E102686,2019,4,No
E102686,2020,3,No
E102686,2021,4,No
E102686,2022,4,No
E102687,2023,5,No
E102688,2018,3,No
E102688,2019,4,No
E102688,2020,5,Yes
E102689,2019,3,No
E102690,2023,4,No
E102691,2020,5,No
E102691,2021,5,No
E102692,2019,5,Yes
E102692,2020,2,No
E102692,2021,5,No
E102692,2022,3,No
E102693,2019,3,No
E102693,2020,3,No
E102694,2023,3,No
E102695,2023,4,No
E102696,2023,3,No
E102697,2017,3,Yes
E102697,2018,2,No
E102698,2019,4,No
E102698,2020,3,No
E102698,2021,4,No
E102699,2017,3,No
E102699,2018,3,No
E102699,2019,4,Yes
E102700,2022,4,No
E102700,2023,4,No
E102700,2024,4,No
E102701,2022,5,No
E102701,2023,3,No
E102702,2022,5,No
E102702,2023,4,No
E102703,2018,4,No
E102703,2019,5,No
E102703,2020,2,No
E102704,2019,3,No
E102704,2020,2,No
E102704,2021,4,No
E102705,2020,3,No
E102706,2018,3,No
E102706,2019,4,No
E102706,2020,4,No
E102707,2018,3,Yes
E102708,2020,4,No
E102708,2021,4,No
E102708,2022,3,No
E102708,2023,2,No
E102709,2017,4,No
E102709,2018,3,No
E102710,2022,3,No
E102710,2023,5,No
E102710,2024,3,Yes
E102710,2025,3,No
E102711,2017,4,No
E102711,2018,4,No
E102711,2019,3,Yes
E102711,2020,4,No
E102712,2017,4,No
E102712,2018,3,No
E102713,2018,3,No
E102714,2023,4,No
E102715,2018,4,No
E102715,2019,3,No
E102715,2020,3,No
E102715,2021,4,No
E102716,2020,3,Yes
E102716,2021,3,No
E102716,2022,4,No
E102717,2017,5,No
E102717,2018,4,No
E102718,2022,3,No
E102718,2023,3,Yes
E102718,2024,3,No
E102719,2020,4,No
E102719,2021,4,No
E102719,2022,5,No
E102719,2023,5,No
E102720,2021,4,No
E102720,2022,3,No
E102721,2018,5,No
E102721,2019,5,No
E102722,2023,3,No
E102723,2018,5,No
E102724,2023,2,No
E102725,2017,3,No
E102725,2018,4,No
E102725,2019,4,No
E102726,2023,3,No
E102726,2024,4,No
E102726,2025,2,Yes
E102726,2026,4,No
E102727,2019,3,No
E102727,2020,3,Yes
E102727,2021,3,No
E102728,2020,3,No
E102729,2021,4,No
E102729,2022,4,No
E102729,2023,2,No
E102729,2024,2,No
E102730,2022,4,No
E102730,2023,3,No
E102731,2022,4,Yes
E102732,2022,2,No
E102733,2018,3,No
E102733,2019,4,No
E102733,2020,5,No
E102734,2021,4,No
E102734,2022,4,No
E102734,2023,4,No
E102734,2024,5,No
E102735,2023,3,No
E102736,2018,2,Yes
E102736,2019,3,Yes
E102736,2020,4,No
E102736,2021,4,Yes
E102737,2018,4,No
E102738,2023,5,No
E102738,2024,4,No
E102738,2025,3,Yes
E102739,2021,3,No
E102739,2022,3,No
E102739,2023,4,No
E102740,2023,5,No
E102741,2018,5,No
E102742,2021,3,No
E102743,2021,5,No
E102743,2022,4,Yes
E102743,2023,3,No
E102743,2024,4,No
E102744,2018,4,No
E102745,2023,5,No
E102745,2024,5,No
E102745,2025,3,No
E102745,2026,4,Yes
E102746,2021,4,No
E102746,2022,4,No
E102747,2023,3,No
E102748,2023,3,No
E102748,2024,4,No
E102748,2025,3,No
E102748,2026,5,No
E102749,2020,3,No
E102749,2021,4,Yes
E102749,2022,4,No
E102749,2023,4,No
E102750,2023,2,No
E102750,2024,4,No
E102750,2025,5,No
E102751,2017,3,No
E102751,2018,5,No
E102751,2019,3,No
E102751,2020,4,No
E102752,2023,5,No
E102752,2024,4,No
E102752,2025,4,Yes
E102753,2019,3,No
E102753,2020,3,No
E102753,2021,4,No
E102754,2020,3,No
E102754,2021,4,No
E102754,2022,2,No
E102755,2018,5,No
E102755,2019,2,No
E102756,2022,4,No
E102756,2023,5,No
E102756,2024,2,No
E102756,2025,3,No
E102757,2017,3,No
E102758,2019,3,No
E102758,2020,3,No
E102758,2021,4,No
E102758,2022,2,No
E102759,2020,4,No
E102760,2022,3,No
E102760,2023,4,No
E102760,2024,4,No
E102760,2025,3,No
E102761,2019,3,No
E102762,2020,4,No
E102762,2021,3,No
E102763,2022,2,No
E102763,2023,3,No
E102763,2024,3,No
E102763,2025,3,No
E102764,2023,3,No
E102764,2024,4,No
E102764,2025,2,Yes
E102765,2018,4,No
E102765,2019,3,No
E102765,2020,3,No
E102766,2019,2,No
E102766,2020,4,No
E102767,2017,2,No
E102767,2018,2,No
E102768,2019,2,No
E102769,2018,5,No
E102769,2019,3,No
E102769,2020,4,No
E102770,2021,3,Yes
E102771,2018,3,No
E102771,2019,5,No
E102771,2020,3,No
E102771,2021,5,Yes
E102772,2023,3,No
E102772,2024,3,No
E102772,2025,2,No
E102772,2026,4,Yes
E102773,2023,4,No
E102773,2024,4,No
E102773,2025,5,No
E102774,2019,5,No
E102775,2023,4,No
E102775,2024,4,No
E102775,2025,5,No
E102776,2017,3,No
E102777,2022,4,No
E102778,2020,5,No
E102778,2021,5,No
E102779,2023,3,No
E102779,2024,3,No
E102780,2023,5,No
E102780,2024,5,Yes
E102780,2025,2,No
E102780,2026,4,No
E102781,2023,5,No
E102782,2021,3,No
E102783,2020,4,No
E102784,2017,3,No
E102784,2018,3,No
E102784,2019,3,No
E102785,2023,5,Yes
E102786,2017,3,No
E102786,2018,4,No
E102786,2019,2,No
E102786,2020,4,Yes
E102787,2019,5,No
E102787,2020,3,No
E102788,2018,2,No
E102788,2019,3,No
E102788,2020,5,No
E102788,2021,5,Yes
E102789,2017,3,No
E102789,2018,4,No
E102789,2019,2,No
E102789,2020,3,No
E102790,2023,4,No
E102790,2024,2,No
E102790,2025,4,No
E102791,2020,2,No
E102791,2021,4,No
E102792,2022,4,No
E102792,2023,5,No
E102793,2017,4,No
E102793,2018,4,No
E102793,2019,5,No
E102793,2020,3,No
E102794,2018,4,No
E102794,2019,2,No
E102794,2020,4,Yes
E102794,2021,4,No
E102795,2023,3,No
E102795,2024,5,No
E102795,2025,2,No
E102796,2019,4,No
E102796,2020,3,Yes
E102797,2017,2,No
E102797,2018,4,No
E102797,2019,5,No
E102798,2017,3,No
E102798,2018,4,No
E102798,2019,4,No
E102799,2023,4,No
E102799,2024,3,No
E102799,2025,5,No
E102800,2018,3,No
E102800,2019,2,No
E102800,2020,3,No
E102800,2021,3,No
E102801,2020,4,No
E102801,2021,5,No
E102802,2023,2,No
E102802,2024,3,No
E102802,2025,3,No
E102802,2026,4,No
E102803,2022,3,No
E102803,2023,4,No
E102803,2024,3,No
E102803,2025,3,No
E102804,2017,4,No
E102804,2018,2,No
E102805,2018,3,No
E102805,2019,3,No
E102805,2020,2,No
E102805,2021,3,No
E102806,2017,4,No
E102806,2018,3,No
E102806,2019,4,No
E102807,2022,3,No
E102807,2023,2,No
E102808,2017,4,No
E102808,2018,5,No
E102808,2019,5,No
E102809,2023,3,No
E102809,2024,2,No
E102809,2025,3,No
E102810,2021,5,Yes
E102810,2022,5,No
E102811,2018,5,No
E102811,2019,2,No
E102811,2020,5,No
E102811,2021,3,Yes
E102812,2018,5,No
E102812,2019,2,No
E102812,2020,5,No
E102813,2021,3,Yes
E102813,2022,4,No
E102813,2023,4,No
E102814,2018,3,No
E102815,2018,2,No
E102816,2022,5,No
E102816,2023,3,No
E102816,2024,4,No
E102817,2022,3,No
E102817,2023,4,No
E102818,2019,3,No
E102818,2020,5,No
E102818,2021,3,No
E102818,2022,3,No
E102819,2021,3,No
E102819,2022,3,No
E102820,2018,4,No
E102821,2021,3,No
E102821,2022,4,No
E102821,2023,2,No
E102821,2024,3,No
E102822,2022,3,No
E102822,2023,5,Yes
E102822,2024,4,No
E102822,2025,3,No
E102823,2022,3,No
E102823,2023,4,No
E102824,2017,3,No
E102824,2018,4,No
E102824,2019,5,Yes
E102825,2022,4,No
E102825,2023,3,Yes
E102826,2020,5,No
E102827,2022,3,No
E102827,2023,2,No
E102827,2024,4,No
E102828,2022,4,Yes
E102828,2023,2,No
E102829,2021,4,No
E102829,2022,4,No
E102829,2023,3,No
E102830,2021,4,No
E102831,2022,3,No
E102831,2023,3,No
E102831,2024,3,Yes
E102831,2025,3,No
E102832,2018,4,Yes
E102832,2019,5,No
E102833,2021,4,No
E102833,2022,3,Yes
E102833,2023,5,No
E102834,2023,4,No
E102834,2024,3,No
E102834,2025,3,No
E102834,2026,2,No
E102835,2018,3,No
E102836,2021,4,No
E102836,2022,2,No
E102837,2021,2,Yes
E102837,2022,5,No
E102838,2019,5,No
E102838,2020,5,No
E102839,2017,4,Yes
E102839,2018,3,No
E102839,2019,4,Yes
E102839,2020,2,Yes
E102840,2020,3,No
E102841,2019,3,No
E102841,2020,2,No
E102842,2019,3,Yes
E102842,2020,3,No
E102842,2021,3,No
E102842,2022,3,No
E102843,2020,4,No
E102843,2021,4,No
E102844,2022,4,No
E102844,2023,2,No
E102845,2017,5,Yes
E102846,2021,4,No
E102846,2022,3,No
E102846,2023,3,Yes
E102846,2024,3,No
E102847,2017,3,No
E102847,2018,3,No
E102848,2019,3,No
E102848,2020,2,No
E102848,2021,3,No
E102849,2020,4,Yes
E102849,2021,4,No
E102849,2022,2,No
E102850,2022,4,No
E102851,2023,4,No
E102852,2021,4,No
E102852,2022,3,Yes
E102852,2023,3,No
E102853,2023,4,No
E102853,2024,4,No
E102853,2025,4,No
E102854,2020,5,No
E102854,2021,4,No
E102854,2022,4,No
E102854,2023,3,No
E102855,2022,4,No
E102855,2023,4,Yes
E102856,2023,4,No
E102856,2024,2,No
E102856,2025,5,No
E102856,2026,4,No
E102857,2021,4,No
E102857,2022,5,No
E102858,2020,3,No
E102858,2021,5,No
E102858,2022,4,No
E102858,2023,4,No
E102859,2022,4,No
E102860,2020,3,Yes
E102861,2020,4,No
E102862,2021,4,No
E102863,2021,4,No
E102863,2022,4,Yes
E102864,2018,4,No
E102864,2019,3,No
E102865,2023,3,Yes
E102865,2024,3,No
E102866,2017,2,No
E102866,2018,3,Yes
E102867,2018,3,No
E102867,2019,3,Yes
E102867,2020,3,No
E102868,2023,5,No
E102868,2024,3,Yes
E102868,2025,3,Yes
E102868,2026,5,No
E102869,2021,3,Yes
E102869,2022,3,Yes
E102869,2023,4,No
E102870,2020,5,No
E102870,2021,3,Yes
E102871,2023,2,No
E102871,2024,5,No
E102871,2025,5,No
E102871,2026,4,No
E102872,2017,4,No
E102872,2018,4,No
E102872,2019,4,No
E102872,2020,4,No
E102873,2021,3,No
E102873,2022,3,No
E102873,2023,4,No
E102873,2024,4,Yes
E102874,2019,3,No
E102874,2020,2,No
E102875,2021,5,No
E102875,2022,3,No
E102875,2023,5,Yes
E102876,2019,4,Yes
E102876,2020,3,No
E102876,2021,3,No
E102876,2022,3,No
E102877,2021,3,No
E102877,2022,2,No
E102878,2018,3,No
E102878,2019,3,No
E102879,2021,2,No
E102880,2017,2,No
E102880,2018,3,No
E102880,2019,4,Yes
E102880,2020,3,Yes
E102881,2022,5,No
E102881,2023,3,No
E102881,2024,2,No
E102881,2025,2,No
E102882,2020,4,No
E102882,2021,4,No
E102882,2022,2,No
E102883,2019,5,No
E102884,2022,4,No
E102884,2023,3,No
E102884,2024,3,No
E102885,2018,5,No
E102885,2019,4,No
E102886,2018,5,No
E102886,2019,4,Yes
E102887,2020,5,No
E102888,2023,4,No
E102888,2024,5,No
E102889,2019,2,No
E102889,2020,3,No
E102890,2019,5,No
E102891,2017,4,No
E102892,2023,3,No
E102892,2024,4,No
E102892,2025,3,No
E102893,2020,4,No
E102894,2019,5,No
E102894,2020,2,No
E102895,2023,4,No
E102895,2024,2,No
E102896,2017,3,Yes
E102896,2018,2,No
E102896,2019,4,No
E102897,2023,3,No
E102897,2024,2,No
E102898,2023,3,No
E102898,2024,4,No
E102898,2025,3,Yes
E102898,2026,4,Yes
E102899,2020,3,No
E102900,2022,4,No
E102900,2023,4,No
E102900,2024,2,No
E102901,2023,4,No
E102901,2024,4,No
E102901,2025,3,No
E102902,2023,3,No
E102902,2024,2,No
E102902,2025,4,No
E102903,2018,4,No
E102903,2019,3,No
E102904,2023,5,No
E102904,2024,5,No
E102904,2025,3,No
E102905,2023,4,No
E102905,2024,4,No
E102905,2025,5,No
E102906,2023,4,No
E102906,2024,3,No
E102907,2023,4,No
E102907,2024,4,No
E102907,2025,3,No
E102908,2017,3,No
E102908,2018,4,Yes
E102908,2019,4,Yes
E102908,2020,4,No
E102909,2021,4,No
E102909,2022,3,No
E102910,2021,4,No
E102910,2022,3,Yes
E102910,2023,3,No
E102911,2019,3,No
E102911,2020,5,Yes
E102911,2021,5,No
E102911,2022,3,No
E102912,2017,4,No
E102912,2018,4,No
E102912,2019,2,No
E102913,2022,5,No
E102913,2023,4,No
E102913,2024,3,No
E102914,2021,3,No
E102915,2022,4,No
E102915,2023,2,No
E102916,2020,3,No
E102916,2021,4,No
E102917,2021,3,No
E102918,2022,3,No
E102918,2023,5,No
E102918,2024,4,Yes
E102919,2022,3,No
E102919,2023,3,No
E102920,2020,4,No
E102920,2021,3,No
E102920,2022,3,No
E102921,2017,5,No
E102922,2023,2,No
E102922,2024,3,No
E102922,2025,3,No
E102923,2017,4,No
E102923,2018,3,No
E102923,2019,2,No
E102924,2018,4,Yes
E102925,2023,5,No
E102925,2024,2,Yes
E102925,2025,5,No
E102925,2026,4,No
E102926,2022,4,No
E102926,2023,3,No
E102927,2019,3,Yes
E102928,2019,4,Yes
E102928,2020,5,No
E102928,2021,3,No
E102929,2017,5,No
E102929,2018,3,No
E102929,2019,3,No
E102929,2020,4,No
E102930,2017,3,Yes
E102930,2018,5,No
E102930,2019,4,No
E102931,2019,3,No
E102931,2020,4,No
E102932,2017,3,No
E102933,2018,2,No
E102933,2019,3,No
E102934,2023,4,No
E102934,2024,3,Yes
E102935,2019,4,No
E102935,2020,5,No
E102935,2021,3,No
E102936,2021,4,Yes
E102936,2022,4,No
E102936,2023,5,No
E102937,2019,5,No
E102938,2021,4,No
E102938,2022,3,No
E102938,2023,4,No
E102938,2024,4,No
E102939,2017,2,No
E102940,2019,2,Yes
E102940,2020,3,No
E102940,2021,4,No
E102941,2023,5,No
E102942,2023,3,No
E102942,2024,4,No
E102942,2025,5,No
E102942,2026,4,No
E102943,2023,3,No
E102944,2020,4,No
E102944,2021,2,No
E102944,2022,3,Yes
E102944,2023,4,No
E102945,2020,5,No
E102945,2021,4,Yes
E102946,2023,3,No
E102946,2024,4,No
E102946,2025,3,No
E102946,2026,2,No
E102947,2018,4,No
E102947,2019,4,No
E102947,2020,3,No
E102948,2023,3,No
E102948,2024,3,No
E102948,2025,4,No
E102948,2026,2,No
E102949,2022,4,Yes
E102949,2023,5,Yes
E102950,2022,4,No
E102950,2023,4,No
E102950,2024,3,No
E102951,2021,3,Yes
E102951,2022,5,No
E102952,2022,3,No
E102952,2023,4,No
E102952,2024,4,No
E102952,2025,4,No
E102953,2023,4,Yes
E102953,2024,4,No
E102953,2025,3,No
E102953,2026,2,No
E102954,2023,2,No
E102954,2024,4,No
E102954,2025,4,No
E102955,2022,3,No
E102955,2023,3,No
E102955,2024,2,No
E102955,2025,2,No
E102956,2021,3,No
E102956,2022,2,No
E102957,2020,3,Yes
E102957,2021,3,No
E102958,2021,4,No
E102958,2022,4,No
E102958,2023,4,No
E102958,2024,3,No
E102959,2018,4,Yes
E102960,2023,4,No
E102960,2024,3,No
E102961,2023,3,No
E102961,2024,4,No
E102961,2025,2,Yes
E102962,2021,3,Yes
E102962,2022,4,No
E102962,2023,4,Yes
E102963,2020,4,No
E102963,2021,4,No
E102963,2022,4,No
E102964,2018,3,No
E102964,2019,5,No
E102964,2020,3,No
E102964,2021,3,No
E102965,2017,4,No
E102965,2018,2,No
E102965,2019,2,No
E102966,2018,4,No
E102966,2019,2,No
E102967,2018,3,Yes
E102968,2019,3,No
E102968,2020,2,No
E102969,2023,2,No
E102969,2024,4,No
E102969,2025,2,No
E102969,2026,3,No
E102970,2018,5,Yes
E102970,2019,3,Yes
E102970,2020,4,Yes
E102971,2018,2,No
E102971,2019,4,No
E102972,2019,2,No
E102972,2020,4,No
E102972,2021,3,Yes
E102973,2018,2,Yes
E102974,2023,4,No
E102975,2018,4,No
E102975,2019,5,No
E102976,2022,4,No
E102976,2023,4,Yes
E102977,2020,2,No
E102978,2023,5,No
E102978,2024,3,No
E102978,2025,2,No
E102979,2020,2,No
E102979,2021,4,No
E102980,2020,4,No
E102980,2021,4,No
E102981,2021,3,No
E102981,2022,4,No
E102981,2023,3,No
E102982,2023,3,No
E102982,2024,3,No
E102982,2025,2,No
E102983,2021,4,No
E102984,2020,4,No
E102984,2021,3,No
E102985,2017,5,No
E102985,2018,5,No
E102985,2019,4,No
E102985,2020,3,No
E102986,2019,4,No
E102986,2020,4,No
E102986,2021,4,Yes
E102987,2017,4,No
E102987,2018,3,No
E102988,2018,4,Yes
E102989,2021,3,No
E102989,2022,5,No
E102989,2023,2,No
E102990,2017,3,Yes
E102990,2018,2,No
E102990,2019,3,No
E102990,2020,3,No
E102991,2023,4,No
E102991,2024,4,No
E102991,2025,4,No
E102992,2020,3,No
E102992,2021,3,No
E102992,2022,3,No
E102992,2023,3,No
E102993,2022,4,No
E102993,2023,3,No
E102993,2024,3,No
E102993,2025,3,No
E102994,2017,5,No
E102995,2021,4,No
E102995,2022,3,No
E102995,2023,4,No
E102995,2024,5,No
E102996,2023,5,No
E102996,2024,3,No
E102996,2025,4,No
E102997,2018,3,No
E102997,2019,3,No
E102997,2020,4,No
E102998,2021,4,Yes
E102998,2022,5,Yes
E102998,2023,5,Yes
E102999,2020,2,No
E102999,2021,3,No
E102999,2022,3,No
E102999,2023,4,No
E103000,2022,2,No
E103000,2023,2,No
E103000,2024,4,No
E103000,2025,5,No
E103001,2021,2,No
E103001,2022,4,No
E103002,2020,2,No
E103002,2021,3,No
E103002,2022,4,No
E103002,2023,2,No
E103003,2017,3,No
E103003,2018,4,No
E103003,2019,3,No
E103003,2020,2,No
E103004,2021,2,No
E103004,2022,5,No
E103005,2018,4,No
E103005,2019,3,No
E103006,2019,3,No
E103007,2021,3,No
E103007,2022,3,No
E103007,2023,4,No
E103007,2024,4,No
E103008,2023,3,No
E103008,2024,3,No
E103008,2025,3,No
E103008,2026,3,No
E103009,2017,3,No
E103009,2018,5,No
E103009,2019,3,No
E103009,2020,5,No
E103010,2023,4,No
E103011,2020,4,No
E103012,2022,2,No
E103012,2023,4,No
E103012,2024,5,No
E103012,2025,3,No
E103013,2018,4,No
E103014,2018,3,No
E103015,2018,4,Yes
E103015,2019,4,No
E103015,2020,3,No
E103015,2021,2,No
E103016,2018,3,No
E103016,2019,3,No
E103016,2020,3,No
E103016,2021,5,No
E103017,2022,2,No
E103017,2023,3,No
E103017,2024,2,No
E103017,2025,2,No
E103018,2017,4,No
E103018,2018,4,No
E103018,2019,4,No
E103018,2020,4,Yes
E103019,2020,5,No
E103019,2021,3,No
E103019,2022,4,Yes
E103020,2019,4,No
E103020,2020,3,No
E103020,2021,5,Yes
E103021,2022,2,No
E103021,2023,3,No
E103022,2017,4,No
E103022,2018,3,No
E103022,2019,4,No
E103023,2017,2,No
E103024,2019,3,No
E103024,2020,4,No
E103024,2021,3,No
E103025,2021,4,No
E103025,2022,3,No
E103026,2018,4,No
E103026,2019,3,Yes
E103026,2020,5,No
E103027,2021,4,No
E103028,2023,3,No
E103028,2024,4,No
E103028,2025,5,No
E103029,2022,5,No
E103029,2023,4,No
E103030,2017,3,No
E103030,2018,5,No
E103030,2019,5,Yes
E103030,2020,3,No
E103031,2018,4,No
E103031,2019,3,No
E103031,2020,3,Yes
E103032,2023,2,No
E103033,2022,3,Yes
E103033,2023,2,No
E103033,2024,2,No
E103033,2025,3,Yes
E103034,2018,5,No
E103035,2017,4,No
E103035,2018,4,No
E103036,2018,3,No
E103036,2019,3,No
E103036,2020,4,No
E103037,2022,2,No
E103038,2023,2,No
E103038,2024,5,No
E103038,2025,4,No
E103039,2019,4,No
E103039,2020,2,No
E103039,2021,4,No
E103039,2022,2,No
E103040,2019,4,No
E103040,2020,3,No
E103041,2021,3,Yes
E103041,2022,4,No
E103041,2023,2,No
E103042,2019,5,No
E103042,2020,3,No
E103043,2017,5,No
E103043,2018,5,No
E103043,2019,5,No
E103043,2020,3,No
E103044,2021,3,No
E103044,2022,3,No
E103044,2023,2,No
E103044,2024,3,No
E103045,2022,2,No
E103045,2023,2,Yes
E103046,2020,3,No
E103046,2021,5,No
E103046,2022,3,No
E103046,2023,3,No
E103047,2019,3,No
E103048,2023,3,No
E103049,2022,3,No
E103050,2020,2,Yes
E103050,2021,5,No
E103050,2022,4,No
E103051,2020,3,Yes
E103052,2018,4,No
E103052,2019,5,No
E103052,2020,3,No
E103052,2021,2,No
E103053,2018,4,No
E103054,2017,5,No
E103054,2018,3,No
E103054,2019,5,No
E103055,2022,4,No
E103055,2023,5,No
E103055,2024,3,No
E103056,2018,3,No
E103056,2019,2,No
E103056,2020,3,No
E103056,2021,4,No
E103057,2017,5,No
E103058,2022,5,No
E103058,2023,4,No
E103058,2024,3,No
E103059,2019,4,No
E103059,2020,3,No
E103060,2017,2,No
E103061,2017,3,No
E103062,2019,3,Yes
E103063,2023,4,No
E103063,2024,3,No
E103063,2025,4,Yes
E103064,2018,5,No
E103064,2019,5,No
E103064,2020,3,No
E103065,2022,4,No
E103066,2022,4,No
E103066,2023,5,No
E103066,2024,3,No
E103067,2019,2,No
E103068,2020,3,No
E103068,2021,4,Yes
E103068,2022,4,No
E103069,2019,3,No
E103069,2020,4,Yes
E103069,2021,2,No
E103070,2019,3,No
E103070,2020,4,No
E103071,2023,2,No
E103071,2024,3,No
E103071,2025,5,Yes
E103072,2023,4,No
E103072,2024,3,No
E103073,2019,4,No
E103073,2020,4,No
E103073,2021,5,No
E103074,2018,3,Yes
E103074,2019,3,No
E103074,2020,3,No
E103074,2021,3,No
E103075,2018,3,No
E103075,2019,4,No
E103075,2020,2,No
E103075,2021,3,Yes
E103076,2019,2,No
E103077,2023,4,No
E103077,2024,3,No
E103078,2022,5,No
E103078,2023,2,No
E103079,2021,3,No
E103080,2020,3,No
E103081,2019,4,No
E103081,2020,3,No
E103082,2021,5,No
E103082,2022,3,No
E103082,2023,3,No
E103082,2024,4,No
E103083,2023,3,No
E103083,2024,3,Yes
E103083,2025,4,No
E103083,2026,3,Yes
E103084,2022,4,No
E103084,2023,3,Yes
E103084,2024,3,No
E103085,2019,3,No
E103085,2020,3,No
E103086,2020,3,No
E103086,2021,5,No
E103086,2022,2,No
E103086,2023,2,No
E103087,2023,4,No
E103088,2022,4,No
E103088,2023,3,No
E103088,2024,3,No
E103089,2020,3,No
E103090,2017,4,No
E103090,2018,5,No
E103090,2019,2,No
E103091,2020,5,No
E103092,2019,3,No
E103092,2020,3,No
E103092,2021,5,No
E103092,2022,3,No
E103093,2018,5,No
E103094,2022,4,No
E103095,2019,3,No
E103095,2020,4,No
E103095,2021,2,No
E103096,2020,3,No
E103096,2021,5,Yes
E103097,2020,2,No
E103098,2019,4,Yes
E103098,2020,4,No
E103099,2020,3,No
E103099,2021,4,No
E103100,2021,3,No
E103100,2022,3,No
E103100,2023,4,No
E103101,2018,3,No
E103101,2019,3,No
E103101,2020,2,No
E103102,2019,5,No
E103102,2020,5,No
E103102,2021,4,No
E103103,2017,3,No
E103103,2018,2,No
E103103,2019,3,No
E103103,2020,5,No
E103104,2019,2,Yes
E103104,2020,5,No
E103105,2023,5,Yes
E103106,2018,2,No
E103106,2019,4,No
E103106,2020,3,No
E103107,2020,4,No
E103107,2021,4,No
E103108,2018,4,Yes
E103108,2019,2,No
E103108,2020,4,No
E103109,2019,3,No
E103109,2020,4,Yes
E103109,2021,3,No
E103110,2019,5,No
E103110,2020,2,No
E103110,2021,4,No
E103110,2022,4,No
E103111,2017,2,Yes
E103112,2017,3,No
E103113,2017,4,No
E103114,2023,3,No
E103114,2024,2,No
E103114,2025,5,No
E103115,2018,4,No
E103115,2019,4,No
E103115,2020,4,No
E103116,2023,3,No
E103116,2024,4,No
E103117,2020,4,No
E103117,2021,3,No
E103117,2022,5,No
E103118,2017,5,No
E103118,2018,2,No
E103118,2019,3,No
E103118,2020,4,No
E103119,2020,4,No
E103119,2021,5,No
E103119,2022,4,No
E103120,2020,4,No
E103120,2021,3,No
E103121,2018,5,No
E103121,2019,2,Yes
E103121,2020,3,No
E103121,2021,3,No
E103122,2022,5,No
E103122,2023,3,No
E103122,2024,4,No
E103122,2025,3,No
E103123,2020,2,No
E103124,2020,3,No
E103124,2021,4,No
E103124,2022,3,No
E103125,2022,3,Yes
E103125,2023,4,No
E103125,2024,5,No
E103126,2017,3,No
E103127,2019,3,No
E103127,2020,2,No
E103127,2021,3,No
E103128,2021,4,No
E103128,2022,3,No
E103128,2023,4,No
E103128,2024,3,No
E103129,2021,4,No
E103129,2022,2,No
E103129,2023,4,No
E103129,2024,3,No
E103130,2021,4,No
E103130,2022,4,No
E103130,2023,5,No
E103130,2024,4,No
E103131,2019,5,No
E103131,2020,2,No
E103131,2021,4,No
E103132,2020,4,No
E103132,2021,4,No
E103133,2022,5,No
E103133,2023,4,No
E103133,2024,3,No
E103133,2025,4,No
E103134,2021,5,No
E103134,2022,2,No
E103135,2021,3,No
E103135,2022,5,No
E103135,2023,3,No
E103136,2020,4,No
E103136,2021,4,No
E103137,2020,3,No
E103137,2021,4,No
E103137,2022,3,No
E103137,2023,4,No
E103138,2022,3,No
E103138,2023,5,No
E103138,2024,5,No
E103139,2018,5,No
E103139,2019,4,No
E103140,2019,4,No
E103140,2020,4,No
E103140,2021,4,No
E103140,2022,4,No
E103141,2018,3,No
E103142,2017,3,No
E103142,2018,3,No
E103142,2019,5,No
E103142,2020,3,Yes
E103143,2019,4,No
E103144,2022,3,No
E103144,2023,3,No
E103144,2024,3,No
E103144,2025,4,No
E103145,2017,4,No
E103145,2018,5,No
E103145,2019,3,Yes
E103146,2018,2,Yes
E103146,2019,4,No
E103146,2020,4,No
E103147,2018,5,No
E103148,2021,4,No
E103148,2022,2,No
E103149,2023,2,No
E103150,2022,4,No
E103150,2023,5,No
E103150,2024,4,No
E103150,2025,5,No
E103151,2023,5,No
E103151,2024,4,No
E103151,2025,2,No
E103152,2023,4,No
E103152,2024,4,Yes
E103153,2021,3,No
E103153,2022,4,No
E103153,2023,3,No
E103153,2024,3,No
E103154,2017,3,Yes
E103154,2018,3,No
E103154,2019,3,No
E103154,2020,3,No
E103155,2018,4,No
E103156,2019,4,No
E103156,2020,4,No
E103156,2021,2,No
E103157,2021,4,No
E103157,2022,2,No
E103157,2023,4,No
E103158,2019,3,No
E103159,2022,5,No
E103160,2018,4,No
E103160,2019,4,No
E103160,2020,3,No
E103160,2021,4,No
E103161,2017,4,No
E103161,2018,4,No
E103162,2019,3,No
E103163,2023,3,Yes
E103163,2024,2,No
E103163,2025,3,No
E103164,2018,3,Yes
E103165,2018,3,Yes
E103165,2019,3,No
E103165,2020,2,No
E103166,2021,3,No
E103166,2022,4,No
E103167,2023,5,Yes
E103168,2022,2,No
E103169,2017,4,No
E103169,2018,5,No
E103170,2021,3,No
E103170,2022,3,No
E103170,2023,3,No
E103171,2021,4,No
E103171,2022,4,No
E103172,2019,5,No
E103172,2020,3,No
E103172,2021,3,No
E103172,2022,2,No
E103173,2017,3,No
E103173,2018,3,No
E103173,2019,5,No
E103174,2017,5,No
E103174,2018,4,No
E103174,2019,4,No
E103174,2020,3,Yes
E103175,2018,4,No
E103176,2021,3,No
E103176,2022,5,No
E103176,2023,5,No
E103177,2022,4,No
E103178,2019,5,No
E103179,2023,3,No
E103179,2024,3,No
E103180,2023,2,No
E103180,2024,2,No
E103181,2023,4,No
E103181,2024,2,Yes
E103181,2025,3,No
E103182,2021,5,No
E103182,2022,5,No
E103182,2023,2,No
E103183,2020,4,No
E103183,2021,4,No
E103183,2022,4,No
E103184,2018,4,No
E103184,2019,3,No
E103184,2020,4,No
E103185,2018,3,No
E103185,2019,3,No
E103185,2020,3,No
E103185,2021,3,No
E103186,2020,3,Yes
E103186,2021,4,Yes
E103186,2022,3,Yes
E103187,2023,3,Yes
E103187,2024,4,Yes
E103187,2025,4,No
E103187,2026,4,No
E103188,2022,3,No
E103188,2023,3,No
E103189,2021,2,No
E103189,2022,4,No
E103190,2023,2,No
E103190,2024,5,No
E103191,2020,4,Yes
E103191,2021,3,No
E103192,2022,4,No
E103192,2023,4,No
E103192,2024,3,Yes
E103193,2021,4,No
E103194,2017,2,No
E103194,2018,3,No
E103194,2019,2,No
E103195,2022,3,No
E103195,2023,5,No
E103196,2018,2,No
E103196,2019,4,No
E103196,2020,4,No
E103196,2021,3,No
E103197,2020,4,No
E103197,2021,3,No
E103197,2022,3,No
E103198,2022,4,No
E103199,2022,3,Yes
E103199,2023,3,No
